country_code,shop_id,date,item_id,category_slug,category_id
id,1112776376,2026-07-01,28360413045,255242476,255242476
id,1112776376,2026-07-01,27160418327,255242476,255242476
id,1112776376,2026-07-01,26962670206,255242476,255242476
id,1112776376,2026-07-01,25190984781,256367789,256367789
id,1112776376,2026-07-01,26474964451,256367789,256367789
id,1112776376,2026-07-01,25190984781,257288356,257288356
id,1112776376,2026-07-01,43050856028,257288356,257288356
id,1112776376,2026-07-01,25666019829,257288356,257288356
id,1112776376,2026-07-01,28581613018,257288356,257288356
id,1112776376,2026-07-01,44150857512,257288356,257288356
id,1112776376,2026-07-01,44250862508,257288356,257288356
id,1112776376,2026-07-01,26474964451,257288356,257288356
id,1112776376,2026-07-01,25815711335,257288356,257288356
id,1112776376,2026-07-01,43350865998,258324793,258324793
id,1112776376,2026-07-01,43050856028,258324793,258324793
id,1112776376,2026-07-01,44150857512,258324793,258324793
id,1112776376,2026-07-01,44250862508,258324793,258324793
id,1112776376,2026-07-01,29986754514,258324793,258324793
id,1112776376,2026-07-02,28360413045,255242476,255242476
id,1112776376,2026-07-02,27160418327,255242476,255242476
id,1112776376,2026-07-02,26962670206,255242476,255242476
id,1112776376,2026-07-02,25190984781,256367789,256367789
id,1112776376,2026-07-02,26474964451,256367789,256367789
id,1112776376,2026-07-02,25190984781,257288356,257288356
id,1112776376,2026-07-02,43050856028,257288356,257288356
id,1112776376,2026-07-02,25666019829,257288356,257288356
id,1112776376,2026-07-02,28581613018,257288356,257288356
id,1112776376,2026-07-02,44150857512,257288356,257288356
id,1112776376,2026-07-02,44250862508,257288356,257288356
id,1112776376,2026-07-02,26474964451,257288356,257288356
id,1112776376,2026-07-02,25815711335,257288356,257288356
id,1112776376,2026-07-02,43350865998,258324793,258324793
id,1112776376,2026-07-02,43050856028,258324793,258324793
id,1112776376,2026-07-02,44150857512,258324793,258324793
id,1112776376,2026-07-02,44250862508,258324793,258324793
id,1112776376,2026-07-02,29986754514,258324793,258324793
id,1112776376,2026-07-03,27160418327,255242476,255242476
id,1112776376,2026-07-03,26962670206,255242476,255242476
id,1112776376,2026-07-03,28360413045,255242476,255242476
id,1112776376,2026-07-03,25190984781,256367789,256367789
id,1112776376,2026-07-03,26474964451,256367789,256367789
id,1112776376,2026-07-03,44150857512,257288356,257288356
id,1112776376,2026-07-03,43050856028,257288356,257288356
id,1112776376,2026-07-03,28581613018,257288356,257288356
id,1112776376,2026-07-03,25666019829,257288356,257288356
id,1112776376,2026-07-03,25190984781,257288356,257288356
id,1112776376,2026-07-03,44250862508,257288356,257288356
id,1112776376,2026-07-03,26474964451,257288356,257288356
id,1112776376,2026-07-03,25815711335,257288356,257288356
id,1112776376,2026-07-03,43350865998,258324793,258324793
id,1112776376,2026-07-03,44150857512,258324793,258324793
id,1112776376,2026-07-03,43050856028,258324793,258324793
id,1112776376,2026-07-03,44250862508,258324793,258324793
id,1112776376,2026-07-03,29986754514,258324793,258324793
id,1368540320,2026-07-01,26120309394,258485608,258485608
id,1368540320,2026-07-01,40067607690,258485608,258485608
id,1368540320,2026-07-01,28036053313,258485608,258485608
id,1368540320,2026-07-01,56600897084,258485608,258485608
id,1368540320,2026-07-01,28934445366,258485608,258485608
id,1368540320,2026-07-01,40004031932,258485608,258485608
id,1368540320,2026-07-01,50900285453,258485608,258485608
id,1368540320,2026-07-01,41753991537,258485608,258485608
id,1368540320,2026-07-01,40216847326,258530308,258530308
id,1368540320,2026-07-01,26120309394,258530308,258530308
id,1368540320,2026-07-01,42377307283,258530308,258530308
id,1368540320,2026-07-01,40216847326,262779957,262779957
id,1368540320,2026-07-01,42303994190,262779957,262779957
id,1368540320,2026-07-01,28036053313,262779957,262779957
id,1368540320,2026-07-01,42418380245,262779957,262779957
id,1368540320,2026-07-01,42717296336,262779957,262779957
id,1368540320,2026-07-01,43868361582,262779957,262779957
id,1368540320,2026-07-01,43818386633,262779957,262779957
id,1368540320,2026-07-01,40004031932,262779957,262779957
id,1368540320,2026-07-01,29141311734,262779957,262779957
id,1368540320,2026-07-01,40067607690,262780771,262780771
id,1368540320,2026-07-01,43317569775,262780771,262780771
id,1368540320,2026-07-01,40004031932,262780771,262780771
id,1368540320,2026-07-01,49162304776,262780771,262780771
id,1368540320,2026-07-01,51712602574,262780771,262780771
id,1368540320,2026-07-01,46662299954,262780771,262780771
id,1368540320,2026-07-01,40381755746,262780771,262780771
id,1368540320,2026-07-01,41753991537,262780771,262780771
id,1368540320,2026-07-01,40118761850,262780833,262780833
id,1368540320,2026-07-01,50903219820,262780833,262780833
id,1368540320,2026-07-01,56600897084,262780833,262780833
id,1368540320,2026-07-01,28934445366,262780833,262780833
id,1368540320,2026-07-01,54952247520,262781097,262781097
id,1368540320,2026-07-01,56600897084,262781097,262781097
id,1368540320,2026-07-01,28934445366,262781097,262781097
id,1368540320,2026-07-01,50900285453,262781097,262781097
id,1368540320,2026-07-01,57161987975,262782016,262782016
id,1368540320,2026-07-01,51162804412,262782016,262782016
id,1368540320,2026-07-01,54412798940,262782016,262782016
id,1368540320,2026-07-01,49162304776,262782016,262782016
id,1368540320,2026-07-01,51712602574,262782016,262782016
id,1368540320,2026-07-01,46662299954,262782016,262782016
id,1368540320,2026-07-01,40381755746,262782016,262782016
id,1368540320,2026-07-01,50900285453,266725540,266725540
id,1368540320,2026-07-01,43131681384,266725540,266725540
id,1368540320,2026-07-01,56810310860,266725540,266725540
id,1368540320,2026-07-02,26120309394,258485608,258485608
id,1368540320,2026-07-02,40067607690,258485608,258485608
id,1368540320,2026-07-02,28036053313,258485608,258485608
id,1368540320,2026-07-02,56600897084,258485608,258485608
id,1368540320,2026-07-02,28934445366,258485608,258485608
id,1368540320,2026-07-02,40004031932,258485608,258485608
id,1368540320,2026-07-02,50900285453,258485608,258485608
id,1368540320,2026-07-02,41753991537,258485608,258485608
id,1368540320,2026-07-02,40216847326,258530308,258530308
id,1368540320,2026-07-02,26120309394,258530308,258530308
id,1368540320,2026-07-02,42377307283,258530308,258530308
id,1368540320,2026-07-02,40216847326,262779957,262779957
id,1368540320,2026-07-02,42303994190,262779957,262779957
id,1368540320,2026-07-02,28036053313,262779957,262779957
id,1368540320,2026-07-02,42418380245,262779957,262779957
id,1368540320,2026-07-02,42717296336,262779957,262779957
id,1368540320,2026-07-02,43868361582,262779957,262779957
id,1368540320,2026-07-02,43818386633,262779957,262779957
id,1368540320,2026-07-02,40004031932,262779957,262779957
id,1368540320,2026-07-02,29141311734,262779957,262779957
id,1368540320,2026-07-02,40067607690,262780771,262780771
id,1368540320,2026-07-02,43317569775,262780771,262780771
id,1368540320,2026-07-02,40004031932,262780771,262780771
id,1368540320,2026-07-02,49162304776,262780771,262780771
id,1368540320,2026-07-02,51712602574,262780771,262780771
id,1368540320,2026-07-02,46662299954,262780771,262780771
id,1368540320,2026-07-02,40381755746,262780771,262780771
id,1368540320,2026-07-02,41753991537,262780771,262780771
id,1368540320,2026-07-02,40118761850,262780833,262780833
id,1368540320,2026-07-02,50903219820,262780833,262780833
id,1368540320,2026-07-02,56600897084,262780833,262780833
id,1368540320,2026-07-02,28934445366,262780833,262780833
id,1368540320,2026-07-02,54952247520,262781097,262781097
id,1368540320,2026-07-02,56600897084,262781097,262781097
id,1368540320,2026-07-02,28934445366,262781097,262781097
id,1368540320,2026-07-02,50900285453,262781097,262781097
id,1368540320,2026-07-02,57161987975,262782016,262782016
id,1368540320,2026-07-02,51162804412,262782016,262782016
id,1368540320,2026-07-02,54412798940,262782016,262782016
id,1368540320,2026-07-02,49162304776,262782016,262782016
id,1368540320,2026-07-02,51712602574,262782016,262782016
id,1368540320,2026-07-02,46662299954,262782016,262782016
id,1368540320,2026-07-02,40381755746,262782016,262782016
id,1368540320,2026-07-02,50900285453,266725540,266725540
id,1368540320,2026-07-02,43131681384,266725540,266725540
id,1368540320,2026-07-02,56810310860,266725540,266725540
id,1368540320,2026-07-03,28934445366,258485608,258485608
id,1368540320,2026-07-03,26120309394,258485608,258485608
id,1368540320,2026-07-03,40067607690,258485608,258485608
id,1368540320,2026-07-03,28036053313,258485608,258485608
id,1368540320,2026-07-03,56600897084,258485608,258485608
id,1368540320,2026-07-03,50900285453,258485608,258485608
id,1368540320,2026-07-03,40004031932,258485608,258485608
id,1368540320,2026-07-03,41753991537,258485608,258485608
id,1368540320,2026-07-03,26120309394,258530308,258530308
id,1368540320,2026-07-03,42377307283,258530308,258530308
id,1368540320,2026-07-03,40216847326,258530308,258530308
id,1368540320,2026-07-03,42418380245,262779957,262779957
id,1368540320,2026-07-03,42303994190,262779957,262779957
id,1368540320,2026-07-03,28036053313,262779957,262779957
id,1368540320,2026-07-03,42717296336,262779957,262779957
id,1368540320,2026-07-03,43818386633,262779957,262779957
id,1368540320,2026-07-03,40216847326,262779957,262779957
id,1368540320,2026-07-03,40004031932,262779957,262779957
id,1368540320,2026-07-03,29141311734,262779957,262779957
id,1368540320,2026-07-03,43868361582,262779957,262779957
id,1368540320,2026-07-03,40067607690,262780771,262780771
id,1368540320,2026-07-03,43317569775,262780771,262780771
id,1368540320,2026-07-03,51712602574,262780771,262780771
id,1368540320,2026-07-03,46662299954,262780771,262780771
id,1368540320,2026-07-03,40004031932,262780771,262780771
id,1368540320,2026-07-03,41753991537,262780771,262780771
id,1368540320,2026-07-03,40381755746,262780771,262780771
id,1368540320,2026-07-03,49162304776,262780771,262780771
id,1368540320,2026-07-03,40118761850,262780833,262780833
id,1368540320,2026-07-03,28934445366,262780833,262780833
id,1368540320,2026-07-03,56600897084,262780833,262780833
id,1368540320,2026-07-03,50903219820,262780833,262780833
id,1368540320,2026-07-03,28934445366,262781097,262781097
id,1368540320,2026-07-03,54952247520,262781097,262781097
id,1368540320,2026-07-03,56600897084,262781097,262781097
id,1368540320,2026-07-03,50900285453,262781097,262781097
id,1368540320,2026-07-03,57161987975,262782016,262782016
id,1368540320,2026-07-03,54412798940,262782016,262782016
id,1368540320,2026-07-03,51162804412,262782016,262782016
id,1368540320,2026-07-03,51712602574,262782016,262782016
id,1368540320,2026-07-03,46662299954,262782016,262782016
id,1368540320,2026-07-03,40381755746,262782016,262782016
id,1368540320,2026-07-03,49162304776,262782016,262782016
id,1368540320,2026-07-03,56810310860,266725540,266725540
id,1368540320,2026-07-03,50900285453,266725540,266725540
id,1368540320,2026-07-03,43131681384,266725540,266725540
id,1379527329,2026-07-01,28767473302,256769110,256769110
id,1379527329,2026-07-01,51752816901,256769111,256769111
id,1379527329,2026-07-01,55852808572,256769111,256769111
id,1379527329,2026-07-01,56752813162,256769111,256769111
id,1379527329,2026-07-01,48051897514,256769111,256769111
id,1379527329,2026-07-01,51602803213,256769111,256769111
id,1379527329,2026-07-01,51302813419,256769111,256769111
id,1379527329,2026-07-01,24987588378,256769111,256769111
id,1379527329,2026-07-01,28720143774,256769111,256769111
id,1379527329,2026-07-01,29365482743,256769113,256769113
id,1379527329,2026-07-01,27365465554,256769114,256769114
id,1379527329,2026-07-01,49163119181,256769114,256769114
id,1379527329,2026-07-02,28767473302,256769110,256769110
id,1379527329,2026-07-02,51752816901,256769111,256769111
id,1379527329,2026-07-02,55852808572,256769111,256769111
id,1379527329,2026-07-02,56752813162,256769111,256769111
id,1379527329,2026-07-02,51602803213,256769111,256769111
id,1379527329,2026-07-02,48051897514,256769111,256769111
id,1379527329,2026-07-02,51302813419,256769111,256769111
id,1379527329,2026-07-02,24987588378,256769111,256769111
id,1379527329,2026-07-02,28720143774,256769111,256769111
id,1379527329,2026-07-02,29365482743,256769113,256769113
id,1379527329,2026-07-02,27365465554,256769114,256769114
id,1379527329,2026-07-02,49163119181,256769114,256769114
id,1379527329,2026-07-03,28767473302,256769110,256769110
id,1379527329,2026-07-03,44863265062,256769110,256769110
id,1379527329,2026-07-03,51602803213,256769111,256769111
id,1379527329,2026-07-03,51752816901,256769111,256769111
id,1379527329,2026-07-03,48051897514,256769111,256769111
id,1379527329,2026-07-03,24987588378,256769111,256769111
id,1379527329,2026-07-03,28720143774,256769111,256769111
id,1379527329,2026-07-03,55852808572,256769111,256769111
id,1379527329,2026-07-03,56752813162,256769111,256769111
id,1379527329,2026-07-03,51302813419,256769111,256769111
id,1379527329,2026-07-03,29365482743,256769113,256769113
id,1379527329,2026-07-03,49163119181,256769114,256769114
id,1379527329,2026-07-03,27365465554,256769114,256769114
id,187405886,2026-07-01,26356380661,106309332,106309332
id,187405886,2026-07-01,28058861346,106309332,106309332
id,187405886,2026-07-01,23818940306,106309332,106309332
id,187405886,2026-07-01,27114992184,106309332,106309332
id,187405886,2026-07-01,26956380580,106309332,106309332
id,187405886,2026-07-01,28058861346,129790326,129790326
id,187405886,2026-07-01,23818940306,129790326,129790326
id,187405886,2026-07-01,26558855879,129790326,129790326
id,187405886,2026-07-02,26356380661,106309332,106309332
id,187405886,2026-07-02,28058861346,106309332,106309332
id,187405886,2026-07-02,23818940306,106309332,106309332
id,187405886,2026-07-02,27114992184,106309332,106309332
id,187405886,2026-07-02,26956380580,106309332,106309332
id,187405886,2026-07-02,28058861346,129790326,129790326
id,187405886,2026-07-02,23818940306,129790326,129790326
id,187405886,2026-07-02,26558855879,129790326,129790326
id,187405886,2026-07-03,27114992184,106309332,106309332
id,187405886,2026-07-03,26356380661,106309332,106309332
id,187405886,2026-07-03,28058861346,106309332,106309332
id,187405886,2026-07-03,23818940306,106309332,106309332
id,187405886,2026-07-03,26956380580,106309332,106309332
id,187405886,2026-07-03,28058861346,129790326,129790326
id,187405886,2026-07-03,23818940306,129790326,129790326
id,187405886,2026-07-03,26558855879,129790326,129790326
id,200048291,2026-07-01,28935499288,246753101,246753101
id,200048291,2026-07-01,23818896819,246753329,246753329
id,200048291,2026-07-01,19624870891,246753329,246753329
id,200048291,2026-07-01,22524564316,246753329,246753329
id,200048291,2026-07-01,14489950263,246753329,246753329
id,200048291,2026-07-01,18873489157,246753329,246753329
id,200048291,2026-07-01,23124817429,246753329,246753329
id,200048291,2026-07-01,21524866550,246753329,246753329
id,200048291,2026-07-01,20324876969,246753329,246753329
id,200048291,2026-07-01,24391909325,246753392,246753392
id,200048291,2026-07-01,24852213455,246753392,246753392
id,200048291,2026-07-01,25792854551,246753392,246753392
id,200048291,2026-07-01,12173928596,246753422,246753422
id,200048291,2026-07-01,19831965366,246753422,246753422
id,200048291,2026-07-01,18720054806,246753422,246753422
id,200048291,2026-07-01,23628781470,246753422,246753422
id,200048291,2026-07-01,18094530150,249753876,249753876
id,200048291,2026-07-01,24391909325,249753876,249753876
id,200048291,2026-07-01,22658820157,249753876,249753876
id,200048291,2026-07-01,12173928596,37805375,37805375
id,200048291,2026-07-01,18094530150,37805375,37805375
id,200048291,2026-07-01,24391909325,37805375,37805375
id,200048291,2026-07-01,23818896819,37805375,37805375
id,200048291,2026-07-01,18720054806,37805375,37805375
id,200048291,2026-07-01,28935499288,37805375,37805375
id,200048291,2026-07-01,20324876969,37805375,37805375
id,200048291,2026-07-02,28935499288,246753101,246753101
id,200048291,2026-07-02,19624870891,246753329,246753329
id,200048291,2026-07-02,23818896819,246753329,246753329
id,200048291,2026-07-02,22524564316,246753329,246753329
id,200048291,2026-07-02,14489950263,246753329,246753329
id,200048291,2026-07-02,18873489157,246753329,246753329
id,200048291,2026-07-02,23124817429,246753329,246753329
id,200048291,2026-07-02,20324876969,246753329,246753329
id,200048291,2026-07-02,21524866550,246753329,246753329
id,200048291,2026-07-02,24391909325,246753392,246753392
id,200048291,2026-07-02,24852213455,246753392,246753392
id,200048291,2026-07-02,25792854551,246753392,246753392
id,200048291,2026-07-02,12173928596,246753422,246753422
id,200048291,2026-07-02,19831965366,246753422,246753422
id,200048291,2026-07-02,18720054806,246753422,246753422
id,200048291,2026-07-02,23628781470,246753422,246753422
id,200048291,2026-07-02,18094530150,249753876,249753876
id,200048291,2026-07-02,24391909325,249753876,249753876
id,200048291,2026-07-02,22658820157,249753876,249753876
id,200048291,2026-07-02,12173928596,37805375,37805375
id,200048291,2026-07-02,18094530150,37805375,37805375
id,200048291,2026-07-02,24391909325,37805375,37805375
id,200048291,2026-07-02,23818896819,37805375,37805375
id,200048291,2026-07-02,18720054806,37805375,37805375
id,200048291,2026-07-02,28935499288,37805375,37805375
id,200048291,2026-07-02,20324876969,37805375,37805375
id,200048291,2026-07-03,28935499288,246753101,246753101
id,200048291,2026-07-03,19624870891,246753329,246753329
id,200048291,2026-07-03,23818896819,246753329,246753329
id,200048291,2026-07-03,18873489157,246753329,246753329
id,200048291,2026-07-03,14489950263,246753329,246753329
id,200048291,2026-07-03,22524564316,246753329,246753329
id,200048291,2026-07-03,23124817429,246753329,246753329
id,200048291,2026-07-03,20324876969,246753329,246753329
id,200048291,2026-07-03,21524866550,246753329,246753329
id,200048291,2026-07-03,24391909325,246753392,246753392
id,200048291,2026-07-03,25792854551,246753392,246753392
id,200048291,2026-07-03,12173928596,246753422,246753422
id,200048291,2026-07-03,19831965366,246753422,246753422
id,200048291,2026-07-03,23628781470,246753422,246753422
id,200048291,2026-07-03,18720054806,246753422,246753422
id,200048291,2026-07-03,18094530150,249753876,249753876
id,200048291,2026-07-03,24391909325,249753876,249753876
id,200048291,2026-07-03,22658820157,249753876,249753876
id,200048291,2026-07-03,12173928596,37805375,37805375
id,200048291,2026-07-03,28935499288,37805375,37805375
id,200048291,2026-07-03,18094530150,37805375,37805375
id,200048291,2026-07-03,23818896819,37805375,37805375
id,200048291,2026-07-03,24391909325,37805375,37805375
id,200048291,2026-07-03,18720054806,37805375,37805375
id,200048291,2026-07-03,20324876969,37805375,37805375
id,430940247,2026-07-01,25128378434,248170705,248170705
id,430940247,2026-07-01,13891549078,257288159,257288159
id,430940247,2026-07-01,16467668419,257288159,257288159
id,430940247,2026-07-01,26162758938,257288159,257288159
id,430940247,2026-07-01,21986477611,257288198,257288198
id,430940247,2026-07-01,26211988855,257288198,257288198
id,430940247,2026-07-01,26107772535,257288198,257288198
id,430940247,2026-07-01,28207762425,257288198,257288198
id,430940247,2026-07-01,26152539358,257288198,257288198
id,430940247,2026-07-01,19386535971,257288198,257288198
id,430940247,2026-07-01,28319706906,257288198,257288198
id,430940247,2026-07-01,25550661955,257288198,257288198
id,430940247,2026-07-01,26123018764,257288198,257288198
id,430940247,2026-07-01,26757768295,257288198,257288198
id,430940247,2026-07-01,19391572774,257288224,257288224
id,430940247,2026-07-01,24780819359,257288224,257288224
id,430940247,2026-07-01,29219666255,257288224,257288224
id,430940247,2026-07-01,23648595718,257516849,257516849
id,430940247,2026-07-01,17898155276,257516849,257516849
id,430940247,2026-07-01,23148596857,257516849,257516849
id,430940247,2026-07-01,43057123550,259141296,259141296
id,430940247,2026-07-01,43907127297,259141296,259141296
id,430940247,2026-07-01,40107130350,259141296,259141296
id,430940247,2026-07-02,25128378434,248170705,248170705
id,430940247,2026-07-02,16467668419,257288159,257288159
id,430940247,2026-07-02,13891549078,257288159,257288159
id,430940247,2026-07-02,26162758938,257288159,257288159
id,430940247,2026-07-02,21986477611,257288198,257288198
id,430940247,2026-07-02,28207762425,257288198,257288198
id,430940247,2026-07-02,26107772535,257288198,257288198
id,430940247,2026-07-02,26152539358,257288198,257288198
id,430940247,2026-07-02,19386535971,257288198,257288198
id,430940247,2026-07-02,28319706906,257288198,257288198
id,430940247,2026-07-02,25550661955,257288198,257288198
id,430940247,2026-07-02,26123018764,257288198,257288198
id,430940247,2026-07-02,26757768295,257288198,257288198
id,430940247,2026-07-02,26211988855,257288198,257288198
id,430940247,2026-07-02,19391572774,257288224,257288224
id,430940247,2026-07-02,24780819359,257288224,257288224
id,430940247,2026-07-02,29219666255,257288224,257288224
id,430940247,2026-07-02,17898155276,257516849,257516849
id,430940247,2026-07-02,23648595718,257516849,257516849
id,430940247,2026-07-02,23148596857,257516849,257516849
id,430940247,2026-07-02,43057123550,259141296,259141296
id,430940247,2026-07-02,43907127297,259141296,259141296
id,430940247,2026-07-02,40107130350,259141296,259141296
id,430940247,2026-07-03,25128378434,248170705,248170705
id,430940247,2026-07-03,13891549078,257288159,257288159
id,430940247,2026-07-03,16467668419,257288159,257288159
id,430940247,2026-07-03,26162758938,257288159,257288159
id,430940247,2026-07-03,26152539358,257288198,257288198
id,430940247,2026-07-03,21986477611,257288198,257288198
id,430940247,2026-07-03,19386535971,257288198,257288198
id,430940247,2026-07-03,28319706906,257288198,257288198
id,430940247,2026-07-03,25550661955,257288198,257288198
id,430940247,2026-07-03,28207762425,257288198,257288198
id,430940247,2026-07-03,26107772535,257288198,257288198
id,430940247,2026-07-03,26757768295,257288198,257288198
id,430940247,2026-07-03,26211988855,257288198,257288198
id,430940247,2026-07-03,26123018764,257288198,257288198
id,430940247,2026-07-03,19391572774,257288224,257288224
id,430940247,2026-07-03,29219666255,257288224,257288224
id,430940247,2026-07-03,24780819359,257288224,257288224
id,430940247,2026-07-03,23648595718,257516849,257516849
id,430940247,2026-07-03,17898155276,257516849,257516849
id,430940247,2026-07-03,23148596857,257516849,257516849
id,430940247,2026-07-03,43907127297,259141296,259141296
id,430940247,2026-07-03,40107130350,259141296,259141296
id,430940247,2026-07-03,43057123550,259141296,259141296
id,697604885,2026-07-01,57353336093,11043151,11043151
id,697604885,2026-07-01,50953327306,11043151,11043151
id,697604885,2026-07-01,48153608930,11043151,11043151
id,697604885,2026-07-02,57353336093,11043151,11043151
id,697604885,2026-07-02,50953327306,11043151,11043151
id,697604885,2026-07-02,48153608930,11043151,11043151
id,697604885,2026-07-03,57353336093,11043151,11043151
id,697604885,2026-07-03,48153608930,11043151,11043151
id,697604885,2026-07-03,50953327306,11043151,11043151
id,779266191,2026-07-01,29264374480,245872197,245872197
id,779266191,2026-07-01,27527246851,245872197,245872197
id,779266191,2026-07-01,27416811310,245872197,245872197
id,779266191,2026-07-01,21195685165,245872197,245872197
id,779266191,2026-07-01,25389323175,245872197,245872197
id,779266191,2026-07-01,21795721649,245872197,245872197
id,779266191,2026-07-01,27866702818,245872197,245872197
id,779266191,2026-07-01,29014387643,245872197,245872197
id,779266191,2026-07-01,19223481092,245872197,245872197
id,779266191,2026-07-01,26127246027,245872197,245872197
id,779266191,2026-07-01,23587779086,245872197,245872197
id,779266191,2026-07-01,18088299860,245872197,245872197
id,779266191,2026-07-01,27115384896,245872197,245872197
id,779266191,2026-07-01,29116134787,245872197,245872197
id,779266191,2026-07-01,22577522022,260133890,260133890
id,779266191,2026-07-01,24720372333,260133890,260133890
id,779266191,2026-07-01,22076680299,260133890,260133890
id,779266191,2026-07-01,29424110638,260133890,260133890
id,779266191,2026-07-01,40455576600,260133890,260133890
id,779266191,2026-07-01,22451188653,260133890,260133890
id,779266191,2026-07-01,29620337535,260133890,260133890
id,779266191,2026-07-01,18192931091,260133890,260133890
id,779266191,2026-07-01,22686419036,260133890,260133890
id,779266191,2026-07-01,24251133314,260133890,260133890
id,779266191,2026-07-01,25001036876,260133890,260133890
id,779266191,2026-07-01,23341118444,260133890,260133890
id,779266191,2026-07-01,27416811310,260134019,260134019
id,779266191,2026-07-01,19223481092,260134019,260134019
id,779266191,2026-07-01,18088299860,260134019,260134019
id,779266191,2026-07-01,27115384896,260134019,260134019
id,779266191,2026-07-01,22577522022,260134071,260134071
id,779266191,2026-07-01,18192931091,260134071,260134071
id,779266191,2026-07-01,24251133314,260134071,260134071
id,779266191,2026-07-01,25001036876,260134071,260134071
id,779266191,2026-07-01,23341118444,260134071,260134071
id,779266191,2026-07-01,29264374480,260134144,260134144
id,779266191,2026-07-01,27527246851,260134144,260134144
id,779266191,2026-07-01,27416811310,260134144,260134144
id,779266191,2026-07-01,21195685165,260134144,260134144
id,779266191,2026-07-01,19223481092,260134144,260134144
id,779266191,2026-07-01,26127246027,260134144,260134144
id,779266191,2026-07-01,22451188653,260134144,260134144
id,779266191,2026-07-01,23587779086,260134144,260134144
id,779266191,2026-07-01,18088299860,260134144,260134144
id,779266191,2026-07-01,22577522022,260134616,260134616
id,779266191,2026-07-01,22076680299,260134616,260134616
id,779266191,2026-07-01,22451188653,260134616,260134616
id,779266191,2026-07-01,29620337535,260134616,260134616
id,779266191,2026-07-01,22686419036,260134616,260134616
id,779266191,2026-07-01,24251133314,260134616,260134616
id,779266191,2026-07-01,25001036876,260134616,260134616
id,779266191,2026-07-01,27527246851,260134642,260134642
id,779266191,2026-07-01,26127246027,260134642,260134642
id,779266191,2026-07-01,23587779086,260134642,260134642
id,779266191,2026-07-01,18088299860,260134642,260134642
id,779266191,2026-07-01,29264374480,262924137,262924137
id,779266191,2026-07-01,27527246851,262924137,262924137
id,779266191,2026-07-01,27416811310,262924137,262924137
id,779266191,2026-07-01,21195685165,262924137,262924137
id,779266191,2026-07-01,25389323175,262924137,262924137
id,779266191,2026-07-01,21795721649,262924137,262924137
id,779266191,2026-07-01,25397748026,262924137,262924137
id,779266191,2026-07-01,29014387643,262924137,262924137
id,779266191,2026-07-01,43824983854,262924137,262924137
id,779266191,2026-07-01,19223481092,262924137,262924137
id,779266191,2026-07-01,26127246027,262924137,262924137
id,779266191,2026-07-01,23587779086,262924137,262924137
id,779266191,2026-07-01,18088299860,262924137,262924137
id,779266191,2026-07-01,27115384896,262924137,262924137
id,779266191,2026-07-01,49802217586,264914127,264914127
id,779266191,2026-07-01,44802217849,264914127,264914127
id,779266191,2026-07-01,58152183963,264914127,264914127
id,779266191,2026-07-01,24720372333,265934881,265934881
id,779266191,2026-07-01,27866702818,265934881,265934881
id,779266191,2026-07-01,29424110638,265934881,265934881
id,779266191,2026-07-01,40455576600,265934881,265934881
id,779266191,2026-07-01,18192931091,265934881,265934881
id,779266191,2026-07-01,29116134787,265934881,265934881
id,779266191,2026-07-01,23341118444,265934881,265934881
id,779266191,2026-07-01,48105035999,266741284,266741284
id,779266191,2026-07-01,43928185146,266741284,266741284
id,779266191,2026-07-01,43878200654,266741284,266741284
id,779266191,2026-07-01,47506875118,268471877,268471877
id,779266191,2026-07-01,48855022633,268471877,268471877
id,779266191,2026-07-02,29264374480,245872197,245872197
id,779266191,2026-07-02,27527246851,245872197,245872197
id,779266191,2026-07-02,27416811310,245872197,245872197
id,779266191,2026-07-02,21195685165,245872197,245872197
id,779266191,2026-07-02,25389323175,245872197,245872197
id,779266191,2026-07-02,21795721649,245872197,245872197
id,779266191,2026-07-02,27866702818,245872197,245872197
id,779266191,2026-07-02,29014387643,245872197,245872197
id,779266191,2026-07-02,19223481092,245872197,245872197
id,779266191,2026-07-02,26127246027,245872197,245872197
id,779266191,2026-07-02,23587779086,245872197,245872197
id,779266191,2026-07-02,18088299860,245872197,245872197
id,779266191,2026-07-02,27115384896,245872197,245872197
id,779266191,2026-07-02,29116134787,245872197,245872197
id,779266191,2026-07-02,22577522022,260133890,260133890
id,779266191,2026-07-02,24720372333,260133890,260133890
id,779266191,2026-07-02,22076680299,260133890,260133890
id,779266191,2026-07-02,29424110638,260133890,260133890
id,779266191,2026-07-02,40455576600,260133890,260133890
id,779266191,2026-07-02,22451188653,260133890,260133890
id,779266191,2026-07-02,29620337535,260133890,260133890
id,779266191,2026-07-02,18192931091,260133890,260133890
id,779266191,2026-07-02,22686419036,260133890,260133890
id,779266191,2026-07-02,24251133314,260133890,260133890
id,779266191,2026-07-02,25001036876,260133890,260133890
id,779266191,2026-07-02,23341118444,260133890,260133890
id,779266191,2026-07-02,27416811310,260134019,260134019
id,779266191,2026-07-02,19223481092,260134019,260134019
id,779266191,2026-07-02,18088299860,260134019,260134019
id,779266191,2026-07-02,27115384896,260134019,260134019
id,779266191,2026-07-02,22577522022,260134071,260134071
id,779266191,2026-07-02,18192931091,260134071,260134071
id,779266191,2026-07-02,24251133314,260134071,260134071
id,779266191,2026-07-02,25001036876,260134071,260134071
id,779266191,2026-07-02,23341118444,260134071,260134071
id,779266191,2026-07-02,29264374480,260134144,260134144
id,779266191,2026-07-02,27527246851,260134144,260134144
id,779266191,2026-07-02,27416811310,260134144,260134144
id,779266191,2026-07-02,21195685165,260134144,260134144
id,779266191,2026-07-02,19223481092,260134144,260134144
id,779266191,2026-07-02,26127246027,260134144,260134144
id,779266191,2026-07-02,22451188653,260134144,260134144
id,779266191,2026-07-02,23587779086,260134144,260134144
id,779266191,2026-07-02,18088299860,260134144,260134144
id,779266191,2026-07-02,22577522022,260134616,260134616
id,779266191,2026-07-02,22076680299,260134616,260134616
id,779266191,2026-07-02,22451188653,260134616,260134616
id,779266191,2026-07-02,29620337535,260134616,260134616
id,779266191,2026-07-02,22686419036,260134616,260134616
id,779266191,2026-07-02,24251133314,260134616,260134616
id,779266191,2026-07-02,25001036876,260134616,260134616
id,779266191,2026-07-02,27527246851,260134642,260134642
id,779266191,2026-07-02,26127246027,260134642,260134642
id,779266191,2026-07-02,23587779086,260134642,260134642
id,779266191,2026-07-02,18088299860,260134642,260134642
id,779266191,2026-07-02,29264374480,262924137,262924137
id,779266191,2026-07-02,27527246851,262924137,262924137
id,779266191,2026-07-02,27416811310,262924137,262924137
id,779266191,2026-07-02,21195685165,262924137,262924137
id,779266191,2026-07-02,25389323175,262924137,262924137
id,779266191,2026-07-02,21795721649,262924137,262924137
id,779266191,2026-07-02,25397748026,262924137,262924137
id,779266191,2026-07-02,29014387643,262924137,262924137
id,779266191,2026-07-02,43824983854,262924137,262924137
id,779266191,2026-07-02,19223481092,262924137,262924137
id,779266191,2026-07-02,26127246027,262924137,262924137
id,779266191,2026-07-02,23587779086,262924137,262924137
id,779266191,2026-07-02,18088299860,262924137,262924137
id,779266191,2026-07-02,27115384896,262924137,262924137
id,779266191,2026-07-02,49802217586,264914127,264914127
id,779266191,2026-07-02,44802217849,264914127,264914127
id,779266191,2026-07-02,58152183963,264914127,264914127
id,779266191,2026-07-02,24720372333,265934881,265934881
id,779266191,2026-07-02,27866702818,265934881,265934881
id,779266191,2026-07-02,29424110638,265934881,265934881
id,779266191,2026-07-02,40455576600,265934881,265934881
id,779266191,2026-07-02,18192931091,265934881,265934881
id,779266191,2026-07-02,29116134787,265934881,265934881
id,779266191,2026-07-02,23341118444,265934881,265934881
id,779266191,2026-07-02,48105035999,266741284,266741284
id,779266191,2026-07-02,43928185146,266741284,266741284
id,779266191,2026-07-02,43878200654,266741284,266741284
id,779266191,2026-07-02,47506875118,268471877,268471877
id,779266191,2026-07-02,48855022633,268471877,268471877
id,779266191,2026-07-03,21195685165,245872197,245872197
id,779266191,2026-07-03,21795721649,245872197,245872197
id,779266191,2026-07-03,25389323175,245872197,245872197
id,779266191,2026-07-03,29014387643,245872197,245872197
id,779266191,2026-07-03,19223481092,245872197,245872197
id,779266191,2026-07-03,26127246027,245872197,245872197
id,779266191,2026-07-03,29264374480,245872197,245872197
id,779266191,2026-07-03,27527246851,245872197,245872197
id,779266191,2026-07-03,18088299860,245872197,245872197
id,779266191,2026-07-03,27416811310,245872197,245872197
id,779266191,2026-07-03,27115384896,245872197,245872197
id,779266191,2026-07-03,27866702818,245872197,245872197
id,779266191,2026-07-03,29116134787,245872197,245872197
id,779266191,2026-07-03,23587779086,245872197,245872197
id,779266191,2026-07-03,22076680299,260133890,260133890
id,779266191,2026-07-03,29424110638,260133890,260133890
id,779266191,2026-07-03,24720372333,260133890,260133890
id,779266191,2026-07-03,22577522022,260133890,260133890
id,779266191,2026-07-03,22451188653,260133890,260133890
id,779266191,2026-07-03,24251133314,260133890,260133890
id,779266191,2026-07-03,18192931091,260133890,260133890
id,779266191,2026-07-03,25001036876,260133890,260133890
id,779266191,2026-07-03,29620337535,260133890,260133890
id,779266191,2026-07-03,22686419036,260133890,260133890
id,779266191,2026-07-03,40455576600,260133890,260133890
id,779266191,2026-07-03,23341118444,260133890,260133890
id,779266191,2026-07-03,19223481092,260134019,260134019
id,779266191,2026-07-03,18088299860,260134019,260134019
id,779266191,2026-07-03,27416811310,260134019,260134019
id,779266191,2026-07-03,27115384896,260134019,260134019
id,779266191,2026-07-03,22577522022,260134071,260134071
id,779266191,2026-07-03,24251133314,260134071,260134071
id,779266191,2026-07-03,18192931091,260134071,260134071
id,779266191,2026-07-03,25001036876,260134071,260134071
id,779266191,2026-07-03,23341118444,260134071,260134071
id,779266191,2026-07-03,21195685165,260134144,260134144
id,779266191,2026-07-03,19223481092,260134144,260134144
id,779266191,2026-07-03,26127246027,260134144,260134144
id,779266191,2026-07-03,29264374480,260134144,260134144
id,779266191,2026-07-03,27527246851,260134144,260134144
id,779266191,2026-07-03,18088299860,260134144,260134144
id,779266191,2026-07-03,27416811310,260134144,260134144
id,779266191,2026-07-03,22451188653,260134144,260134144
id,779266191,2026-07-03,23587779086,260134144,260134144
id,779266191,2026-07-03,22076680299,260134616,260134616
id,779266191,2026-07-03,22577522022,260134616,260134616
id,779266191,2026-07-03,22451188653,260134616,260134616
id,779266191,2026-07-03,24251133314,260134616,260134616
id,779266191,2026-07-03,25001036876,260134616,260134616
id,779266191,2026-07-03,29620337535,260134616,260134616
id,779266191,2026-07-03,22686419036,260134616,260134616
id,779266191,2026-07-03,26127246027,260134642,260134642
id,779266191,2026-07-03,27527246851,260134642,260134642
id,779266191,2026-07-03,18088299860,260134642,260134642
id,779266191,2026-07-03,23587779086,260134642,260134642
id,779266191,2026-07-03,21195685165,262924137,262924137
id,779266191,2026-07-03,21795721649,262924137,262924137
id,779266191,2026-07-03,25389323175,262924137,262924137
id,779266191,2026-07-03,25397748026,262924137,262924137
id,779266191,2026-07-03,29014387643,262924137,262924137
id,779266191,2026-07-03,43824983854,262924137,262924137
id,779266191,2026-07-03,19223481092,262924137,262924137
id,779266191,2026-07-03,26127246027,262924137,262924137
id,779266191,2026-07-03,29264374480,262924137,262924137
id,779266191,2026-07-03,27527246851,262924137,262924137
id,779266191,2026-07-03,18088299860,262924137,262924137
id,779266191,2026-07-03,27416811310,262924137,262924137
id,779266191,2026-07-03,27115384896,262924137,262924137
id,779266191,2026-07-03,23587779086,262924137,262924137
id,779266191,2026-07-03,49802217586,264914127,264914127
id,779266191,2026-07-03,58152183963,264914127,264914127
id,779266191,2026-07-03,44802217849,264914127,264914127
id,779266191,2026-07-03,29424110638,265934881,265934881
id,779266191,2026-07-03,24720372333,265934881,265934881
id,779266191,2026-07-03,18192931091,265934881,265934881
id,779266191,2026-07-03,27866702818,265934881,265934881
id,779266191,2026-07-03,29116134787,265934881,265934881
id,779266191,2026-07-03,40455576600,265934881,265934881
id,779266191,2026-07-03,23341118444,265934881,265934881
id,779266191,2026-07-03,43928185146,266741284,266741284
id,779266191,2026-07-03,43878200654,266741284,266741284
id,779266191,2026-07-03,48105035999,266741284,266741284
id,779266191,2026-07-03,47506875118,268471877,268471877
id,779266191,2026-07-03,48855022633,268471877,268471877
id,809769142,2026-07-01,26704788256,257838398,257838398
id,809769142,2026-07-01,29317152516,257838398,257838398
id,809769142,2026-07-01,44050582778,257838398,257838398
id,809769142,2026-07-01,27408030377,257838398,257838398
id,809769142,2026-07-01,29905930406,257838398,257838398
id,809769142,2026-07-01,20636165691,257838398,257838398
id,809769142,2026-07-01,27455737082,257838398,257838398
id,809769142,2026-07-01,21829166888,257838398,257838398
id,809769142,2026-07-01,23668056941,257838398,257838398
id,809769142,2026-07-01,16797836904,257838398,257838398
id,809769142,2026-07-01,27383676128,257838398,257838398
id,809769142,2026-07-01,28376448249,257838398,257838398
id,809769142,2026-07-01,18584356032,257838398,257838398
id,809769142,2026-07-01,29572980090,257838398,257838398
id,809769142,2026-07-01,20229171522,257838398,257838398
id,809769142,2026-07-01,29028423239,257838398,257838398
id,809769142,2026-07-01,29430013001,257838398,257838398
id,809769142,2026-07-01,22355348169,257838398,257838398
id,809769142,2026-07-01,24577552378,257838398,257838398
id,809769142,2026-07-01,29954788720,257838398,257838398
id,809769142,2026-07-01,19691541572,257838398,257838398
id,809769142,2026-07-01,25614268730,257838398,257838398
id,809769142,2026-07-01,26617444732,257838398,257838398
id,809769142,2026-07-01,29372960469,257838398,257838398
id,809769142,2026-07-01,27810365257,257838398,257838398
id,809769142,2026-07-01,25090328302,257838398,257838398
id,809769142,2026-07-01,26704788256,257838433,257838433
id,809769142,2026-07-01,29317152516,257838433,257838433
id,809769142,2026-07-01,44429096395,257838433,257838433
id,809769142,2026-07-01,50406870682,257838433,257838433
id,809769142,2026-07-01,28293199566,257838433,257838433
id,809769142,2026-07-01,24597552858,257838433,257838433
id,809769142,2026-07-01,21429166155,257838433,257838433
id,809769142,2026-07-01,56102197568,257838433,257838433
id,809769142,2026-07-01,40619026889,257838433,257838433
id,809769142,2026-07-01,51450958596,257838433,257838433
id,809769142,2026-07-01,43375172010,257838433,257838433
id,809769142,2026-07-01,24442098701,257838433,257838433
id,809769142,2026-07-01,24192367557,257838433,257838433
id,809769142,2026-07-01,54800619577,257838433,257838433
id,809769142,2026-07-01,52150640468,257838433,257838433
id,809769142,2026-07-01,27408030377,257838433,257838433
id,809769142,2026-07-01,20636165691,257838433,257838433
id,809769142,2026-07-01,48059253956,257838433,257838433
id,809769142,2026-07-01,29131802740,257838433,257838433
id,809769142,2026-07-01,44164974080,257838433,257838433
id,809769142,2026-07-01,26341558563,257838433,257838433
id,809769142,2026-07-01,43226040976,257838433,257838433
id,809769142,2026-07-01,50802739806,257838433,257838433
id,809769142,2026-07-01,42358562447,257838433,257838433
id,809769142,2026-07-01,27455737082,257838433,257838433
id,809769142,2026-07-01,57903895781,257838433,257838433
id,809769142,2026-07-01,21829166888,257838433,257838433
id,809769142,2026-07-01,23668056941,257838433,257838433
id,809769142,2026-07-01,16797836904,257838433,257838433
id,809769142,2026-07-01,51702755108,257838433,257838433
id,809769142,2026-07-01,18083979760,257838433,257838433
id,809769142,2026-07-01,22853217492,257838433,257838433
id,809769142,2026-07-01,28376448249,257838433,257838433
id,809769142,2026-07-01,10599605978,257838433,257838433
id,809769142,2026-07-01,43564342526,257838433,257838433
id,809769142,2026-07-01,28030007092,257838433,257838433
id,809769142,2026-07-01,18584356032,257838433,257838433
id,809769142,2026-07-01,18024029084,257838433,257838433
id,809769142,2026-07-01,40064375511,257838433,257838433
id,809769142,2026-07-01,29826448226,257838433,257838433
id,809769142,2026-07-01,24704461451,257838433,257838433
id,809769142,2026-07-01,29601433725,257838433,257838433
id,809769142,2026-07-01,40253957457,257838433,257838433
id,809769142,2026-07-01,26777568629,257838433,257838433
id,809769142,2026-07-01,24443458397,257838433,257838433
id,809769142,2026-07-01,22873282452,257838433,257838433
id,809769142,2026-07-01,23856176929,257838433,257838433
id,809769142,2026-07-01,20229171522,257838433,257838433
id,809769142,2026-07-01,55150606338,257838433,257838433
id,809769142,2026-07-01,28426633621,257838433,257838433
id,809769142,2026-07-01,29028423239,257838433,257838433
id,809769142,2026-07-01,19793942236,257838433,257838433
id,809769142,2026-07-01,25439085414,257838433,257838433
id,809769142,2026-07-01,29430013001,257838433,257838433
id,809769142,2026-07-01,21729164441,257838433,257838433
id,809769142,2026-07-01,49506878130,257838433,257838433
id,809769142,2026-07-01,20282626747,257838433,257838433
id,809769142,2026-07-01,29490268069,257838433,257838433
id,809769142,2026-07-01,23457178413,257838433,257838433
id,809769142,2026-07-01,27580011874,257838433,257838433
id,809769142,2026-07-01,27160062024,257838433,257838433
id,809769142,2026-07-01,22355348169,257838433,257838433
id,809769142,2026-07-01,43514974352,257838433,257838433
id,809769142,2026-07-01,29954788720,257838433,257838433
id,809769142,2026-07-01,40872286136,257838433,257838433
id,809769142,2026-07-01,19691541572,257838433,257838433
id,809769142,2026-07-01,42464292818,257838433,257838433
id,809769142,2026-07-01,41101567247,257838433,257838433
id,809769142,2026-07-01,41500309150,257838433,257838433
id,809769142,2026-07-01,45151558561,257838433,257838433
id,809769142,2026-07-01,26617444732,257838433,257838433
id,809769142,2026-07-01,29372960469,257838433,257838433
id,809769142,2026-07-01,27810365257,257838433,257838433
id,809769142,2026-07-01,25090328302,257838433,257838433
id,809769142,2026-07-01,24742813269,257838433,257838433
id,809769142,2026-07-01,25564103539,257838433,257838433
id,809769142,2026-07-01,26704788256,257838434,257838434
id,809769142,2026-07-01,29317152516,257838434,257838434
id,809769142,2026-07-01,24442098701,257838434,257838434
id,809769142,2026-07-01,20636165691,257838434,257838434
id,809769142,2026-07-01,44164974080,257838434,257838434
id,809769142,2026-07-01,23668056941,257838434,257838434
id,809769142,2026-07-01,18083979760,257838434,257838434
id,809769142,2026-07-01,49506878130,257838434,257838434
id,809769142,2026-07-01,43514974352,257838434,257838434
id,809769142,2026-07-01,29954788720,257838434,257838434
id,809769142,2026-07-01,19691541572,257838434,257838434
id,809769142,2026-07-01,45151558561,257838434,257838434
id,809769142,2026-07-01,50406870682,257838452,257838452
id,809769142,2026-07-01,21429166155,257838452,257838452
id,809769142,2026-07-01,27408030377,257838452,257838452
id,809769142,2026-07-01,21829166888,257838452,257838452
id,809769142,2026-07-01,20282626747,257838452,257838452
id,809769142,2026-07-01,41500309150,257838452,257838452
id,809769142,2026-07-01,25564103539,257838452,257838452
id,809769142,2026-07-01,57903895781,257838475,257838475
id,809769142,2026-07-01,18024029084,257838475,257838475
id,809769142,2026-07-01,40253957457,257838475,257838475
id,809769142,2026-07-01,21729164441,257838475,257838475
id,809769142,2026-07-01,27160062024,257838475,257838475
id,809769142,2026-07-01,27810365257,257838475,257838475
id,809769142,2026-07-01,28293199566,257838481,257838481
id,809769142,2026-07-01,24597552858,257838481,257838481
id,809769142,2026-07-01,56102197568,257838481,257838481
id,809769142,2026-07-01,51450958596,257838481,257838481
id,809769142,2026-07-01,43375172010,257838481,257838481
id,809769142,2026-07-01,24192367557,257838481,257838481
id,809769142,2026-07-01,50802739806,257838481,257838481
id,809769142,2026-07-01,27455737082,257838481,257838481
id,809769142,2026-07-01,43564342526,257838481,257838481
id,809769142,2026-07-01,40064375511,257838481,257838481
id,809769142,2026-07-01,26777568629,257838481,257838481
id,809769142,2026-07-01,20229171522,257838481,257838481
id,809769142,2026-07-01,29490268069,257838481,257838481
id,809769142,2026-07-01,22355348169,257838481,257838481
id,809769142,2026-07-01,41101567247,257838481,257838481
id,809769142,2026-07-01,24742813269,257838481,257838481
id,809769142,2026-07-01,29131802740,257838483,257838483
id,809769142,2026-07-01,42358562447,257838483,257838483
id,809769142,2026-07-01,18584356032,257838483,257838483
id,809769142,2026-07-01,24704461451,257838483,257838483
id,809769142,2026-07-01,24443458397,257838483,257838483
id,809769142,2026-07-01,22873282452,257838483,257838483
id,809769142,2026-07-01,23856176929,257838483,257838483
id,809769142,2026-07-01,44429096395,257838511,257838511
id,809769142,2026-07-01,51702755108,257838511,257838511
id,809769142,2026-07-01,28376448249,257838511,257838511
id,809769142,2026-07-01,29826448226,257838511,257838511
id,809769142,2026-07-01,48059253956,257838520,257838520
id,809769142,2026-07-01,29601433725,257838520,257838520
id,809769142,2026-07-01,42464292818,257838520,257838520
id,809769142,2026-07-01,41320590275,257838567,257838567
id,809769142,2026-07-01,48852152348,257838567,257838567
id,809769142,2026-07-01,29270135197,257838567,257838567
id,809769142,2026-07-01,57909001846,257838567,257838567
id,809769142,2026-07-01,40074160523,257838567,257838567
id,809769142,2026-07-01,55201716278,257838567,257838567
id,809769142,2026-07-01,29905930406,257838567,257838567
id,809769142,2026-07-01,41075294736,257838567,257838567
id,809769142,2026-07-01,28776573319,257838567,257838567
id,809769142,2026-07-01,52351401583,257838567,257838567
id,809769142,2026-07-01,29870133400,257838567,257838567
id,809769142,2026-07-01,27383676128,257838567,257838567
id,809769142,2026-07-01,43754734954,257838567,257838567
id,809769142,2026-07-01,42752568783,257838567,257838567
id,809769142,2026-07-01,25614268730,257838567,257838567
id,809769142,2026-07-01,28927852106,257838567,257838567
id,809769142,2026-07-01,40507001358,257838567,257838567
id,809769142,2026-07-01,29905930406,257838568,257838568
id,809769142,2026-07-01,41075294736,257838568,257838568
id,809769142,2026-07-01,28776573319,257838568,257838568
id,809769142,2026-07-01,52351401583,257838568,257838568
id,809769142,2026-07-01,43754734954,257838568,257838568
id,809769142,2026-07-01,28927852106,257838568,257838568
id,809769142,2026-07-01,41320590275,257838569,257838569
id,809769142,2026-07-01,48852152348,257838569,257838569
id,809769142,2026-07-01,29270135197,257838569,257838569
id,809769142,2026-07-01,57909001846,257838569,257838569
id,809769142,2026-07-01,40074160523,257838569,257838569
id,809769142,2026-07-01,55201716278,257838569,257838569
id,809769142,2026-07-01,29870133400,257838569,257838569
id,809769142,2026-07-01,27383676128,257838569,257838569
id,809769142,2026-07-01,42752568783,257838569,257838569
id,809769142,2026-07-01,25614268730,257838569,257838569
id,809769142,2026-07-01,40507001358,257838569,257838569
id,809769142,2026-07-01,40619026889,257838603,257838603
id,809769142,2026-07-01,54800619577,257838603,257838603
id,809769142,2026-07-01,52150640468,257838603,257838603
id,809769142,2026-07-01,26341558563,257838603,257838603
id,809769142,2026-07-01,43226040976,257838603,257838603
id,809769142,2026-07-01,16797836904,257838603,257838603
id,809769142,2026-07-01,22853217492,257838603,257838603
id,809769142,2026-07-01,10599605978,257838603,257838603
id,809769142,2026-07-01,28030007092,257838603,257838603
id,809769142,2026-07-01,55150606338,257838603,257838603
id,809769142,2026-07-01,28426633621,257838603,257838603
id,809769142,2026-07-01,29028423239,257838603,257838603
id,809769142,2026-07-01,19793942236,257838603,257838603
id,809769142,2026-07-01,25439085414,257838603,257838603
id,809769142,2026-07-01,29430013001,257838603,257838603
id,809769142,2026-07-01,23457178413,257838603,257838603
id,809769142,2026-07-01,27580011874,257838603,257838603
id,809769142,2026-07-01,40872286136,257838603,257838603
id,809769142,2026-07-01,26617444732,257838603,257838603
id,809769142,2026-07-01,29372960469,257838603,257838603
id,809769142,2026-07-01,25090328302,257838603,257838603
id,809769142,2026-07-01,24742813269,257838603,257838603
id,809769142,2026-07-01,26704788256,257838748,257838748
id,809769142,2026-07-01,29317152516,257838748,257838748
id,809769142,2026-07-01,44050582778,257838748,257838748
id,809769142,2026-07-01,29270135197,257838748,257838748
id,809769142,2026-07-01,21429166155,257838748,257838748
id,809769142,2026-07-01,24442098701,257838748,257838748
id,809769142,2026-07-01,24192367557,257838748,257838748
id,809769142,2026-07-01,27408030377,257838748,257838748
id,809769142,2026-07-01,20636165691,257838748,257838748
id,809769142,2026-07-01,29131802740,257838748,257838748
id,809769142,2026-07-01,27455737082,257838748,257838748
id,809769142,2026-07-01,29870133400,257838748,257838748
id,809769142,2026-07-01,41901683742,257838748,257838748
id,809769142,2026-07-01,21829166888,257838748,257838748
id,809769142,2026-07-01,23668056941,257838748,257838748
id,809769142,2026-07-01,27938088991,257838748,257838748
id,809769142,2026-07-01,18083979760,257838748,257838748
id,809769142,2026-07-01,28376448249,257838748,257838748
id,809769142,2026-07-01,28030007092,257838748,257838748
id,809769142,2026-07-01,18584356032,257838748,257838748
id,809769142,2026-07-01,18024029084,257838748,257838748
id,809769142,2026-07-01,40064375511,257838748,257838748
id,809769142,2026-07-01,29826448226,257838748,257838748
id,809769142,2026-07-01,24704461451,257838748,257838748
id,809769142,2026-07-01,26777568629,257838748,257838748
id,809769142,2026-07-01,24443458397,257838748,257838748
id,809769142,2026-07-01,22873282452,257838748,257838748
id,809769142,2026-07-01,23856176929,257838748,257838748
id,809769142,2026-07-01,20229171522,257838748,257838748
id,809769142,2026-07-01,29028423239,257838748,257838748
id,809769142,2026-07-01,25439085414,257838748,257838748
id,809769142,2026-07-01,29430013001,257838748,257838748
id,809769142,2026-07-01,21729164441,257838748,257838748
id,809769142,2026-07-01,20282626747,257838748,257838748
id,809769142,2026-07-01,27580011874,257838748,257838748
id,809769142,2026-07-01,27160062024,257838748,257838748
id,809769142,2026-07-01,22355348169,257838748,257838748
id,809769142,2026-07-01,29954788720,257838748,257838748
id,809769142,2026-07-01,19691541572,257838748,257838748
id,809769142,2026-07-01,41500309150,257838748,257838748
id,809769142,2026-07-01,26617444732,257838748,257838748
id,809769142,2026-07-01,29372960469,257838748,257838748
id,809769142,2026-07-01,27810365257,257838748,257838748
id,809769142,2026-07-01,25090328302,257838748,257838748
id,809769142,2026-07-01,24742813269,257838748,257838748
id,809769142,2026-07-01,25564103539,257838748,257838748
id,809769142,2026-07-01,44050582778,257838749,257838749
id,809769142,2026-07-01,29131802740,257838749,257838749
id,809769142,2026-07-01,21829166888,257838749,257838749
id,809769142,2026-07-01,28376448249,257838749,257838749
id,809769142,2026-07-01,29826448226,257838749,257838749
id,809769142,2026-07-01,24704461451,257838749,257838749
id,809769142,2026-07-01,29028423239,257838749,257838749
id,809769142,2026-07-01,29430013001,257838749,257838749
id,809769142,2026-07-01,22355348169,257838749,257838749
id,809769142,2026-07-01,19691541572,257838749,257838749
id,809769142,2026-07-01,41500309150,257838749,257838749
id,809769142,2026-07-01,26617444732,257838749,257838749
id,809769142,2026-07-01,29372960469,257838749,257838749
id,809769142,2026-07-01,27810365257,257838749,257838749
id,809769142,2026-07-01,24442098701,257838930,257838930
id,809769142,2026-07-01,20636165691,257838930,257838930
id,809769142,2026-07-01,29870133400,257838930,257838930
id,809769142,2026-07-01,26777568629,257838930,257838930
id,809769142,2026-07-01,20229171522,257838930,257838930
id,809769142,2026-07-01,29430013001,257838930,257838930
id,809769142,2026-07-01,27580011874,257838930,257838930
id,809769142,2026-07-01,27160062024,257838930,257838930
id,809769142,2026-07-01,27408030377,257838986,257838986
id,809769142,2026-07-01,25439085414,257838986,257838986
id,809769142,2026-07-01,29954788720,257838986,257838986
id,809769142,2026-07-01,26617444732,257838986,257838986
id,809769142,2026-07-01,29372960469,257838986,257838986
id,809769142,2026-07-01,25564103539,257838986,257838986
id,809769142,2026-07-01,18083979760,257839010,257839010
id,809769142,2026-07-01,29028423239,257839010,257839010
id,809769142,2026-07-01,20282626747,257839010,257839010
id,809769142,2026-07-01,26704788256,257839147,257839147
id,809769142,2026-07-01,29317152516,257839147,257839147
id,809769142,2026-07-01,29270135197,257839147,257839147
id,809769142,2026-07-01,21429166155,257839147,257839147
id,809769142,2026-07-01,27455737082,257839147,257839147
id,809769142,2026-07-01,41901683742,257839147,257839147
id,809769142,2026-07-01,23668056941,257839147,257839147
id,809769142,2026-07-01,27938088991,257839147,257839147
id,809769142,2026-07-01,18584356032,257839147,257839147
id,809769142,2026-07-01,18024029084,257839147,257839147
id,809769142,2026-07-01,40064375511,257839147,257839147
id,809769142,2026-07-01,24443458397,257839147,257839147
id,809769142,2026-07-01,22873282452,257839147,257839147
id,809769142,2026-07-01,25090328302,257839147,257839147
id,809769142,2026-07-01,24742813269,257839147,257839147
id,809769142,2026-07-01,24192367557,257839180,257839180
id,809769142,2026-07-01,27408030377,257839180,257839180
id,809769142,2026-07-01,20636165691,257839180,257839180
id,809769142,2026-07-01,28030007092,257839180,257839180
id,809769142,2026-07-01,23856176929,257839180,257839180
id,809769142,2026-07-01,21729164441,257839180,257839180
id,809769142,2026-07-01,44429096395,258831358,258831358
id,809769142,2026-07-01,50406870682,258831358,258831358
id,809769142,2026-07-01,40781619061,258831358,258831358
id,809769142,2026-07-01,52610001656,258831358,258831358
id,809769142,2026-07-01,55460830635,258831358,258831358
id,809769142,2026-07-01,49662627211,258831358,258831358
id,809769142,2026-07-01,48059253956,258831358,258831358
id,809769142,2026-07-01,29144828706,258831358,258831358
id,809769142,2026-07-01,49506878130,258831358,258831358
id,809769142,2026-07-01,48860851679,258831358,258831358
id,809769142,2026-07-01,49506878130,264958058,264958058
id,809769142,2026-07-01,40978051346,267026251,267026251
id,809769142,2026-07-01,44328247175,267026251,267026251
id,809769142,2026-07-01,50406870682,270321805,270321805
id,809769142,2026-07-01,44429096395,270440245,270440245
id,809769142,2026-07-01,52610001656,271131649,271131649
id,809769142,2026-07-01,48059253956,271501514,271501514
id,809769142,2026-07-01,48752787269,272184674,272184674
id,809769142,2026-07-01,52610001656,272184674,272184674
id,809769142,2026-07-01,43360906112,272184674,272184674
id,809769142,2026-07-01,24577552378,272184674,272184674
id,809769142,2026-07-01,29144828706,272508058,272508058
id,809769142,2026-07-01,40781619061,272855576,272855576
id,809769142,2026-07-01,55460830635,272855576,272855576
id,809769142,2026-07-01,48860851679,272855607,272855607
id,809769142,2026-07-01,49662627211,273791880,273791880
id,809769142,2026-07-02,26704788256,257838398,257838398
id,809769142,2026-07-02,29317152516,257838398,257838398
id,809769142,2026-07-02,44050582778,257838398,257838398
id,809769142,2026-07-02,27408030377,257838398,257838398
id,809769142,2026-07-02,29905930406,257838398,257838398
id,809769142,2026-07-02,20636165691,257838398,257838398
id,809769142,2026-07-02,27455737082,257838398,257838398
id,809769142,2026-07-02,21829166888,257838398,257838398
id,809769142,2026-07-02,23668056941,257838398,257838398
id,809769142,2026-07-02,16797836904,257838398,257838398
id,809769142,2026-07-02,27383676128,257838398,257838398
id,809769142,2026-07-02,28376448249,257838398,257838398
id,809769142,2026-07-02,18584356032,257838398,257838398
id,809769142,2026-07-02,29572980090,257838398,257838398
id,809769142,2026-07-02,20229171522,257838398,257838398
id,809769142,2026-07-02,29028423239,257838398,257838398
id,809769142,2026-07-02,29430013001,257838398,257838398
id,809769142,2026-07-02,22355348169,257838398,257838398
id,809769142,2026-07-02,24577552378,257838398,257838398
id,809769142,2026-07-02,29954788720,257838398,257838398
id,809769142,2026-07-02,19691541572,257838398,257838398
id,809769142,2026-07-02,25614268730,257838398,257838398
id,809769142,2026-07-02,26617444732,257838398,257838398
id,809769142,2026-07-02,29372960469,257838398,257838398
id,809769142,2026-07-02,27810365257,257838398,257838398
id,809769142,2026-07-02,25090328302,257838398,257838398
id,809769142,2026-07-02,26704788256,257838433,257838433
id,809769142,2026-07-02,29317152516,257838433,257838433
id,809769142,2026-07-02,44429096395,257838433,257838433
id,809769142,2026-07-02,50406870682,257838433,257838433
id,809769142,2026-07-02,28293199566,257838433,257838433
id,809769142,2026-07-02,24597552858,257838433,257838433
id,809769142,2026-07-02,21429166155,257838433,257838433
id,809769142,2026-07-02,56102197568,257838433,257838433
id,809769142,2026-07-02,40619026889,257838433,257838433
id,809769142,2026-07-02,51450958596,257838433,257838433
id,809769142,2026-07-02,43375172010,257838433,257838433
id,809769142,2026-07-02,24442098701,257838433,257838433
id,809769142,2026-07-02,24192367557,257838433,257838433
id,809769142,2026-07-02,54800619577,257838433,257838433
id,809769142,2026-07-02,52150640468,257838433,257838433
id,809769142,2026-07-02,27408030377,257838433,257838433
id,809769142,2026-07-02,20636165691,257838433,257838433
id,809769142,2026-07-02,48059253956,257838433,257838433
id,809769142,2026-07-02,29131802740,257838433,257838433
id,809769142,2026-07-02,44164974080,257838433,257838433
id,809769142,2026-07-02,26341558563,257838433,257838433
id,809769142,2026-07-02,43226040976,257838433,257838433
id,809769142,2026-07-02,50802739806,257838433,257838433
id,809769142,2026-07-02,42358562447,257838433,257838433
id,809769142,2026-07-02,27455737082,257838433,257838433
id,809769142,2026-07-02,57903895781,257838433,257838433
id,809769142,2026-07-02,21829166888,257838433,257838433
id,809769142,2026-07-02,23668056941,257838433,257838433
id,809769142,2026-07-02,16797836904,257838433,257838433
id,809769142,2026-07-02,51702755108,257838433,257838433
id,809769142,2026-07-02,18083979760,257838433,257838433
id,809769142,2026-07-02,22853217492,257838433,257838433
id,809769142,2026-07-02,28376448249,257838433,257838433
id,809769142,2026-07-02,10599605978,257838433,257838433
id,809769142,2026-07-02,43564342526,257838433,257838433
id,809769142,2026-07-02,28030007092,257838433,257838433
id,809769142,2026-07-02,18584356032,257838433,257838433
id,809769142,2026-07-02,18024029084,257838433,257838433
id,809769142,2026-07-02,40064375511,257838433,257838433
id,809769142,2026-07-02,29826448226,257838433,257838433
id,809769142,2026-07-02,24704461451,257838433,257838433
id,809769142,2026-07-02,29601433725,257838433,257838433
id,809769142,2026-07-02,40253957457,257838433,257838433
id,809769142,2026-07-02,26777568629,257838433,257838433
id,809769142,2026-07-02,24443458397,257838433,257838433
id,809769142,2026-07-02,22873282452,257838433,257838433
id,809769142,2026-07-02,23856176929,257838433,257838433
id,809769142,2026-07-02,20229171522,257838433,257838433
id,809769142,2026-07-02,55150606338,257838433,257838433
id,809769142,2026-07-02,28426633621,257838433,257838433
id,809769142,2026-07-02,29028423239,257838433,257838433
id,809769142,2026-07-02,19793942236,257838433,257838433
id,809769142,2026-07-02,25439085414,257838433,257838433
id,809769142,2026-07-02,29430013001,257838433,257838433
id,809769142,2026-07-02,21729164441,257838433,257838433
id,809769142,2026-07-02,49506878130,257838433,257838433
id,809769142,2026-07-02,20282626747,257838433,257838433
id,809769142,2026-07-02,29490268069,257838433,257838433
id,809769142,2026-07-02,23457178413,257838433,257838433
id,809769142,2026-07-02,27580011874,257838433,257838433
id,809769142,2026-07-02,27160062024,257838433,257838433
id,809769142,2026-07-02,22355348169,257838433,257838433
id,809769142,2026-07-02,43514974352,257838433,257838433
id,809769142,2026-07-02,29954788720,257838433,257838433
id,809769142,2026-07-02,40872286136,257838433,257838433
id,809769142,2026-07-02,19691541572,257838433,257838433
id,809769142,2026-07-02,42464292818,257838433,257838433
id,809769142,2026-07-02,41101567247,257838433,257838433
id,809769142,2026-07-02,41500309150,257838433,257838433
id,809769142,2026-07-02,45151558561,257838433,257838433
id,809769142,2026-07-02,26617444732,257838433,257838433
id,809769142,2026-07-02,29372960469,257838433,257838433
id,809769142,2026-07-02,27810365257,257838433,257838433
id,809769142,2026-07-02,25090328302,257838433,257838433
id,809769142,2026-07-02,24742813269,257838433,257838433
id,809769142,2026-07-02,25564103539,257838433,257838433
id,809769142,2026-07-02,26704788256,257838434,257838434
id,809769142,2026-07-02,29317152516,257838434,257838434
id,809769142,2026-07-02,24442098701,257838434,257838434
id,809769142,2026-07-02,20636165691,257838434,257838434
id,809769142,2026-07-02,44164974080,257838434,257838434
id,809769142,2026-07-02,23668056941,257838434,257838434
id,809769142,2026-07-02,18083979760,257838434,257838434
id,809769142,2026-07-02,49506878130,257838434,257838434
id,809769142,2026-07-02,43514974352,257838434,257838434
id,809769142,2026-07-02,29954788720,257838434,257838434
id,809769142,2026-07-02,19691541572,257838434,257838434
id,809769142,2026-07-02,45151558561,257838434,257838434
id,809769142,2026-07-02,50406870682,257838452,257838452
id,809769142,2026-07-02,21429166155,257838452,257838452
id,809769142,2026-07-02,27408030377,257838452,257838452
id,809769142,2026-07-02,21829166888,257838452,257838452
id,809769142,2026-07-02,20282626747,257838452,257838452
id,809769142,2026-07-02,41500309150,257838452,257838452
id,809769142,2026-07-02,25564103539,257838452,257838452
id,809769142,2026-07-02,57903895781,257838475,257838475
id,809769142,2026-07-02,18024029084,257838475,257838475
id,809769142,2026-07-02,40253957457,257838475,257838475
id,809769142,2026-07-02,21729164441,257838475,257838475
id,809769142,2026-07-02,27160062024,257838475,257838475
id,809769142,2026-07-02,27810365257,257838475,257838475
id,809769142,2026-07-02,28293199566,257838481,257838481
id,809769142,2026-07-02,24597552858,257838481,257838481
id,809769142,2026-07-02,56102197568,257838481,257838481
id,809769142,2026-07-02,51450958596,257838481,257838481
id,809769142,2026-07-02,43375172010,257838481,257838481
id,809769142,2026-07-02,24192367557,257838481,257838481
id,809769142,2026-07-02,50802739806,257838481,257838481
id,809769142,2026-07-02,27455737082,257838481,257838481
id,809769142,2026-07-02,43564342526,257838481,257838481
id,809769142,2026-07-02,40064375511,257838481,257838481
id,809769142,2026-07-02,26777568629,257838481,257838481
id,809769142,2026-07-02,20229171522,257838481,257838481
id,809769142,2026-07-02,29490268069,257838481,257838481
id,809769142,2026-07-02,22355348169,257838481,257838481
id,809769142,2026-07-02,41101567247,257838481,257838481
id,809769142,2026-07-02,24742813269,257838481,257838481
id,809769142,2026-07-02,29131802740,257838483,257838483
id,809769142,2026-07-02,42358562447,257838483,257838483
id,809769142,2026-07-02,18584356032,257838483,257838483
id,809769142,2026-07-02,24704461451,257838483,257838483
id,809769142,2026-07-02,24443458397,257838483,257838483
id,809769142,2026-07-02,22873282452,257838483,257838483
id,809769142,2026-07-02,23856176929,257838483,257838483
id,809769142,2026-07-02,44429096395,257838511,257838511
id,809769142,2026-07-02,51702755108,257838511,257838511
id,809769142,2026-07-02,28376448249,257838511,257838511
id,809769142,2026-07-02,29826448226,257838511,257838511
id,809769142,2026-07-02,48059253956,257838520,257838520
id,809769142,2026-07-02,29601433725,257838520,257838520
id,809769142,2026-07-02,42464292818,257838520,257838520
id,809769142,2026-07-02,41320590275,257838567,257838567
id,809769142,2026-07-02,48852152348,257838567,257838567
id,809769142,2026-07-02,29270135197,257838567,257838567
id,809769142,2026-07-02,57909001846,257838567,257838567
id,809769142,2026-07-02,40074160523,257838567,257838567
id,809769142,2026-07-02,55201716278,257838567,257838567
id,809769142,2026-07-02,29905930406,257838567,257838567
id,809769142,2026-07-02,41075294736,257838567,257838567
id,809769142,2026-07-02,28776573319,257838567,257838567
id,809769142,2026-07-02,52351401583,257838567,257838567
id,809769142,2026-07-02,29870133400,257838567,257838567
id,809769142,2026-07-02,27383676128,257838567,257838567
id,809769142,2026-07-02,43754734954,257838567,257838567
id,809769142,2026-07-02,42752568783,257838567,257838567
id,809769142,2026-07-02,25614268730,257838567,257838567
id,809769142,2026-07-02,28927852106,257838567,257838567
id,809769142,2026-07-02,40507001358,257838567,257838567
id,809769142,2026-07-02,29905930406,257838568,257838568
id,809769142,2026-07-02,41075294736,257838568,257838568
id,809769142,2026-07-02,28776573319,257838568,257838568
id,809769142,2026-07-02,52351401583,257838568,257838568
id,809769142,2026-07-02,43754734954,257838568,257838568
id,809769142,2026-07-02,28927852106,257838568,257838568
id,809769142,2026-07-02,41320590275,257838569,257838569
id,809769142,2026-07-02,48852152348,257838569,257838569
id,809769142,2026-07-02,29270135197,257838569,257838569
id,809769142,2026-07-02,57909001846,257838569,257838569
id,809769142,2026-07-02,40074160523,257838569,257838569
id,809769142,2026-07-02,55201716278,257838569,257838569
id,809769142,2026-07-02,29870133400,257838569,257838569
id,809769142,2026-07-02,27383676128,257838569,257838569
id,809769142,2026-07-02,42752568783,257838569,257838569
id,809769142,2026-07-02,25614268730,257838569,257838569
id,809769142,2026-07-02,40507001358,257838569,257838569
id,809769142,2026-07-02,40619026889,257838603,257838603
id,809769142,2026-07-02,54800619577,257838603,257838603
id,809769142,2026-07-02,52150640468,257838603,257838603
id,809769142,2026-07-02,26341558563,257838603,257838603
id,809769142,2026-07-02,43226040976,257838603,257838603
id,809769142,2026-07-02,16797836904,257838603,257838603
id,809769142,2026-07-02,22853217492,257838603,257838603
id,809769142,2026-07-02,10599605978,257838603,257838603
id,809769142,2026-07-02,28030007092,257838603,257838603
id,809769142,2026-07-02,55150606338,257838603,257838603
id,809769142,2026-07-02,28426633621,257838603,257838603
id,809769142,2026-07-02,29028423239,257838603,257838603
id,809769142,2026-07-02,19793942236,257838603,257838603
id,809769142,2026-07-02,25439085414,257838603,257838603
id,809769142,2026-07-02,29430013001,257838603,257838603
id,809769142,2026-07-02,23457178413,257838603,257838603
id,809769142,2026-07-02,27580011874,257838603,257838603
id,809769142,2026-07-02,40872286136,257838603,257838603
id,809769142,2026-07-02,26617444732,257838603,257838603
id,809769142,2026-07-02,29372960469,257838603,257838603
id,809769142,2026-07-02,25090328302,257838603,257838603
id,809769142,2026-07-02,24742813269,257838603,257838603
id,809769142,2026-07-02,26704788256,257838748,257838748
id,809769142,2026-07-02,29317152516,257838748,257838748
id,809769142,2026-07-02,44050582778,257838748,257838748
id,809769142,2026-07-02,29270135197,257838748,257838748
id,809769142,2026-07-02,21429166155,257838748,257838748
id,809769142,2026-07-02,24442098701,257838748,257838748
id,809769142,2026-07-02,24192367557,257838748,257838748
id,809769142,2026-07-02,27408030377,257838748,257838748
id,809769142,2026-07-02,20636165691,257838748,257838748
id,809769142,2026-07-02,29131802740,257838748,257838748
id,809769142,2026-07-02,27455737082,257838748,257838748
id,809769142,2026-07-02,29870133400,257838748,257838748
id,809769142,2026-07-02,41901683742,257838748,257838748
id,809769142,2026-07-02,21829166888,257838748,257838748
id,809769142,2026-07-02,23668056941,257838748,257838748
id,809769142,2026-07-02,27938088991,257838748,257838748
id,809769142,2026-07-02,18083979760,257838748,257838748
id,809769142,2026-07-02,28376448249,257838748,257838748
id,809769142,2026-07-02,28030007092,257838748,257838748
id,809769142,2026-07-02,18584356032,257838748,257838748
id,809769142,2026-07-02,18024029084,257838748,257838748
id,809769142,2026-07-02,40064375511,257838748,257838748
id,809769142,2026-07-02,29826448226,257838748,257838748
id,809769142,2026-07-02,24704461451,257838748,257838748
id,809769142,2026-07-02,26777568629,257838748,257838748
id,809769142,2026-07-02,24443458397,257838748,257838748
id,809769142,2026-07-02,22873282452,257838748,257838748
id,809769142,2026-07-02,23856176929,257838748,257838748
id,809769142,2026-07-02,20229171522,257838748,257838748
id,809769142,2026-07-02,29028423239,257838748,257838748
id,809769142,2026-07-02,25439085414,257838748,257838748
id,809769142,2026-07-02,29430013001,257838748,257838748
id,809769142,2026-07-02,21729164441,257838748,257838748
id,809769142,2026-07-02,20282626747,257838748,257838748
id,809769142,2026-07-02,27580011874,257838748,257838748
id,809769142,2026-07-02,27160062024,257838748,257838748
id,809769142,2026-07-02,22355348169,257838748,257838748
id,809769142,2026-07-02,29954788720,257838748,257838748
id,809769142,2026-07-02,19691541572,257838748,257838748
id,809769142,2026-07-02,41500309150,257838748,257838748
id,809769142,2026-07-02,26617444732,257838748,257838748
id,809769142,2026-07-02,29372960469,257838748,257838748
id,809769142,2026-07-02,27810365257,257838748,257838748
id,809769142,2026-07-02,25090328302,257838748,257838748
id,809769142,2026-07-02,24742813269,257838748,257838748
id,809769142,2026-07-02,25564103539,257838748,257838748
id,809769142,2026-07-02,44050582778,257838749,257838749
id,809769142,2026-07-02,29131802740,257838749,257838749
id,809769142,2026-07-02,21829166888,257838749,257838749
id,809769142,2026-07-02,28376448249,257838749,257838749
id,809769142,2026-07-02,29826448226,257838749,257838749
id,809769142,2026-07-02,24704461451,257838749,257838749
id,809769142,2026-07-02,29028423239,257838749,257838749
id,809769142,2026-07-02,29430013001,257838749,257838749
id,809769142,2026-07-02,22355348169,257838749,257838749
id,809769142,2026-07-02,19691541572,257838749,257838749
id,809769142,2026-07-02,41500309150,257838749,257838749
id,809769142,2026-07-02,26617444732,257838749,257838749
id,809769142,2026-07-02,29372960469,257838749,257838749
id,809769142,2026-07-02,27810365257,257838749,257838749
id,809769142,2026-07-02,24442098701,257838930,257838930
id,809769142,2026-07-02,20636165691,257838930,257838930
id,809769142,2026-07-02,29870133400,257838930,257838930
id,809769142,2026-07-02,26777568629,257838930,257838930
id,809769142,2026-07-02,20229171522,257838930,257838930
id,809769142,2026-07-02,29430013001,257838930,257838930
id,809769142,2026-07-02,27580011874,257838930,257838930
id,809769142,2026-07-02,27160062024,257838930,257838930
id,809769142,2026-07-02,27408030377,257838986,257838986
id,809769142,2026-07-02,25439085414,257838986,257838986
id,809769142,2026-07-02,29954788720,257838986,257838986
id,809769142,2026-07-02,26617444732,257838986,257838986
id,809769142,2026-07-02,29372960469,257838986,257838986
id,809769142,2026-07-02,25564103539,257838986,257838986
id,809769142,2026-07-02,18083979760,257839010,257839010
id,809769142,2026-07-02,29028423239,257839010,257839010
id,809769142,2026-07-02,20282626747,257839010,257839010
id,809769142,2026-07-02,26704788256,257839147,257839147
id,809769142,2026-07-02,29317152516,257839147,257839147
id,809769142,2026-07-02,29270135197,257839147,257839147
id,809769142,2026-07-02,21429166155,257839147,257839147
id,809769142,2026-07-02,27455737082,257839147,257839147
id,809769142,2026-07-02,41901683742,257839147,257839147
id,809769142,2026-07-02,23668056941,257839147,257839147
id,809769142,2026-07-02,27938088991,257839147,257839147
id,809769142,2026-07-02,18584356032,257839147,257839147
id,809769142,2026-07-02,18024029084,257839147,257839147
id,809769142,2026-07-02,40064375511,257839147,257839147
id,809769142,2026-07-02,24443458397,257839147,257839147
id,809769142,2026-07-02,22873282452,257839147,257839147
id,809769142,2026-07-02,25090328302,257839147,257839147
id,809769142,2026-07-02,24742813269,257839147,257839147
id,809769142,2026-07-02,24192367557,257839180,257839180
id,809769142,2026-07-02,27408030377,257839180,257839180
id,809769142,2026-07-02,20636165691,257839180,257839180
id,809769142,2026-07-02,28030007092,257839180,257839180
id,809769142,2026-07-02,23856176929,257839180,257839180
id,809769142,2026-07-02,21729164441,257839180,257839180
id,809769142,2026-07-02,44429096395,258831358,258831358
id,809769142,2026-07-02,50406870682,258831358,258831358
id,809769142,2026-07-02,40781619061,258831358,258831358
id,809769142,2026-07-02,52610001656,258831358,258831358
id,809769142,2026-07-02,49662627211,258831358,258831358
id,809769142,2026-07-02,55460830635,258831358,258831358
id,809769142,2026-07-02,48059253956,258831358,258831358
id,809769142,2026-07-02,29144828706,258831358,258831358
id,809769142,2026-07-02,49506878130,258831358,258831358
id,809769142,2026-07-02,48860851679,258831358,258831358
id,809769142,2026-07-02,49506878130,264958058,264958058
id,809769142,2026-07-02,40978051346,267026251,267026251
id,809769142,2026-07-02,44328247175,267026251,267026251
id,809769142,2026-07-02,50406870682,270321805,270321805
id,809769142,2026-07-02,44429096395,270440245,270440245
id,809769142,2026-07-02,52610001656,271131649,271131649
id,809769142,2026-07-02,48059253956,271501514,271501514
id,809769142,2026-07-02,48752787269,272184674,272184674
id,809769142,2026-07-02,52610001656,272184674,272184674
id,809769142,2026-07-02,43360906112,272184674,272184674
id,809769142,2026-07-02,24577552378,272184674,272184674
id,809769142,2026-07-02,29144828706,272508058,272508058
id,809769142,2026-07-02,40781619061,272855576,272855576
id,809769142,2026-07-02,55460830635,272855576,272855576
id,809769142,2026-07-02,48860851679,272855607,272855607
id,809769142,2026-07-02,49662627211,273791880,273791880
id,809769142,2026-07-03,29317152516,257838398,257838398
id,809769142,2026-07-03,26704788256,257838398,257838398
id,809769142,2026-07-03,44050582778,257838398,257838398
id,809769142,2026-07-03,27455737082,257838398,257838398
id,809769142,2026-07-03,27408030377,257838398,257838398
id,809769142,2026-07-03,28376448249,257838398,257838398
id,809769142,2026-07-03,18584356032,257838398,257838398
id,809769142,2026-07-03,20636165691,257838398,257838398
id,809769142,2026-07-03,16797836904,257838398,257838398
id,809769142,2026-07-03,23668056941,257838398,257838398
id,809769142,2026-07-03,29905930406,257838398,257838398
id,809769142,2026-07-03,19691541572,257838398,257838398
id,809769142,2026-07-03,21829166888,257838398,257838398
id,809769142,2026-07-03,22355348169,257838398,257838398
id,809769142,2026-07-03,20229171522,257838398,257838398
id,809769142,2026-07-03,24577552378,257838398,257838398
id,809769142,2026-07-03,25614268730,257838398,257838398
id,809769142,2026-07-03,29954788720,257838398,257838398
id,809769142,2026-07-03,26617444732,257838398,257838398
id,809769142,2026-07-03,29372960469,257838398,257838398
id,809769142,2026-07-03,27810365257,257838398,257838398
id,809769142,2026-07-03,27383676128,257838398,257838398
id,809769142,2026-07-03,25090328302,257838398,257838398
id,809769142,2026-07-03,29028423239,257838398,257838398
id,809769142,2026-07-03,29430013001,257838398,257838398
id,809769142,2026-07-03,29572980090,257838398,257838398
id,809769142,2026-07-03,29317152516,257838433,257838433
id,809769142,2026-07-03,29131802740,257838433,257838433
id,809769142,2026-07-03,43375172010,257838433,257838433
id,809769142,2026-07-03,52150640468,257838433,257838433
id,809769142,2026-07-03,26704788256,257838433,257838433
id,809769142,2026-07-03,55150606338,257838433,257838433
id,809769142,2026-07-03,25439085414,257838433,257838433
id,809769142,2026-07-03,51450958596,257838433,257838433
id,809769142,2026-07-03,24442098701,257838433,257838433
id,809769142,2026-07-03,29490268069,257838433,257838433
id,809769142,2026-07-03,24192367557,257838433,257838433
id,809769142,2026-07-03,23457178413,257838433,257838433
id,809769142,2026-07-03,40619026889,257838433,257838433
id,809769142,2026-07-03,29826448226,257838433,257838433
id,809769142,2026-07-03,21429166155,257838433,257838433
id,809769142,2026-07-03,54800619577,257838433,257838433
id,809769142,2026-07-03,18024029084,257838433,257838433
id,809769142,2026-07-03,26341558563,257838433,257838433
id,809769142,2026-07-03,23856176929,257838433,257838433
id,809769142,2026-07-03,43226040976,257838433,257838433
id,809769142,2026-07-03,28426633621,257838433,257838433
id,809769142,2026-07-03,26777568629,257838433,257838433
id,809769142,2026-07-03,22853217492,257838433,257838433
id,809769142,2026-07-03,27580011874,257838433,257838433
id,809769142,2026-07-03,29601433725,257838433,257838433
id,809769142,2026-07-03,22873282452,257838433,257838433
id,809769142,2026-07-03,24704461451,257838433,257838433
id,809769142,2026-07-03,44164974080,257838433,257838433
id,809769142,2026-07-03,24597552858,257838433,257838433
id,809769142,2026-07-03,40064375511,257838433,257838433
id,809769142,2026-07-03,27455737082,257838433,257838433
id,809769142,2026-07-03,27408030377,257838433,257838433
id,809769142,2026-07-03,28376448249,257838433,257838433
id,809769142,2026-07-03,50802739806,257838433,257838433
id,809769142,2026-07-03,24443458397,257838433,257838433
id,809769142,2026-07-03,42358562447,257838433,257838433
id,809769142,2026-07-03,43514974352,257838433,257838433
id,809769142,2026-07-03,18584356032,257838433,257838433
id,809769142,2026-07-03,44429096395,257838433,257838433
id,809769142,2026-07-03,20636165691,257838433,257838433
id,809769142,2026-07-03,40253957457,257838433,257838433
id,809769142,2026-07-03,16797836904,257838433,257838433
id,809769142,2026-07-03,50406870682,257838433,257838433
id,809769142,2026-07-03,49506878130,257838433,257838433
id,809769142,2026-07-03,18083979760,257838433,257838433
id,809769142,2026-07-03,28293199566,257838433,257838433
id,809769142,2026-07-03,23668056941,257838433,257838433
id,809769142,2026-07-03,21729164441,257838433,257838433
id,809769142,2026-07-03,19691541572,257838433,257838433
id,809769142,2026-07-03,21829166888,257838433,257838433
id,809769142,2026-07-03,22355348169,257838433,257838433
id,809769142,2026-07-03,20229171522,257838433,257838433
id,809769142,2026-07-03,10599605978,257838433,257838433
id,809769142,2026-07-03,20282626747,257838433,257838433
id,809769142,2026-07-03,42464292818,257838433,257838433
id,809769142,2026-07-03,41101567247,257838433,257838433
id,809769142,2026-07-03,41500309150,257838433,257838433
id,809769142,2026-07-03,51702755108,257838433,257838433
id,809769142,2026-07-03,45151558561,257838433,257838433
id,809769142,2026-07-03,29954788720,257838433,257838433
id,809769142,2026-07-03,26617444732,257838433,257838433
id,809769142,2026-07-03,57903895781,257838433,257838433
id,809769142,2026-07-03,29372960469,257838433,257838433
id,809769142,2026-07-03,27810365257,257838433,257838433
id,809769142,2026-07-03,43564342526,257838433,257838433
id,809769142,2026-07-03,19793942236,257838433,257838433
id,809769142,2026-07-03,48059253956,257838433,257838433
id,809769142,2026-07-03,25090328302,257838433,257838433
id,809769142,2026-07-03,24742813269,257838433,257838433
id,809769142,2026-07-03,56102197568,257838433,257838433
id,809769142,2026-07-03,40872286136,257838433,257838433
id,809769142,2026-07-03,29028423239,257838433,257838433
id,809769142,2026-07-03,25564103539,257838433,257838433
id,809769142,2026-07-03,28030007092,257838433,257838433
id,809769142,2026-07-03,29430013001,257838433,257838433
id,809769142,2026-07-03,27160062024,257838433,257838433
id,809769142,2026-07-03,29317152516,257838434,257838434
id,809769142,2026-07-03,26704788256,257838434,257838434
id,809769142,2026-07-03,24442098701,257838434,257838434
id,809769142,2026-07-03,44164974080,257838434,257838434
id,809769142,2026-07-03,43514974352,257838434,257838434
id,809769142,2026-07-03,20636165691,257838434,257838434
id,809769142,2026-07-03,49506878130,257838434,257838434
id,809769142,2026-07-03,18083979760,257838434,257838434
id,809769142,2026-07-03,23668056941,257838434,257838434
id,809769142,2026-07-03,19691541572,257838434,257838434
id,809769142,2026-07-03,45151558561,257838434,257838434
id,809769142,2026-07-03,29954788720,257838434,257838434
id,809769142,2026-07-03,21429166155,257838452,257838452
id,809769142,2026-07-03,27408030377,257838452,257838452
id,809769142,2026-07-03,50406870682,257838452,257838452
id,809769142,2026-07-03,21829166888,257838452,257838452
id,809769142,2026-07-03,20282626747,257838452,257838452
id,809769142,2026-07-03,41500309150,257838452,257838452
id,809769142,2026-07-03,25564103539,257838452,257838452
id,809769142,2026-07-03,18024029084,257838475,257838475
id,809769142,2026-07-03,40253957457,257838475,257838475
id,809769142,2026-07-03,21729164441,257838475,257838475
id,809769142,2026-07-03,57903895781,257838475,257838475
id,809769142,2026-07-03,27810365257,257838475,257838475
id,809769142,2026-07-03,27160062024,257838475,257838475
id,809769142,2026-07-03,43375172010,257838481,257838481
id,809769142,2026-07-03,51450958596,257838481,257838481
id,809769142,2026-07-03,29490268069,257838481,257838481
id,809769142,2026-07-03,24192367557,257838481,257838481
id,809769142,2026-07-03,26777568629,257838481,257838481
id,809769142,2026-07-03,24597552858,257838481,257838481
id,809769142,2026-07-03,40064375511,257838481,257838481
id,809769142,2026-07-03,27455737082,257838481,257838481
id,809769142,2026-07-03,50802739806,257838481,257838481
id,809769142,2026-07-03,28293199566,257838481,257838481
id,809769142,2026-07-03,22355348169,257838481,257838481
id,809769142,2026-07-03,20229171522,257838481,257838481
id,809769142,2026-07-03,41101567247,257838481,257838481
id,809769142,2026-07-03,43564342526,257838481,257838481
id,809769142,2026-07-03,24742813269,257838481,257838481
id,809769142,2026-07-03,56102197568,257838481,257838481
id,809769142,2026-07-03,29131802740,257838483,257838483
id,809769142,2026-07-03,23856176929,257838483,257838483
id,809769142,2026-07-03,22873282452,257838483,257838483
id,809769142,2026-07-03,24704461451,257838483,257838483
id,809769142,2026-07-03,24443458397,257838483,257838483
id,809769142,2026-07-03,42358562447,257838483,257838483
id,809769142,2026-07-03,18584356032,257838483,257838483
id,809769142,2026-07-03,29826448226,257838511,257838511
id,809769142,2026-07-03,28376448249,257838511,257838511
id,809769142,2026-07-03,44429096395,257838511,257838511
id,809769142,2026-07-03,51702755108,257838511,257838511
id,809769142,2026-07-03,29601433725,257838520,257838520
id,809769142,2026-07-03,42464292818,257838520,257838520
id,809769142,2026-07-03,48059253956,257838520,257838520
id,809769142,2026-07-03,48852152348,257838567,257838567
id,809769142,2026-07-03,29870133400,257838567,257838567
id,809769142,2026-07-03,40074160523,257838567,257838567
id,809769142,2026-07-03,55201716278,257838567,257838567
id,809769142,2026-07-03,41075294736,257838567,257838567
id,809769142,2026-07-03,43754734954,257838567,257838567
id,809769142,2026-07-03,57909001846,257838567,257838567
id,809769142,2026-07-03,41320590275,257838567,257838567
id,809769142,2026-07-03,29905930406,257838567,257838567
id,809769142,2026-07-03,42752568783,257838567,257838567
id,809769142,2026-07-03,52351401583,257838567,257838567
id,809769142,2026-07-03,25614268730,257838567,257838567
id,809769142,2026-07-03,28776573319,257838567,257838567
id,809769142,2026-07-03,27383676128,257838567,257838567
id,809769142,2026-07-03,28927852106,257838567,257838567
id,809769142,2026-07-03,40507001358,257838567,257838567
id,809769142,2026-07-03,29270135197,257838567,257838567
id,809769142,2026-07-03,41075294736,257838568,257838568
id,809769142,2026-07-03,43754734954,257838568,257838568
id,809769142,2026-07-03,29905930406,257838568,257838568
id,809769142,2026-07-03,52351401583,257838568,257838568
id,809769142,2026-07-03,28776573319,257838568,257838568
id,809769142,2026-07-03,28927852106,257838568,257838568
id,809769142,2026-07-03,48852152348,257838569,257838569
id,809769142,2026-07-03,29870133400,257838569,257838569
id,809769142,2026-07-03,40074160523,257838569,257838569
id,809769142,2026-07-03,55201716278,257838569,257838569
id,809769142,2026-07-03,57909001846,257838569,257838569
id,809769142,2026-07-03,41320590275,257838569,257838569
id,809769142,2026-07-03,42752568783,257838569,257838569
id,809769142,2026-07-03,25614268730,257838569,257838569
id,809769142,2026-07-03,27383676128,257838569,257838569
id,809769142,2026-07-03,40507001358,257838569,257838569
id,809769142,2026-07-03,29270135197,257838569,257838569
id,809769142,2026-07-03,52150640468,257838603,257838603
id,809769142,2026-07-03,55150606338,257838603,257838603
id,809769142,2026-07-03,25439085414,257838603,257838603
id,809769142,2026-07-03,23457178413,257838603,257838603
id,809769142,2026-07-03,40619026889,257838603,257838603
id,809769142,2026-07-03,54800619577,257838603,257838603
id,809769142,2026-07-03,26341558563,257838603,257838603
id,809769142,2026-07-03,43226040976,257838603,257838603
id,809769142,2026-07-03,28426633621,257838603,257838603
id,809769142,2026-07-03,22853217492,257838603,257838603
id,809769142,2026-07-03,27580011874,257838603,257838603
id,809769142,2026-07-03,16797836904,257838603,257838603
id,809769142,2026-07-03,10599605978,257838603,257838603
id,809769142,2026-07-03,26617444732,257838603,257838603
id,809769142,2026-07-03,29372960469,257838603,257838603
id,809769142,2026-07-03,19793942236,257838603,257838603
id,809769142,2026-07-03,25090328302,257838603,257838603
id,809769142,2026-07-03,24742813269,257838603,257838603
id,809769142,2026-07-03,40872286136,257838603,257838603
id,809769142,2026-07-03,29028423239,257838603,257838603
id,809769142,2026-07-03,28030007092,257838603,257838603
id,809769142,2026-07-03,29430013001,257838603,257838603
id,809769142,2026-07-03,29317152516,257838748,257838748
id,809769142,2026-07-03,29131802740,257838748,257838748
id,809769142,2026-07-03,26704788256,257838748,257838748
id,809769142,2026-07-03,25439085414,257838748,257838748
id,809769142,2026-07-03,41901683742,257838748,257838748
id,809769142,2026-07-03,29870133400,257838748,257838748
id,809769142,2026-07-03,24442098701,257838748,257838748
id,809769142,2026-07-03,24192367557,257838748,257838748
id,809769142,2026-07-03,29826448226,257838748,257838748
id,809769142,2026-07-03,21429166155,257838748,257838748
id,809769142,2026-07-03,18024029084,257838748,257838748
id,809769142,2026-07-03,23856176929,257838748,257838748
id,809769142,2026-07-03,26777568629,257838748,257838748
id,809769142,2026-07-03,27580011874,257838748,257838748
id,809769142,2026-07-03,22873282452,257838748,257838748
id,809769142,2026-07-03,24704461451,257838748,257838748
id,809769142,2026-07-03,40064375511,257838748,257838748
id,809769142,2026-07-03,44050582778,257838748,257838748
id,809769142,2026-07-03,27455737082,257838748,257838748
id,809769142,2026-07-03,27408030377,257838748,257838748
id,809769142,2026-07-03,28376448249,257838748,257838748
id,809769142,2026-07-03,24443458397,257838748,257838748
id,809769142,2026-07-03,27938088991,257838748,257838748
id,809769142,2026-07-03,18584356032,257838748,257838748
id,809769142,2026-07-03,20636165691,257838748,257838748
id,809769142,2026-07-03,18083979760,257838748,257838748
id,809769142,2026-07-03,23668056941,257838748,257838748
id,809769142,2026-07-03,21729164441,257838748,257838748
id,809769142,2026-07-03,19691541572,257838748,257838748
id,809769142,2026-07-03,21829166888,257838748,257838748
id,809769142,2026-07-03,22355348169,257838748,257838748
id,809769142,2026-07-03,20229171522,257838748,257838748
id,809769142,2026-07-03,20282626747,257838748,257838748
id,809769142,2026-07-03,41500309150,257838748,257838748
id,809769142,2026-07-03,29954788720,257838748,257838748
id,809769142,2026-07-03,26617444732,257838748,257838748
id,809769142,2026-07-03,29372960469,257838748,257838748
id,809769142,2026-07-03,27810365257,257838748,257838748
id,809769142,2026-07-03,25090328302,257838748,257838748
id,809769142,2026-07-03,24742813269,257838748,257838748
id,809769142,2026-07-03,29028423239,257838748,257838748
id,809769142,2026-07-03,25564103539,257838748,257838748
id,809769142,2026-07-03,29270135197,257838748,257838748
id,809769142,2026-07-03,28030007092,257838748,257838748
id,809769142,2026-07-03,29430013001,257838748,257838748
id,809769142,2026-07-03,27160062024,257838748,257838748
id,809769142,2026-07-03,29131802740,257838749,257838749
id,809769142,2026-07-03,29826448226,257838749,257838749
id,809769142,2026-07-03,24704461451,257838749,257838749
id,809769142,2026-07-03,44050582778,257838749,257838749
id,809769142,2026-07-03,28376448249,257838749,257838749
id,809769142,2026-07-03,19691541572,257838749,257838749
id,809769142,2026-07-03,21829166888,257838749,257838749
id,809769142,2026-07-03,22355348169,257838749,257838749
id,809769142,2026-07-03,41500309150,257838749,257838749
id,809769142,2026-07-03,26617444732,257838749,257838749
id,809769142,2026-07-03,29372960469,257838749,257838749
id,809769142,2026-07-03,27810365257,257838749,257838749
id,809769142,2026-07-03,29028423239,257838749,257838749
id,809769142,2026-07-03,29430013001,257838749,257838749
id,809769142,2026-07-03,29870133400,257838930,257838930
id,809769142,2026-07-03,24442098701,257838930,257838930
id,809769142,2026-07-03,26777568629,257838930,257838930
id,809769142,2026-07-03,27580011874,257838930,257838930
id,809769142,2026-07-03,20636165691,257838930,257838930
id,809769142,2026-07-03,20229171522,257838930,257838930
id,809769142,2026-07-03,29430013001,257838930,257838930
id,809769142,2026-07-03,27160062024,257838930,257838930
id,809769142,2026-07-03,25439085414,257838986,257838986
id,809769142,2026-07-03,27408030377,257838986,257838986
id,809769142,2026-07-03,29954788720,257838986,257838986
id,809769142,2026-07-03,26617444732,257838986,257838986
id,809769142,2026-07-03,29372960469,257838986,257838986
id,809769142,2026-07-03,25564103539,257838986,257838986
id,809769142,2026-07-03,18083979760,257839010,257839010
id,809769142,2026-07-03,20282626747,257839010,257839010
id,809769142,2026-07-03,29028423239,257839010,257839010
id,809769142,2026-07-03,29317152516,257839147,257839147
id,809769142,2026-07-03,26704788256,257839147,257839147
id,809769142,2026-07-03,41901683742,257839147,257839147
id,809769142,2026-07-03,21429166155,257839147,257839147
id,809769142,2026-07-03,18024029084,257839147,257839147
id,809769142,2026-07-03,22873282452,257839147,257839147
id,809769142,2026-07-03,40064375511,257839147,257839147
id,809769142,2026-07-03,27455737082,257839147,257839147
id,809769142,2026-07-03,24443458397,257839147,257839147
id,809769142,2026-07-03,27938088991,257839147,257839147
id,809769142,2026-07-03,18584356032,257839147,257839147
id,809769142,2026-07-03,23668056941,257839147,257839147
id,809769142,2026-07-03,25090328302,257839147,257839147
id,809769142,2026-07-03,24742813269,257839147,257839147
id,809769142,2026-07-03,29270135197,257839147,257839147
id,809769142,2026-07-03,24192367557,257839180,257839180
id,809769142,2026-07-03,23856176929,257839180,257839180
id,809769142,2026-07-03,27408030377,257839180,257839180
id,809769142,2026-07-03,20636165691,257839180,257839180
id,809769142,2026-07-03,21729164441,257839180,257839180
id,809769142,2026-07-03,28030007092,257839180,257839180
id,809769142,2026-07-03,40781619061,258831358,258831358
id,809769142,2026-07-03,49662627211,258831358,258831358
id,809769142,2026-07-03,52610001656,258831358,258831358
id,809769142,2026-07-03,55460830635,258831358,258831358
id,809769142,2026-07-03,29144828706,258831358,258831358
id,809769142,2026-07-03,44429096395,258831358,258831358
id,809769142,2026-07-03,50406870682,258831358,258831358
id,809769142,2026-07-03,49506878130,258831358,258831358
id,809769142,2026-07-03,48860851679,258831358,258831358
id,809769142,2026-07-03,48059253956,258831358,258831358
id,809769142,2026-07-03,49506878130,264958058,264958058
id,809769142,2026-07-03,44328247175,267026251,267026251
id,809769142,2026-07-03,40978051346,267026251,267026251
id,809769142,2026-07-03,50406870682,270321805,270321805
id,809769142,2026-07-03,44429096395,270440245,270440245
id,809769142,2026-07-03,52610001656,271131649,271131649
id,809769142,2026-07-03,48059253956,271501514,271501514
id,809769142,2026-07-03,48752787269,272184674,272184674
id,809769142,2026-07-03,52610001656,272184674,272184674
id,809769142,2026-07-03,43360906112,272184674,272184674
id,809769142,2026-07-03,24577552378,272184674,272184674
id,809769142,2026-07-03,29144828706,272508058,272508058
id,809769142,2026-07-03,40781619061,272855576,272855576
id,809769142,2026-07-03,55460830635,272855576,272855576
id,809769142,2026-07-03,48860851679,272855607,272855607
id,809769142,2026-07-03,49662627211,273791880,273791880
id,859233628,2026-07-01,24078859514,11043151,11043151
id,859233628,2026-07-01,18154327789,11043259,11043259
id,859233628,2026-07-01,18450976047,11043259,11043259
id,859233628,2026-07-01,23100064799,11043259,11043259
id,859233628,2026-07-01,23168355689,11043261,11043261
id,859233628,2026-07-01,23200058244,11043261,11043261
id,859233628,2026-07-01,22827368281,11043277,11043277
id,859233628,2026-07-01,22328349764,11043277,11043277
id,859233628,2026-07-01,23700000064,11043277,11043277
id,859233628,2026-07-01,28601819965,11043277,11043277
id,859233628,2026-07-02,24078859514,11043151,11043151
id,859233628,2026-07-02,18154327789,11043259,11043259
id,859233628,2026-07-02,18450976047,11043259,11043259
id,859233628,2026-07-02,23100064799,11043259,11043259
id,859233628,2026-07-02,23168355689,11043261,11043261
id,859233628,2026-07-02,23200058244,11043261,11043261
id,859233628,2026-07-02,22827368281,11043277,11043277
id,859233628,2026-07-02,22328349764,11043277,11043277
id,859233628,2026-07-02,23700000064,11043277,11043277
id,859233628,2026-07-02,28601819965,11043277,11043277
id,859233628,2026-07-03,24078859514,11043151,11043151
id,859233628,2026-07-03,18154327789,11043259,11043259
id,859233628,2026-07-03,18450976047,11043259,11043259
id,859233628,2026-07-03,23100064799,11043259,11043259
id,859233628,2026-07-03,23200058244,11043261,11043261
id,859233628,2026-07-03,23168355689,11043261,11043261
id,859233628,2026-07-03,28601819965,11043277,11043277
id,859233628,2026-07-03,22328349764,11043277,11043277
id,859233628,2026-07-03,22827368281,11043277,11043277
id,859233628,2026-07-03,23700000064,11043277,11043277
vn,108166524,2026-07-01,22764900114,257047654,257047654
vn,108166524,2026-07-01,1759126818,257047654,257047654
vn,108166524,2026-07-01,21217504122,257047654,257047654
vn,108166524,2026-07-01,22172626348,257047654,257047654
vn,108166524,2026-07-01,19351768341,257047654,257047654
vn,108166524,2026-07-01,11818497272,257047654,257047654
vn,108166524,2026-07-01,20513481191,257047654,257047654
vn,108166524,2026-07-01,25642549505,257047654,257047654
vn,108166524,2026-07-01,18517504771,257047654,257047654
vn,108166524,2026-07-01,20018190581,257047654,257047654
vn,108166524,2026-07-01,17377770549,257047654,257047654
vn,108166524,2026-07-01,21217504122,257047677,257047677
vn,108166524,2026-07-01,22172626348,257047677,257047677
vn,108166524,2026-07-01,19351768341,257047677,257047677
vn,108166524,2026-07-01,11818497272,257047677,257047677
vn,108166524,2026-07-01,22764900114,257047679,257047679
vn,108166524,2026-07-01,1759126818,257047679,257047679
vn,108166524,2026-07-01,20513481191,257047679,257047679
vn,108166524,2026-07-01,25642549505,257047679,257047679
vn,108166524,2026-07-01,18517504771,257047679,257047679
vn,108166524,2026-07-01,20018190581,257047679,257047679
vn,108166524,2026-07-01,17377770549,257047679,257047679
vn,108166524,2026-07-01,17483738735,257047685,257047685
vn,108166524,2026-07-01,16081861365,257047685,257047685
vn,108166524,2026-07-01,25364580727,257047685,257047685
vn,108166524,2026-07-01,42463531743,257047685,257047685
vn,108166524,2026-07-01,7005434955,257047685,257047685
vn,108166524,2026-07-01,19234852537,257047685,257047685
vn,108166524,2026-07-01,29179302583,257047685,257047685
vn,108166524,2026-07-01,2260506115,257047685,257047685
vn,108166524,2026-07-01,44101214714,257047685,257047685
vn,108166524,2026-07-01,45361734616,257047685,257047685
vn,108166524,2026-07-01,21591659164,257047685,257047685
vn,108166524,2026-07-01,45011729618,257047685,257047685
vn,108166524,2026-07-01,25142564416,257047685,257047685
vn,108166524,2026-07-01,41073495592,257047685,257047685
vn,108166524,2026-07-01,17483738735,257047687,257047687
vn,108166524,2026-07-01,16081861365,257047687,257047687
vn,108166524,2026-07-01,25364580727,257047687,257047687
vn,108166524,2026-07-01,42463531743,257047687,257047687
vn,108166524,2026-07-01,7005434955,257047687,257047687
vn,108166524,2026-07-01,19234852537,257047687,257047687
vn,108166524,2026-07-01,29179302583,257047687,257047687
vn,108166524,2026-07-01,2260506115,257047687,257047687
vn,108166524,2026-07-01,44101214714,257047687,257047687
vn,108166524,2026-07-01,45361734616,257047687,257047687
vn,108166524,2026-07-01,21591659164,257047687,257047687
vn,108166524,2026-07-01,45011729618,257047687,257047687
vn,108166524,2026-07-01,25142564416,257047687,257047687
vn,108166524,2026-07-01,41073495592,257047687,257047687
vn,108166524,2026-07-01,10218493690,257047700,257047700
vn,108166524,2026-07-01,29929277161,257047700,257047700
vn,108166524,2026-07-01,28729293005,257047700,257047700
vn,108166524,2026-07-01,28079281911,257047700,257047700
vn,108166524,2026-07-01,42955556831,257047700,257047700
vn,108166524,2026-07-01,19079264764,257047700,257047700
vn,108166524,2026-07-01,49254147237,257047700,257047700
vn,108166524,2026-07-01,15909559942,257047700,257047700
vn,108166524,2026-07-01,11518480861,257047700,257047700
vn,108166524,2026-07-01,53654127440,257047700,257047700
vn,108166524,2026-07-01,45404142712,257047700,257047700
vn,108166524,2026-07-01,57054122936,257047700,257047700
vn,108166524,2026-07-01,41677746493,257047700,257047700
vn,108166524,2026-07-01,52854131624,257047700,257047700
vn,108166524,2026-07-01,47806387854,257047700,257047700
vn,108166524,2026-07-01,42962543920,257047700,257047700
vn,108166524,2026-07-01,52204122884,257047700,257047700
vn,108166524,2026-07-01,46804156138,257047700,257047700
vn,108166524,2026-07-01,41228927414,257047700,257047700
vn,108166524,2026-07-01,48406531717,257047700,257047700
vn,108166524,2026-07-01,3075288173,257047700,257047700
vn,108166524,2026-07-01,46807629209,257047700,257047700
vn,108166524,2026-07-01,47055534935,257047700,257047700
vn,108166524,2026-07-01,51652982842,257047700,257047700
vn,108166524,2026-07-01,55604121866,257047700,257047700
vn,108166524,2026-07-01,47254151647,257047700,257047700
vn,108166524,2026-07-01,55952428549,257047700,257047700
vn,108166524,2026-07-01,57802014514,257047700,257047700
vn,108166524,2026-07-01,47303008009,257047700,257047700
vn,108166524,2026-07-01,46204147616,257047700,257047700
vn,108166524,2026-07-01,45252508882,257047700,257047700
vn,108166524,2026-07-01,54952020709,257047700,257047700
vn,108166524,2026-07-01,41276719159,257047700,257047700
vn,108166524,2026-07-01,42577755622,257047700,257047700
vn,108166524,2026-07-01,52702489216,257047700,257047700
vn,108166524,2026-07-01,54602009580,257047700,257047700
vn,108166524,2026-07-01,45552660535,257047700,257047700
vn,108166524,2026-07-01,49552029594,257047700,257047700
vn,108166524,2026-07-01,50154131337,257047700,257047700
vn,108166524,2026-07-01,50556508874,257047700,257047700
vn,108166524,2026-07-01,43526722905,257047700,257047700
vn,108166524,2026-07-01,43677750849,257047700,257047700
vn,108166524,2026-07-01,54752025528,257047700,257047700
vn,108166524,2026-07-01,55454127534,257047700,257047700
vn,108166524,2026-07-01,29929277161,257047701,257047701
vn,108166524,2026-07-01,28079281911,257047701,257047701
vn,108166524,2026-07-01,42955556831,257047701,257047701
vn,108166524,2026-07-01,19079264764,257047701,257047701
vn,108166524,2026-07-01,49254147237,257047701,257047701
vn,108166524,2026-07-01,11518480861,257047701,257047701
vn,108166524,2026-07-01,53654127440,257047701,257047701
vn,108166524,2026-07-01,45404142712,257047701,257047701
vn,108166524,2026-07-01,57054122936,257047701,257047701
vn,108166524,2026-07-01,41677746493,257047701,257047701
vn,108166524,2026-07-01,52854131624,257047701,257047701
vn,108166524,2026-07-01,47806387854,257047701,257047701
vn,108166524,2026-07-01,42962543920,257047701,257047701
vn,108166524,2026-07-01,52204122884,257047701,257047701
vn,108166524,2026-07-01,46804156138,257047701,257047701
vn,108166524,2026-07-01,3075288173,257047701,257047701
vn,108166524,2026-07-01,46807629209,257047701,257047701
vn,108166524,2026-07-01,47055534935,257047701,257047701
vn,108166524,2026-07-01,51652982842,257047701,257047701
vn,108166524,2026-07-01,55604121866,257047701,257047701
vn,108166524,2026-07-01,47254151647,257047701,257047701
vn,108166524,2026-07-01,55952428549,257047701,257047701
vn,108166524,2026-07-01,57802014514,257047701,257047701
vn,108166524,2026-07-01,47303008009,257047701,257047701
vn,108166524,2026-07-01,46204147616,257047701,257047701
vn,108166524,2026-07-01,45252508882,257047701,257047701
vn,108166524,2026-07-01,54952020709,257047701,257047701
vn,108166524,2026-07-01,41276719159,257047701,257047701
vn,108166524,2026-07-01,42577755622,257047701,257047701
vn,108166524,2026-07-01,52702489216,257047701,257047701
vn,108166524,2026-07-01,54602009580,257047701,257047701
vn,108166524,2026-07-01,45552660535,257047701,257047701
vn,108166524,2026-07-01,49552029594,257047701,257047701
vn,108166524,2026-07-01,50154131337,257047701,257047701
vn,108166524,2026-07-01,43526722905,257047701,257047701
vn,108166524,2026-07-01,43677750849,257047701,257047701
vn,108166524,2026-07-01,54752025528,257047701,257047701
vn,108166524,2026-07-01,55454127534,257047701,257047701
vn,108166524,2026-07-01,10218493690,257047702,257047702
vn,108166524,2026-07-01,28729293005,257047702,257047702
vn,108166524,2026-07-01,15909559942,257047702,257047702
vn,108166524,2026-07-01,41228927414,257047702,257047702
vn,108166524,2026-07-01,48406531717,257047702,257047702
vn,108166524,2026-07-01,50556508874,257047702,257047702
vn,108166524,2026-07-02,22764900114,257047654,257047654
vn,108166524,2026-07-02,21217504122,257047654,257047654
vn,108166524,2026-07-02,1759126818,257047654,257047654
vn,108166524,2026-07-02,22172626348,257047654,257047654
vn,108166524,2026-07-02,19351768341,257047654,257047654
vn,108166524,2026-07-02,11818497272,257047654,257047654
vn,108166524,2026-07-02,20513481191,257047654,257047654
vn,108166524,2026-07-02,25642549505,257047654,257047654
vn,108166524,2026-07-02,18517504771,257047654,257047654
vn,108166524,2026-07-02,20018190581,257047654,257047654
vn,108166524,2026-07-02,17377770549,257047654,257047654
vn,108166524,2026-07-02,21217504122,257047677,257047677
vn,108166524,2026-07-02,22172626348,257047677,257047677
vn,108166524,2026-07-02,19351768341,257047677,257047677
vn,108166524,2026-07-02,11818497272,257047677,257047677
vn,108166524,2026-07-02,22764900114,257047679,257047679
vn,108166524,2026-07-02,1759126818,257047679,257047679
vn,108166524,2026-07-02,20513481191,257047679,257047679
vn,108166524,2026-07-02,25642549505,257047679,257047679
vn,108166524,2026-07-02,18517504771,257047679,257047679
vn,108166524,2026-07-02,20018190581,257047679,257047679
vn,108166524,2026-07-02,17377770549,257047679,257047679
vn,108166524,2026-07-02,17483738735,257047685,257047685
vn,108166524,2026-07-02,16081861365,257047685,257047685
vn,108166524,2026-07-02,25364580727,257047685,257047685
vn,108166524,2026-07-02,24814585810,257047685,257047685
vn,108166524,2026-07-02,42463531743,257047685,257047685
vn,108166524,2026-07-02,7005434955,257047685,257047685
vn,108166524,2026-07-02,19234852537,257047685,257047685
vn,108166524,2026-07-02,29179302583,257047685,257047685
vn,108166524,2026-07-02,2260506115,257047685,257047685
vn,108166524,2026-07-02,44101214714,257047685,257047685
vn,108166524,2026-07-02,45361734616,257047685,257047685
vn,108166524,2026-07-02,21591659164,257047685,257047685
vn,108166524,2026-07-02,45011729618,257047685,257047685
vn,108166524,2026-07-02,25142564416,257047685,257047685
vn,108166524,2026-07-02,41073495592,257047685,257047685
vn,108166524,2026-07-02,17483738735,257047687,257047687
vn,108166524,2026-07-02,16081861365,257047687,257047687
vn,108166524,2026-07-02,25364580727,257047687,257047687
vn,108166524,2026-07-02,24814585810,257047687,257047687
vn,108166524,2026-07-02,42463531743,257047687,257047687
vn,108166524,2026-07-02,7005434955,257047687,257047687
vn,108166524,2026-07-02,19234852537,257047687,257047687
vn,108166524,2026-07-02,29179302583,257047687,257047687
vn,108166524,2026-07-02,2260506115,257047687,257047687
vn,108166524,2026-07-02,44101214714,257047687,257047687
vn,108166524,2026-07-02,45361734616,257047687,257047687
vn,108166524,2026-07-02,21591659164,257047687,257047687
vn,108166524,2026-07-02,45011729618,257047687,257047687
vn,108166524,2026-07-02,25142564416,257047687,257047687
vn,108166524,2026-07-02,41073495592,257047687,257047687
vn,108166524,2026-07-02,29929277161,257047700,257047700
vn,108166524,2026-07-02,10218493690,257047700,257047700
vn,108166524,2026-07-02,19079264764,257047700,257047700
vn,108166524,2026-07-02,28729293005,257047700,257047700
vn,108166524,2026-07-02,28079281911,257047700,257047700
vn,108166524,2026-07-02,53654127440,257047700,257047700
vn,108166524,2026-07-02,11518480861,257047700,257047700
vn,108166524,2026-07-02,57054122936,257047700,257047700
vn,108166524,2026-07-02,45404142712,257047700,257047700
vn,108166524,2026-07-02,41677746493,257047700,257047700
vn,108166524,2026-07-02,47806387854,257047700,257047700
vn,108166524,2026-07-02,52204122884,257047700,257047700
vn,108166524,2026-07-02,3075288173,257047700,257047700
vn,108166524,2026-07-02,42962543920,257047700,257047700
vn,108166524,2026-07-02,47055534935,257047700,257047700
vn,108166524,2026-07-02,46807629209,257047700,257047700
vn,108166524,2026-07-02,41228927414,257047700,257047700
vn,108166524,2026-07-02,55604121866,257047700,257047700
vn,108166524,2026-07-02,51652982842,257047700,257047700
vn,108166524,2026-07-02,47254151647,257047700,257047700
vn,108166524,2026-07-02,57802014514,257047700,257047700
vn,108166524,2026-07-02,47303008009,257047700,257047700
vn,108166524,2026-07-02,46204147616,257047700,257047700
vn,108166524,2026-07-02,45252508882,257047700,257047700
vn,108166524,2026-07-02,54952020709,257047700,257047700
vn,108166524,2026-07-02,42577755622,257047700,257047700
vn,108166524,2026-07-02,41276719159,257047700,257047700
vn,108166524,2026-07-02,54602009580,257047700,257047700
vn,108166524,2026-07-02,45552660535,257047700,257047700
vn,108166524,2026-07-02,49552029594,257047700,257047700
vn,108166524,2026-07-02,43526722905,257047700,257047700
vn,108166524,2026-07-02,50154131337,257047700,257047700
vn,108166524,2026-07-02,43677750849,257047700,257047700
vn,108166524,2026-07-02,50556508874,257047700,257047700
vn,108166524,2026-07-02,54752025528,257047700,257047700
vn,108166524,2026-07-02,55454127534,257047700,257047700
vn,108166524,2026-07-02,29929277161,257047701,257047701
vn,108166524,2026-07-02,19079264764,257047701,257047701
vn,108166524,2026-07-02,28079281911,257047701,257047701
vn,108166524,2026-07-02,53654127440,257047701,257047701
vn,108166524,2026-07-02,11518480861,257047701,257047701
vn,108166524,2026-07-02,57054122936,257047701,257047701
vn,108166524,2026-07-02,45404142712,257047701,257047701
vn,108166524,2026-07-02,41677746493,257047701,257047701
vn,108166524,2026-07-02,47806387854,257047701,257047701
vn,108166524,2026-07-02,52204122884,257047701,257047701
vn,108166524,2026-07-02,3075288173,257047701,257047701
vn,108166524,2026-07-02,42962543920,257047701,257047701
vn,108166524,2026-07-02,47055534935,257047701,257047701
vn,108166524,2026-07-02,46807629209,257047701,257047701
vn,108166524,2026-07-02,55604121866,257047701,257047701
vn,108166524,2026-07-02,51652982842,257047701,257047701
vn,108166524,2026-07-02,47254151647,257047701,257047701
vn,108166524,2026-07-02,57802014514,257047701,257047701
vn,108166524,2026-07-02,47303008009,257047701,257047701
vn,108166524,2026-07-02,46204147616,257047701,257047701
vn,108166524,2026-07-02,45252508882,257047701,257047701
vn,108166524,2026-07-02,54952020709,257047701,257047701
vn,108166524,2026-07-02,42577755622,257047701,257047701
vn,108166524,2026-07-02,41276719159,257047701,257047701
vn,108166524,2026-07-02,54602009580,257047701,257047701
vn,108166524,2026-07-02,45552660535,257047701,257047701
vn,108166524,2026-07-02,49552029594,257047701,257047701
vn,108166524,2026-07-02,43526722905,257047701,257047701
vn,108166524,2026-07-02,50154131337,257047701,257047701
vn,108166524,2026-07-02,43677750849,257047701,257047701
vn,108166524,2026-07-02,54752025528,257047701,257047701
vn,108166524,2026-07-02,55454127534,257047701,257047701
vn,108166524,2026-07-02,10218493690,257047702,257047702
vn,108166524,2026-07-02,28729293005,257047702,257047702
vn,108166524,2026-07-02,41228927414,257047702,257047702
vn,108166524,2026-07-02,50556508874,257047702,257047702
vn,108166524,2026-07-03,1759126818,257047654,257047654
vn,108166524,2026-07-03,11818497272,257047654,257047654
vn,108166524,2026-07-03,19351768341,257047654,257047654
vn,108166524,2026-07-03,22172626348,257047654,257047654
vn,108166524,2026-07-03,21217504122,257047654,257047654
vn,108166524,2026-07-03,20513481191,257047654,257047654
vn,108166524,2026-07-03,18517504771,257047654,257047654
vn,108166524,2026-07-03,25642549505,257047654,257047654
vn,108166524,2026-07-03,20018190581,257047654,257047654
vn,108166524,2026-07-03,17377770549,257047654,257047654
vn,108166524,2026-07-03,11818497272,257047677,257047677
vn,108166524,2026-07-03,19351768341,257047677,257047677
vn,108166524,2026-07-03,22172626348,257047677,257047677
vn,108166524,2026-07-03,21217504122,257047677,257047677
vn,108166524,2026-07-03,1759126818,257047679,257047679
vn,108166524,2026-07-03,20513481191,257047679,257047679
vn,108166524,2026-07-03,18517504771,257047679,257047679
vn,108166524,2026-07-03,25642549505,257047679,257047679
vn,108166524,2026-07-03,20018190581,257047679,257047679
vn,108166524,2026-07-03,17377770549,257047679,257047679
vn,108166524,2026-07-03,17483738735,257047685,257047685
vn,108166524,2026-07-03,16081861365,257047685,257047685
vn,108166524,2026-07-03,25364580727,257047685,257047685
vn,108166524,2026-07-03,42463531743,257047685,257047685
vn,108166524,2026-07-03,7005434955,257047685,257047685
vn,108166524,2026-07-03,29179302583,257047685,257047685
vn,108166524,2026-07-03,55211157221,257047685,257047685
vn,108166524,2026-07-03,2260506115,257047685,257047685
vn,108166524,2026-07-03,44101214714,257047685,257047685
vn,108166524,2026-07-03,21591659164,257047685,257047685
vn,108166524,2026-07-03,19234852537,257047685,257047685
vn,108166524,2026-07-03,45361734616,257047685,257047685
vn,108166524,2026-07-03,45011729618,257047685,257047685
vn,108166524,2026-07-03,41073495592,257047685,257047685
vn,108166524,2026-07-03,25142564416,257047685,257047685
vn,108166524,2026-07-03,17483738735,257047687,257047687
vn,108166524,2026-07-03,16081861365,257047687,257047687
vn,108166524,2026-07-03,25364580727,257047687,257047687
vn,108166524,2026-07-03,42463531743,257047687,257047687
vn,108166524,2026-07-03,7005434955,257047687,257047687
vn,108166524,2026-07-03,29179302583,257047687,257047687
vn,108166524,2026-07-03,55211157221,257047687,257047687
vn,108166524,2026-07-03,2260506115,257047687,257047687
vn,108166524,2026-07-03,44101214714,257047687,257047687
vn,108166524,2026-07-03,21591659164,257047687,257047687
vn,108166524,2026-07-03,19234852537,257047687,257047687
vn,108166524,2026-07-03,45361734616,257047687,257047687
vn,108166524,2026-07-03,45011729618,257047687,257047687
vn,108166524,2026-07-03,41073495592,257047687,257047687
vn,108166524,2026-07-03,25142564416,257047687,257047687
vn,108166524,2026-07-03,29929277161,257047700,257047700
vn,108166524,2026-07-03,10218493690,257047700,257047700
vn,108166524,2026-07-03,19079264764,257047700,257047700
vn,108166524,2026-07-03,53654127440,257047700,257047700
vn,108166524,2026-07-03,42955556831,257047700,257047700
vn,108166524,2026-07-03,28079281911,257047700,257047700
vn,108166524,2026-07-03,11518480861,257047700,257047700
vn,108166524,2026-07-03,45404142712,257047700,257047700
vn,108166524,2026-07-03,41677746493,257047700,257047700
vn,108166524,2026-07-03,49254147237,257047700,257047700
vn,108166524,2026-07-03,42962543920,257047700,257047700
vn,108166524,2026-07-03,28729293005,257047700,257047700
vn,108166524,2026-07-03,3075288173,257047700,257047700
vn,108166524,2026-07-03,57054122936,257047700,257047700
vn,108166524,2026-07-03,52204122884,257047700,257047700
vn,108166524,2026-07-03,47806387854,257047700,257047700
vn,108166524,2026-07-03,52854131624,257047700,257047700
vn,108166524,2026-07-03,46804156138,257047700,257047700
vn,108166524,2026-07-03,47055534935,257047700,257047700
vn,108166524,2026-07-03,55604121866,257047700,257047700
vn,108166524,2026-07-03,46807629209,257047700,257047700
vn,108166524,2026-07-03,41228927414,257047700,257047700
vn,108166524,2026-07-03,47254151647,257047700,257047700
vn,108166524,2026-07-03,57802014514,257047700,257047700
vn,108166524,2026-07-03,46204147616,257047700,257047700
vn,108166524,2026-07-03,51652982842,257047700,257047700
vn,108166524,2026-07-03,47303008009,257047700,257047700
vn,108166524,2026-07-03,45252508882,257047700,257047700
vn,108166524,2026-07-03,42577755622,257047700,257047700
vn,108166524,2026-07-03,41276719159,257047700,257047700
vn,108166524,2026-07-03,52702489216,257047700,257047700
vn,108166524,2026-07-03,55454127534,257047700,257047700
vn,108166524,2026-07-03,54602009580,257047700,257047700
vn,108166524,2026-07-03,45552660535,257047700,257047700
vn,108166524,2026-07-03,54952020709,257047700,257047700
vn,108166524,2026-07-03,49552029594,257047700,257047700
vn,108166524,2026-07-03,43677750849,257047700,257047700
vn,108166524,2026-07-03,50154131337,257047700,257047700
vn,108166524,2026-07-03,43526722905,257047700,257047700
vn,108166524,2026-07-03,50556508874,257047700,257047700
vn,108166524,2026-07-03,54752025528,257047700,257047700
vn,108166524,2026-07-03,29929277161,257047701,257047701
vn,108166524,2026-07-03,19079264764,257047701,257047701
vn,108166524,2026-07-03,53654127440,257047701,257047701
vn,108166524,2026-07-03,42955556831,257047701,257047701
vn,108166524,2026-07-03,28079281911,257047701,257047701
vn,108166524,2026-07-03,11518480861,257047701,257047701
vn,108166524,2026-07-03,45404142712,257047701,257047701
vn,108166524,2026-07-03,41677746493,257047701,257047701
vn,108166524,2026-07-03,49254147237,257047701,257047701
vn,108166524,2026-07-03,42962543920,257047701,257047701
vn,108166524,2026-07-03,3075288173,257047701,257047701
vn,108166524,2026-07-03,57054122936,257047701,257047701
vn,108166524,2026-07-03,52204122884,257047701,257047701
vn,108166524,2026-07-03,47806387854,257047701,257047701
vn,108166524,2026-07-03,52854131624,257047701,257047701
vn,108166524,2026-07-03,46804156138,257047701,257047701
vn,108166524,2026-07-03,47055534935,257047701,257047701
vn,108166524,2026-07-03,55604121866,257047701,257047701
vn,108166524,2026-07-03,46807629209,257047701,257047701
vn,108166524,2026-07-03,47254151647,257047701,257047701
vn,108166524,2026-07-03,57802014514,257047701,257047701
vn,108166524,2026-07-03,46204147616,257047701,257047701
vn,108166524,2026-07-03,51652982842,257047701,257047701
vn,108166524,2026-07-03,47303008009,257047701,257047701
vn,108166524,2026-07-03,45252508882,257047701,257047701
vn,108166524,2026-07-03,42577755622,257047701,257047701
vn,108166524,2026-07-03,41276719159,257047701,257047701
vn,108166524,2026-07-03,52702489216,257047701,257047701
vn,108166524,2026-07-03,55454127534,257047701,257047701
vn,108166524,2026-07-03,54602009580,257047701,257047701
vn,108166524,2026-07-03,45552660535,257047701,257047701
vn,108166524,2026-07-03,54952020709,257047701,257047701
vn,108166524,2026-07-03,49552029594,257047701,257047701
vn,108166524,2026-07-03,43677750849,257047701,257047701
vn,108166524,2026-07-03,50154131337,257047701,257047701
vn,108166524,2026-07-03,43526722905,257047701,257047701
vn,108166524,2026-07-03,54752025528,257047701,257047701
vn,108166524,2026-07-03,10218493690,257047702,257047702
vn,108166524,2026-07-03,28729293005,257047702,257047702
vn,108166524,2026-07-03,41228927414,257047702,257047702
vn,108166524,2026-07-03,50556508874,257047702,257047702
vn,1145316676,2026-07-01,24810760293,249843039,249843039
vn,1145316676,2026-07-01,24710759163,249843039,249843039
vn,1145316676,2026-07-01,25411944727,249843039,249843039
vn,1145316676,2026-07-01,25661947997,249843039,249843039
vn,1145316676,2026-07-01,25760757038,249843042,249843042
vn,1145316676,2026-07-01,25811942299,249843042,249843042
vn,1145316676,2026-07-01,46857620541,249843042,249843042
vn,1145316676,2026-07-01,47857620474,249843042,249843042
vn,1145316676,2026-07-01,24135901205,251079961,251079961
vn,1145316676,2026-07-01,27611883214,251079961,251079961
vn,1145316676,2026-07-01,43157122803,251079961,251079961
vn,1145316676,2026-07-01,26682672239,251079961,251079961
vn,1145316676,2026-07-01,57301655172,251079961,251079961
vn,1145316676,2026-07-01,44377021220,251079961,251079961
vn,1145316676,2026-07-01,27884205234,251079961,251079961
vn,1145316676,2026-07-01,58002620314,251079961,251079961
vn,1145316676,2026-07-01,28611884248,251079961,251079961
vn,1145316676,2026-07-01,28944224686,251079961,251079961
vn,1145316676,2026-07-01,53306094941,251079961,251079961
vn,1145316676,2026-07-01,56502619005,251079961,251079961
vn,1145316676,2026-07-01,45654540269,251079961,251079961
vn,1145316676,2026-07-01,55004514688,251079961,251079961
vn,1145316676,2026-07-01,28844273090,251079961,251079961
vn,1145316676,2026-07-01,57906098813,251079961,251079961
vn,1145316676,2026-07-01,26429048596,251474167,251474167
vn,1145316676,2026-07-01,26229062943,251474167,251474167
vn,1145316676,2026-07-01,27229058273,251474167,251474167
vn,1145316676,2026-07-01,52257990316,251474167,251474167
vn,1145316676,2026-07-01,45951323803,251474167,251474167
vn,1145316676,2026-07-01,53358041887,251474167,251474167
vn,1145316676,2026-07-01,51407984307,251474167,251474167
vn,1145316676,2026-07-01,56701308093,251474167,251474167
vn,1145316676,2026-07-01,54858041814,251474167,251474167
vn,1145316676,2026-07-01,26429048596,257340819,257340819
vn,1145316676,2026-07-01,51407984307,257340819,257340819
vn,1145316676,2026-07-01,56701308093,257340819,257340819
vn,1145316676,2026-07-01,27229058273,257340823,257340823
vn,1145316676,2026-07-01,53358041887,257340823,257340823
vn,1145316676,2026-07-01,54858041814,257340823,257340823
vn,1145316676,2026-07-01,27611883214,257905359,257905359
vn,1145316676,2026-07-01,57301655172,257905359,257905359
vn,1145316676,2026-07-01,28611884248,257905359,257905359
vn,1145316676,2026-07-01,48808360600,257905359,257905359
vn,1145316676,2026-07-01,55708176377,257905359,257905359
vn,1145316676,2026-07-01,28844273090,257905359,257905359
vn,1145316676,2026-07-01,54658185548,257905359,257905359
vn,1145316676,2026-07-01,47408351576,257905359,257905359
vn,1145316676,2026-07-01,28611884248,257905360,257905360
vn,1145316676,2026-07-01,27611883214,257905688,257905688
vn,1145316676,2026-07-01,55708176377,257905688,257905688
vn,1145316676,2026-07-01,54658185548,257905688,257905688
vn,1145316676,2026-07-01,57301655172,257905693,257905693
vn,1145316676,2026-07-01,48808360600,257905693,257905693
vn,1145316676,2026-07-01,47408351576,257905693,257905693
vn,1145316676,2026-07-01,28844273090,258521101,258521101
vn,1145316676,2026-07-01,24135901205,260135483,260135483
vn,1145316676,2026-07-01,26663401389,260135483,260135483
vn,1145316676,2026-07-01,27611883214,260135483,260135483
vn,1145316676,2026-07-01,43157122803,260135483,260135483
vn,1145316676,2026-07-01,26682672239,260135483,260135483
vn,1145316676,2026-07-01,57301655172,260135483,260135483
vn,1145316676,2026-07-01,44377021220,260135483,260135483
vn,1145316676,2026-07-01,27884205234,260135483,260135483
vn,1145316676,2026-07-01,58002620314,260135483,260135483
vn,1145316676,2026-07-01,28611884248,260135483,260135483
vn,1145316676,2026-07-01,49354539673,260135483,260135483
vn,1145316676,2026-07-01,28944224686,260135483,260135483
vn,1145316676,2026-07-01,53306094941,260135483,260135483
vn,1145316676,2026-07-01,56502619005,260135483,260135483
vn,1145316676,2026-07-01,48808360600,260135483,260135483
vn,1145316676,2026-07-01,45654540269,260135483,260135483
vn,1145316676,2026-07-01,55004514688,260135483,260135483
vn,1145316676,2026-07-01,55708176377,260135483,260135483
vn,1145316676,2026-07-01,28844273090,260135483,260135483
vn,1145316676,2026-07-01,57906098813,260135483,260135483
vn,1145316676,2026-07-01,54658185548,260135483,260135483
vn,1145316676,2026-07-01,47408351576,260135483,260135483
vn,1145316676,2026-07-01,24135901205,260135597,260135597
vn,1145316676,2026-07-01,43157122803,260135597,260135597
vn,1145316676,2026-07-01,26682672239,260135597,260135597
vn,1145316676,2026-07-01,44377021220,260135597,260135597
vn,1145316676,2026-07-01,58002620314,260135597,260135597
vn,1145316676,2026-07-01,28944224686,260135597,260135597
vn,1145316676,2026-07-01,53306094941,260135597,260135597
vn,1145316676,2026-07-01,56502619005,260135597,260135597
vn,1145316676,2026-07-01,45654540269,260135597,260135597
vn,1145316676,2026-07-01,55004514688,260135597,260135597
vn,1145316676,2026-07-01,57906098813,260135597,260135597
vn,1145316676,2026-07-01,26229062943,261098687,261098687
vn,1145316676,2026-07-01,52257990316,261098687,261098687
vn,1145316676,2026-07-01,45951323803,261098687,261098687
vn,1145316676,2026-07-01,48560929285,272010130,272010130
vn,1145316676,2026-07-01,47260940318,272010130,272010130
vn,1145316676,2026-07-01,51960915243,272010130,272010130
vn,1145316676,2026-07-01,40931076959,272010130,272010130
vn,1145316676,2026-07-02,24810760293,249843039,249843039
vn,1145316676,2026-07-02,24710759163,249843039,249843039
vn,1145316676,2026-07-02,25411944727,249843039,249843039
vn,1145316676,2026-07-02,25661947997,249843039,249843039
vn,1145316676,2026-07-02,25760757038,249843042,249843042
vn,1145316676,2026-07-02,25811942299,249843042,249843042
vn,1145316676,2026-07-02,46857620541,249843042,249843042
vn,1145316676,2026-07-02,47857620474,249843042,249843042
vn,1145316676,2026-07-02,24135901205,251079961,251079961
vn,1145316676,2026-07-02,27611883214,251079961,251079961
vn,1145316676,2026-07-02,43157122803,251079961,251079961
vn,1145316676,2026-07-02,26682672239,251079961,251079961
vn,1145316676,2026-07-02,57301655172,251079961,251079961
vn,1145316676,2026-07-02,44377021220,251079961,251079961
vn,1145316676,2026-07-02,27884205234,251079961,251079961
vn,1145316676,2026-07-02,58002620314,251079961,251079961
vn,1145316676,2026-07-02,28611884248,251079961,251079961
vn,1145316676,2026-07-02,28944224686,251079961,251079961
vn,1145316676,2026-07-02,53306094941,251079961,251079961
vn,1145316676,2026-07-02,56502619005,251079961,251079961
vn,1145316676,2026-07-02,45654540269,251079961,251079961
vn,1145316676,2026-07-02,55004514688,251079961,251079961
vn,1145316676,2026-07-02,28844273090,251079961,251079961
vn,1145316676,2026-07-02,57906098813,251079961,251079961
vn,1145316676,2026-07-02,26429048596,251474167,251474167
vn,1145316676,2026-07-02,26229062943,251474167,251474167
vn,1145316676,2026-07-02,27229058273,251474167,251474167
vn,1145316676,2026-07-02,52257990316,251474167,251474167
vn,1145316676,2026-07-02,45951323803,251474167,251474167
vn,1145316676,2026-07-02,53358041887,251474167,251474167
vn,1145316676,2026-07-02,51407984307,251474167,251474167
vn,1145316676,2026-07-02,56701308093,251474167,251474167
vn,1145316676,2026-07-02,54858041814,251474167,251474167
vn,1145316676,2026-07-02,26429048596,257340819,257340819
vn,1145316676,2026-07-02,51407984307,257340819,257340819
vn,1145316676,2026-07-02,56701308093,257340819,257340819
vn,1145316676,2026-07-02,27229058273,257340823,257340823
vn,1145316676,2026-07-02,53358041887,257340823,257340823
vn,1145316676,2026-07-02,54858041814,257340823,257340823
vn,1145316676,2026-07-02,27611883214,257905359,257905359
vn,1145316676,2026-07-02,57301655172,257905359,257905359
vn,1145316676,2026-07-02,28611884248,257905359,257905359
vn,1145316676,2026-07-02,48808360600,257905359,257905359
vn,1145316676,2026-07-02,55708176377,257905359,257905359
vn,1145316676,2026-07-02,28844273090,257905359,257905359
vn,1145316676,2026-07-02,54658185548,257905359,257905359
vn,1145316676,2026-07-02,47408351576,257905359,257905359
vn,1145316676,2026-07-02,28611884248,257905360,257905360
vn,1145316676,2026-07-02,27611883214,257905688,257905688
vn,1145316676,2026-07-02,55708176377,257905688,257905688
vn,1145316676,2026-07-02,54658185548,257905688,257905688
vn,1145316676,2026-07-02,57301655172,257905693,257905693
vn,1145316676,2026-07-02,48808360600,257905693,257905693
vn,1145316676,2026-07-02,47408351576,257905693,257905693
vn,1145316676,2026-07-02,28844273090,258521101,258521101
vn,1145316676,2026-07-02,24135901205,260135483,260135483
vn,1145316676,2026-07-02,26663401389,260135483,260135483
vn,1145316676,2026-07-02,27611883214,260135483,260135483
vn,1145316676,2026-07-02,43157122803,260135483,260135483
vn,1145316676,2026-07-02,26682672239,260135483,260135483
vn,1145316676,2026-07-02,57301655172,260135483,260135483
vn,1145316676,2026-07-02,44377021220,260135483,260135483
vn,1145316676,2026-07-02,27884205234,260135483,260135483
vn,1145316676,2026-07-02,58002620314,260135483,260135483
vn,1145316676,2026-07-02,28611884248,260135483,260135483
vn,1145316676,2026-07-02,49354539673,260135483,260135483
vn,1145316676,2026-07-02,28944224686,260135483,260135483
vn,1145316676,2026-07-02,53306094941,260135483,260135483
vn,1145316676,2026-07-02,56502619005,260135483,260135483
vn,1145316676,2026-07-02,45654540269,260135483,260135483
vn,1145316676,2026-07-02,48808360600,260135483,260135483
vn,1145316676,2026-07-02,55004514688,260135483,260135483
vn,1145316676,2026-07-02,55708176377,260135483,260135483
vn,1145316676,2026-07-02,28844273090,260135483,260135483
vn,1145316676,2026-07-02,57906098813,260135483,260135483
vn,1145316676,2026-07-02,54658185548,260135483,260135483
vn,1145316676,2026-07-02,47408351576,260135483,260135483
vn,1145316676,2026-07-02,24135901205,260135597,260135597
vn,1145316676,2026-07-02,43157122803,260135597,260135597
vn,1145316676,2026-07-02,26682672239,260135597,260135597
vn,1145316676,2026-07-02,44377021220,260135597,260135597
vn,1145316676,2026-07-02,58002620314,260135597,260135597
vn,1145316676,2026-07-02,28944224686,260135597,260135597
vn,1145316676,2026-07-02,53306094941,260135597,260135597
vn,1145316676,2026-07-02,56502619005,260135597,260135597
vn,1145316676,2026-07-02,45654540269,260135597,260135597
vn,1145316676,2026-07-02,55004514688,260135597,260135597
vn,1145316676,2026-07-02,57906098813,260135597,260135597
vn,1145316676,2026-07-02,26229062943,261098687,261098687
vn,1145316676,2026-07-02,52257990316,261098687,261098687
vn,1145316676,2026-07-02,45951323803,261098687,261098687
vn,1145316676,2026-07-02,48560929285,272010130,272010130
vn,1145316676,2026-07-02,47260940318,272010130,272010130
vn,1145316676,2026-07-02,51960915243,272010130,272010130
vn,1145316676,2026-07-02,40931076959,272010130,272010130
vn,1145316676,2026-07-03,24810760293,249843039,249843039
vn,1145316676,2026-07-03,24710759163,249843039,249843039
vn,1145316676,2026-07-03,25411944727,249843039,249843039
vn,1145316676,2026-07-03,25661947997,249843039,249843039
vn,1145316676,2026-07-03,25760757038,249843042,249843042
vn,1145316676,2026-07-03,25811942299,249843042,249843042
vn,1145316676,2026-07-03,46857620541,249843042,249843042
vn,1145316676,2026-07-03,47857620474,249843042,249843042
vn,1145316676,2026-07-03,24135901205,251079961,251079961
vn,1145316676,2026-07-03,27611883214,251079961,251079961
vn,1145316676,2026-07-03,43157122803,251079961,251079961
vn,1145316676,2026-07-03,26682672239,251079961,251079961
vn,1145316676,2026-07-03,57301655172,251079961,251079961
vn,1145316676,2026-07-03,44377021220,251079961,251079961
vn,1145316676,2026-07-03,27884205234,251079961,251079961
vn,1145316676,2026-07-03,58002620314,251079961,251079961
vn,1145316676,2026-07-03,28611884248,251079961,251079961
vn,1145316676,2026-07-03,28944224686,251079961,251079961
vn,1145316676,2026-07-03,53306094941,251079961,251079961
vn,1145316676,2026-07-03,56502619005,251079961,251079961
vn,1145316676,2026-07-03,55004514688,251079961,251079961
vn,1145316676,2026-07-03,45654540269,251079961,251079961
vn,1145316676,2026-07-03,57906098813,251079961,251079961
vn,1145316676,2026-07-03,28844273090,251079961,251079961
vn,1145316676,2026-07-03,26229062943,251474167,251474167
vn,1145316676,2026-07-03,26429048596,251474167,251474167
vn,1145316676,2026-07-03,27229058273,251474167,251474167
vn,1145316676,2026-07-03,45951323803,251474167,251474167
vn,1145316676,2026-07-03,52257990316,251474167,251474167
vn,1145316676,2026-07-03,51407984307,251474167,251474167
vn,1145316676,2026-07-03,53358041887,251474167,251474167
vn,1145316676,2026-07-03,56701308093,251474167,251474167
vn,1145316676,2026-07-03,54858041814,251474167,251474167
vn,1145316676,2026-07-03,26429048596,257340819,257340819
vn,1145316676,2026-07-03,51407984307,257340819,257340819
vn,1145316676,2026-07-03,56701308093,257340819,257340819
vn,1145316676,2026-07-03,27229058273,257340823,257340823
vn,1145316676,2026-07-03,53358041887,257340823,257340823
vn,1145316676,2026-07-03,54858041814,257340823,257340823
vn,1145316676,2026-07-03,27611883214,257905359,257905359
vn,1145316676,2026-07-03,57301655172,257905359,257905359
vn,1145316676,2026-07-03,28611884248,257905359,257905359
vn,1145316676,2026-07-03,48808360600,257905359,257905359
vn,1145316676,2026-07-03,55708176377,257905359,257905359
vn,1145316676,2026-07-03,28844273090,257905359,257905359
vn,1145316676,2026-07-03,54658185548,257905359,257905359
vn,1145316676,2026-07-03,47408351576,257905359,257905359
vn,1145316676,2026-07-03,28611884248,257905360,257905360
vn,1145316676,2026-07-03,27611883214,257905688,257905688
vn,1145316676,2026-07-03,55708176377,257905688,257905688
vn,1145316676,2026-07-03,54658185548,257905688,257905688
vn,1145316676,2026-07-03,57301655172,257905693,257905693
vn,1145316676,2026-07-03,48808360600,257905693,257905693
vn,1145316676,2026-07-03,47408351576,257905693,257905693
vn,1145316676,2026-07-03,28844273090,258521101,258521101
vn,1145316676,2026-07-03,26663401389,260135483,260135483
vn,1145316676,2026-07-03,24135901205,260135483,260135483
vn,1145316676,2026-07-03,27611883214,260135483,260135483
vn,1145316676,2026-07-03,43157122803,260135483,260135483
vn,1145316676,2026-07-03,26682672239,260135483,260135483
vn,1145316676,2026-07-03,57301655172,260135483,260135483
vn,1145316676,2026-07-03,44377021220,260135483,260135483
vn,1145316676,2026-07-03,27884205234,260135483,260135483
vn,1145316676,2026-07-03,58002620314,260135483,260135483
vn,1145316676,2026-07-03,28611884248,260135483,260135483
vn,1145316676,2026-07-03,28944224686,260135483,260135483
vn,1145316676,2026-07-03,49354539673,260135483,260135483
vn,1145316676,2026-07-03,53306094941,260135483,260135483
vn,1145316676,2026-07-03,56502619005,260135483,260135483
vn,1145316676,2026-07-03,48808360600,260135483,260135483
vn,1145316676,2026-07-03,55004514688,260135483,260135483
vn,1145316676,2026-07-03,45654540269,260135483,260135483
vn,1145316676,2026-07-03,55708176377,260135483,260135483
vn,1145316676,2026-07-03,57906098813,260135483,260135483
vn,1145316676,2026-07-03,28844273090,260135483,260135483
vn,1145316676,2026-07-03,54658185548,260135483,260135483
vn,1145316676,2026-07-03,47408351576,260135483,260135483
vn,1145316676,2026-07-03,24135901205,260135597,260135597
vn,1145316676,2026-07-03,43157122803,260135597,260135597
vn,1145316676,2026-07-03,26682672239,260135597,260135597
vn,1145316676,2026-07-03,44377021220,260135597,260135597
vn,1145316676,2026-07-03,58002620314,260135597,260135597
vn,1145316676,2026-07-03,28944224686,260135597,260135597
vn,1145316676,2026-07-03,53306094941,260135597,260135597
vn,1145316676,2026-07-03,56502619005,260135597,260135597
vn,1145316676,2026-07-03,55004514688,260135597,260135597
vn,1145316676,2026-07-03,45654540269,260135597,260135597
vn,1145316676,2026-07-03,57906098813,260135597,260135597
vn,1145316676,2026-07-03,26229062943,261098687,261098687
vn,1145316676,2026-07-03,45951323803,261098687,261098687
vn,1145316676,2026-07-03,52257990316,261098687,261098687
vn,1145316676,2026-07-03,48560929285,272010130,272010130
vn,1145316676,2026-07-03,47260940318,272010130,272010130
vn,1145316676,2026-07-03,51960915243,272010130,272010130
vn,1145316676,2026-07-03,40931076959,272010130,272010130
vn,140360136,2026-07-01,24297916305,15084057,15084057
vn,140360136,2026-07-01,22272121986,15084057,15084057
vn,140360136,2026-07-01,26963395898,15084596,15084596
vn,140360136,2026-07-01,24779109496,15084596,15084596
vn,140360136,2026-07-01,49001551344,15084596,15084596
vn,140360136,2026-07-01,45252660052,15084596,15084596
vn,140360136,2026-07-01,46551403561,15084814,15084814
vn,140360136,2026-07-01,29266899298,15084814,15084814
vn,140360136,2026-07-01,42675914026,15084814,15084814
vn,140360136,2026-07-01,29537868294,15084899,15084899
vn,140360136,2026-07-01,47554242165,15084899,15084899
vn,140360136,2026-07-01,53203426553,15084899,15084899
vn,140360136,2026-07-01,47052654690,15084899,15084899
vn,140360136,2026-07-01,52952634618,15084899,15084899
vn,140360136,2026-07-01,56603333920,15084899,15084899
vn,140360136,2026-07-01,50803338258,15084899,15084899
vn,140360136,2026-07-01,16189882427,15085618,15085618
vn,140360136,2026-07-01,26963395898,243819608,243819608
vn,140360136,2026-07-01,17591957454,243819608,243819608
vn,140360136,2026-07-01,25211554425,243819608,243819608
vn,140360136,2026-07-01,24779109496,243819608,243819608
vn,140360136,2026-07-01,29537868294,243819608,243819608
vn,140360136,2026-07-01,16189882427,243819608,243819608
vn,140360136,2026-07-01,25656325171,243819608,243819608
vn,140360136,2026-07-01,24906325448,243819608,243819608
vn,140360136,2026-07-01,28243290319,243819608,243819608
vn,140360136,2026-07-01,29793276094,243819608,243819608
vn,140360136,2026-07-01,42450739240,243819608,243819608
vn,140360136,2026-07-01,24297916305,243819608,243819608
vn,140360136,2026-07-01,46551403561,243819608,243819608
vn,140360136,2026-07-01,47554242165,243819608,243819608
vn,140360136,2026-07-01,22272121986,243819608,243819608
vn,140360136,2026-07-01,29266899298,243819608,243819608
vn,140360136,2026-07-01,21562941614,243819608,243819608
vn,140360136,2026-07-01,42675914026,243819608,243819608
vn,140360136,2026-07-01,49001551344,243819608,243819608
vn,140360136,2026-07-01,51803979562,243819608,243819608
vn,140360136,2026-07-01,53203426553,243819608,243819608
vn,140360136,2026-07-01,47052654690,243819608,243819608
vn,140360136,2026-07-01,46501725123,243819608,243819608
vn,140360136,2026-07-01,57801391961,243819608,243819608
vn,140360136,2026-07-01,49551557295,243819608,243819608
vn,140360136,2026-07-01,45252660052,243819608,243819608
vn,140360136,2026-07-01,55504930342,243819608,243819608
vn,140360136,2026-07-01,56804649243,243819608,243819608
vn,140360136,2026-07-01,52952634618,243819608,243819608
vn,140360136,2026-07-01,56603333920,243819608,243819608
vn,140360136,2026-07-01,50803338258,243819608,243819608
vn,140360136,2026-07-01,17591957454,249854839,249854839
vn,140360136,2026-07-01,25211554425,249854839,249854839
vn,140360136,2026-07-01,25656325171,249854839,249854839
vn,140360136,2026-07-01,24906325448,249854839,249854839
vn,140360136,2026-07-01,21562941614,249854839,249854839
vn,140360136,2026-07-01,49551557295,249854839,249854839
vn,140360136,2026-07-01,56804649243,249854839,249854839
vn,140360136,2026-07-01,24779109496,262895510,262895510
vn,140360136,2026-07-01,25656325171,262895510,262895510
vn,140360136,2026-07-01,24906325448,262895510,262895510
vn,140360136,2026-07-01,28243290319,262895510,262895510
vn,140360136,2026-07-01,29793276094,262895510,262895510
vn,140360136,2026-07-01,42450739240,262895510,262895510
vn,140360136,2026-07-01,29266899298,262895510,262895510
vn,140360136,2026-07-01,21562941614,262895510,262895510
vn,140360136,2026-07-01,42675914026,262895510,262895510
vn,140360136,2026-07-01,49001551344,262895510,262895510
vn,140360136,2026-07-01,47052654690,262895510,262895510
vn,140360136,2026-07-01,46501725123,262895510,262895510
vn,140360136,2026-07-01,45252660052,262895510,262895510
vn,140360136,2026-07-01,52952634618,262895510,262895510
vn,140360136,2026-07-01,47052654690,265356646,265356646
vn,140360136,2026-07-01,45252660052,265356646,265356646
vn,140360136,2026-07-01,52952634618,265356646,265356646
vn,140360136,2026-07-01,56603333920,265356646,265356646
vn,140360136,2026-07-01,50803338258,265356646,265356646
vn,140360136,2026-07-02,24297916305,15084057,15084057
vn,140360136,2026-07-02,22272121986,15084057,15084057
vn,140360136,2026-07-02,26963395898,15084596,15084596
vn,140360136,2026-07-02,24779109496,15084596,15084596
vn,140360136,2026-07-02,49001551344,15084596,15084596
vn,140360136,2026-07-02,45252660052,15084596,15084596
vn,140360136,2026-07-02,29266899298,15084814,15084814
vn,140360136,2026-07-02,46551403561,15084814,15084814
vn,140360136,2026-07-02,42675914026,15084814,15084814
vn,140360136,2026-07-02,29537868294,15084899,15084899
vn,140360136,2026-07-02,47554242165,15084899,15084899
vn,140360136,2026-07-02,53203426553,15084899,15084899
vn,140360136,2026-07-02,47052654690,15084899,15084899
vn,140360136,2026-07-02,56603333920,15084899,15084899
vn,140360136,2026-07-02,52952634618,15084899,15084899
vn,140360136,2026-07-02,50803338258,15084899,15084899
vn,140360136,2026-07-02,16189882427,15085618,15085618
vn,140360136,2026-07-02,26963395898,243819608,243819608
vn,140360136,2026-07-02,24779109496,243819608,243819608
vn,140360136,2026-07-02,25211554425,243819608,243819608
vn,140360136,2026-07-02,17591957454,243819608,243819608
vn,140360136,2026-07-02,29537868294,243819608,243819608
vn,140360136,2026-07-02,25656325171,243819608,243819608
vn,140360136,2026-07-02,16189882427,243819608,243819608
vn,140360136,2026-07-02,24906325448,243819608,243819608
vn,140360136,2026-07-02,28243290319,243819608,243819608
vn,140360136,2026-07-02,29793276094,243819608,243819608
vn,140360136,2026-07-02,24297916305,243819608,243819608
vn,140360136,2026-07-02,29266899298,243819608,243819608
vn,140360136,2026-07-02,42450739240,243819608,243819608
vn,140360136,2026-07-02,22272121986,243819608,243819608
vn,140360136,2026-07-02,46551403561,243819608,243819608
vn,140360136,2026-07-02,47554242165,243819608,243819608
vn,140360136,2026-07-02,21562941614,243819608,243819608
vn,140360136,2026-07-02,42675914026,243819608,243819608
vn,140360136,2026-07-02,49001551344,243819608,243819608
vn,140360136,2026-07-02,53203426553,243819608,243819608
vn,140360136,2026-07-02,51803979562,243819608,243819608
vn,140360136,2026-07-02,47052654690,243819608,243819608
vn,140360136,2026-07-02,45252660052,243819608,243819608
vn,140360136,2026-07-02,46501725123,243819608,243819608
vn,140360136,2026-07-02,57801391961,243819608,243819608
vn,140360136,2026-07-02,49551557295,243819608,243819608
vn,140360136,2026-07-02,55504930342,243819608,243819608
vn,140360136,2026-07-02,56804649243,243819608,243819608
vn,140360136,2026-07-02,56603333920,243819608,243819608
vn,140360136,2026-07-02,52952634618,243819608,243819608
vn,140360136,2026-07-02,50803338258,243819608,243819608
vn,140360136,2026-07-02,25211554425,249854839,249854839
vn,140360136,2026-07-02,17591957454,249854839,249854839
vn,140360136,2026-07-02,25656325171,249854839,249854839
vn,140360136,2026-07-02,24906325448,249854839,249854839
vn,140360136,2026-07-02,21562941614,249854839,249854839
vn,140360136,2026-07-02,49551557295,249854839,249854839
vn,140360136,2026-07-02,56804649243,249854839,249854839
vn,140360136,2026-07-02,24779109496,262895510,262895510
vn,140360136,2026-07-02,25656325171,262895510,262895510
vn,140360136,2026-07-02,24906325448,262895510,262895510
vn,140360136,2026-07-02,28243290319,262895510,262895510
vn,140360136,2026-07-02,29793276094,262895510,262895510
vn,140360136,2026-07-02,29266899298,262895510,262895510
vn,140360136,2026-07-02,42450739240,262895510,262895510
vn,140360136,2026-07-02,21562941614,262895510,262895510
vn,140360136,2026-07-02,42675914026,262895510,262895510
vn,140360136,2026-07-02,49001551344,262895510,262895510
vn,140360136,2026-07-02,47052654690,262895510,262895510
vn,140360136,2026-07-02,45252660052,262895510,262895510
vn,140360136,2026-07-02,46501725123,262895510,262895510
vn,140360136,2026-07-02,52952634618,262895510,262895510
vn,140360136,2026-07-02,47052654690,265356646,265356646
vn,140360136,2026-07-02,45252660052,265356646,265356646
vn,140360136,2026-07-02,56603333920,265356646,265356646
vn,140360136,2026-07-02,52952634618,265356646,265356646
vn,140360136,2026-07-02,50803338258,265356646,265356646
vn,140360136,2026-07-03,24297916305,15084057,15084057
vn,140360136,2026-07-03,22272121986,15084057,15084057
vn,140360136,2026-07-03,26963395898,15084596,15084596
vn,140360136,2026-07-03,24779109496,15084596,15084596
vn,140360136,2026-07-03,49001551344,15084596,15084596
vn,140360136,2026-07-03,45252660052,15084596,15084596
vn,140360136,2026-07-03,29266899298,15084814,15084814
vn,140360136,2026-07-03,46551403561,15084814,15084814
vn,140360136,2026-07-03,42675914026,15084814,15084814
vn,140360136,2026-07-03,29537868294,15084899,15084899
vn,140360136,2026-07-03,47554242165,15084899,15084899
vn,140360136,2026-07-03,53203426553,15084899,15084899
vn,140360136,2026-07-03,47052654690,15084899,15084899
vn,140360136,2026-07-03,52952634618,15084899,15084899
vn,140360136,2026-07-03,56603333920,15084899,15084899
vn,140360136,2026-07-03,50803338258,15084899,15084899
vn,140360136,2026-07-03,16189882427,15085618,15085618
vn,140360136,2026-07-03,26963395898,243819608,243819608
vn,140360136,2026-07-03,24779109496,243819608,243819608
vn,140360136,2026-07-03,25211554425,243819608,243819608
vn,140360136,2026-07-03,17591957454,243819608,243819608
vn,140360136,2026-07-03,29537868294,243819608,243819608
vn,140360136,2026-07-03,16189882427,243819608,243819608
vn,140360136,2026-07-03,25656325171,243819608,243819608
vn,140360136,2026-07-03,24297916305,243819608,243819608
vn,140360136,2026-07-03,24906325448,243819608,243819608
vn,140360136,2026-07-03,42450739240,243819608,243819608
vn,140360136,2026-07-03,29266899298,243819608,243819608
vn,140360136,2026-07-03,28243290319,243819608,243819608
vn,140360136,2026-07-03,29793276094,243819608,243819608
vn,140360136,2026-07-03,46551403561,243819608,243819608
vn,140360136,2026-07-03,22272121986,243819608,243819608
vn,140360136,2026-07-03,21562941614,243819608,243819608
vn,140360136,2026-07-03,47554242165,243819608,243819608
vn,140360136,2026-07-03,42675914026,243819608,243819608
vn,140360136,2026-07-03,53203426553,243819608,243819608
vn,140360136,2026-07-03,49001551344,243819608,243819608
vn,140360136,2026-07-03,51803979562,243819608,243819608
vn,140360136,2026-07-03,45252660052,243819608,243819608
vn,140360136,2026-07-03,47052654690,243819608,243819608
vn,140360136,2026-07-03,46501725123,243819608,243819608
vn,140360136,2026-07-03,57801391961,243819608,243819608
vn,140360136,2026-07-03,55504930342,243819608,243819608
vn,140360136,2026-07-03,49551557295,243819608,243819608
vn,140360136,2026-07-03,52952634618,243819608,243819608
vn,140360136,2026-07-03,56804649243,243819608,243819608
vn,140360136,2026-07-03,56603333920,243819608,243819608
vn,140360136,2026-07-03,50803338258,243819608,243819608
vn,140360136,2026-07-03,25211554425,249854839,249854839
vn,140360136,2026-07-03,17591957454,249854839,249854839
vn,140360136,2026-07-03,25656325171,249854839,249854839
vn,140360136,2026-07-03,24906325448,249854839,249854839
vn,140360136,2026-07-03,21562941614,249854839,249854839
vn,140360136,2026-07-03,49551557295,249854839,249854839
vn,140360136,2026-07-03,56804649243,249854839,249854839
vn,140360136,2026-07-03,24779109496,262895510,262895510
vn,140360136,2026-07-03,25656325171,262895510,262895510
vn,140360136,2026-07-03,24906325448,262895510,262895510
vn,140360136,2026-07-03,42450739240,262895510,262895510
vn,140360136,2026-07-03,29266899298,262895510,262895510
vn,140360136,2026-07-03,28243290319,262895510,262895510
vn,140360136,2026-07-03,29793276094,262895510,262895510
vn,140360136,2026-07-03,21562941614,262895510,262895510
vn,140360136,2026-07-03,48800384019,262895510,262895510
vn,140360136,2026-07-03,42675914026,262895510,262895510
vn,140360136,2026-07-03,49001551344,262895510,262895510
vn,140360136,2026-07-03,45252660052,262895510,262895510
vn,140360136,2026-07-03,47052654690,262895510,262895510
vn,140360136,2026-07-03,46501725123,262895510,262895510
vn,140360136,2026-07-03,52952634618,262895510,262895510
vn,140360136,2026-07-03,45252660052,265356646,265356646
vn,140360136,2026-07-03,47052654690,265356646,265356646
vn,140360136,2026-07-03,52952634618,265356646,265356646
vn,140360136,2026-07-03,56603333920,265356646,265356646
vn,140360136,2026-07-03,50803338258,265356646,265356646
vn,1546895026,2026-07-02,42453992470,258960141,258960141
vn,1546895026,2026-07-02,42603939824,258960141,258960141
vn,1546895026,2026-07-02,26839290942,258960141,258960141
vn,1546895026,2026-07-02,43660765544,258960141,258960141
vn,1546895026,2026-07-02,43504006760,258960141,258960141
vn,1546895026,2026-07-02,41910765656,258960141,258960141
vn,1546895026,2026-07-02,40953958491,258960141,258960141
vn,1546895026,2026-07-02,44453968539,258960141,258960141
vn,1546895026,2026-07-02,41903964068,258960141,258960141
vn,1546895026,2026-07-02,40410765498,258960141,258960141
vn,1546895026,2026-07-02,44010762458,258960141,258960141
vn,1546895026,2026-07-02,43723190354,258960141,258960141
vn,1546895026,2026-07-02,53459274550,258960141,258960141
vn,1546895026,2026-07-02,43873199894,258960141,258960141
vn,1546895026,2026-07-02,43354002232,258960141,258960141
vn,1546895026,2026-07-02,42504003370,258960141,258960141
vn,1546895026,2026-07-02,50259287600,258960141,258960141
vn,1546895026,2026-07-02,51209278351,258960141,258960141
vn,1546895026,2026-07-02,41104002530,258960406,258960406
vn,1546895026,2026-07-02,41961995623,258960406,258960406
vn,1546895026,2026-07-02,27937455870,258960406,258960406
vn,1546895026,2026-07-02,56651801332,258960406,258960406
vn,1546895026,2026-07-02,28837455310,258960406,258960406
vn,1546895026,2026-07-02,45653530450,258960406,258960406
vn,1546895026,2026-07-02,41174154230,258960406,258960406
vn,1546895026,2026-07-02,48553233793,258960406,258960406
vn,1546895026,2026-07-02,40704001645,258960406,258960406
vn,1546895026,2026-07-02,42924155817,258960406,258960406
vn,1546895026,2026-07-02,50553501041,258960406,258960406
vn,1546895026,2026-07-02,47602953145,258960406,258960406
vn,1546895026,2026-07-02,40403991264,258960486,258960486
vn,1546895026,2026-07-02,26237445832,258960486,258960486
vn,1546895026,2026-07-02,44453968539,258960486,258960486
vn,1546895026,2026-07-02,41314469516,258960486,258960486
vn,1546895026,2026-07-02,27387412771,258960486,258960486
vn,1546895026,2026-07-02,44756561137,258960486,258960486
vn,1546895026,2026-07-02,55906777440,258960486,258960486
vn,1546895026,2026-07-02,57156774210,258960486,258960486
vn,1546895026,2026-07-02,29794288663,258960486,258960486
vn,1546895026,2026-07-02,43378940395,258960486,258960486
vn,1546895026,2026-07-02,29737445273,258960486,258960486
vn,1546895026,2026-07-02,43853996444,258960486,258960486
vn,1546895026,2026-07-02,42004001750,258960486,258960486
vn,1546895026,2026-07-02,43553958557,258960614,258960614
vn,1546895026,2026-07-02,24945981060,258960614,258960614
vn,1546895026,2026-07-02,41103967860,258960614,258960614
vn,1546895026,2026-07-02,40924148624,258960614,258960614
vn,1546895026,2026-07-02,47500854563,258960614,258960614
vn,1546895026,2026-07-02,43908659602,258960614,258960614
vn,1546895026,2026-07-02,43724143627,258960614,258960614
vn,1546895026,2026-07-02,26287413127,258960614,258960614
vn,1546895026,2026-07-02,26437445927,258960633,258960633
vn,1546895026,2026-07-02,42353963055,258960633,258960633
vn,1546895026,2026-07-02,40954012983,258960633,258960633
vn,1546895026,2026-07-02,27440312280,258960633,258960633
vn,1546895026,2026-07-02,29637455808,258960633,258960633
vn,1546895026,2026-07-02,42754003144,258960633,258960633
vn,1546895026,2026-07-02,27587470891,258960633,258960633
vn,1546895026,2026-07-02,40953993210,258960633,258960633
vn,1546895026,2026-07-02,42453992470,258960677,258960677
vn,1546895026,2026-07-02,41104002530,258960677,258960677
vn,1546895026,2026-07-02,42603939824,258960677,258960677
vn,1546895026,2026-07-02,26839290942,258960677,258960677
vn,1546895026,2026-07-02,43660765544,258960677,258960677
vn,1546895026,2026-07-02,43553958557,258960677,258960677
vn,1546895026,2026-07-02,24945981060,258960677,258960677
vn,1546895026,2026-07-02,26437445927,258960677,258960677
vn,1546895026,2026-07-02,40403991264,258960677,258960677
vn,1546895026,2026-07-02,41103967860,258960677,258960677
vn,1546895026,2026-07-02,43504006760,258960677,258960677
vn,1546895026,2026-07-02,40924148624,258960677,258960677
vn,1546895026,2026-07-02,41961995623,258960677,258960677
vn,1546895026,2026-07-02,27937455870,258960677,258960677
vn,1546895026,2026-07-02,41910765656,258960677,258960677
vn,1546895026,2026-07-02,47500854563,258960677,258960677
vn,1546895026,2026-07-02,26237445832,258960677,258960677
vn,1546895026,2026-07-02,56651801332,258960677,258960677
vn,1546895026,2026-07-02,42353963055,258960677,258960677
vn,1546895026,2026-07-02,40953958491,258960677,258960677
vn,1546895026,2026-07-02,44453968539,258960677,258960677
vn,1546895026,2026-07-02,41314469516,258960677,258960677
vn,1546895026,2026-07-02,43908659602,258960677,258960677
vn,1546895026,2026-07-02,41903964068,258960677,258960677
vn,1546895026,2026-07-02,40410765498,258960677,258960677
vn,1546895026,2026-07-02,40954012983,258960677,258960677
vn,1546895026,2026-07-02,43724143627,258960677,258960677
vn,1546895026,2026-07-02,27440312280,258960677,258960677
vn,1546895026,2026-07-02,28837455310,258960677,258960677
vn,1546895026,2026-07-02,26287413127,258960677,258960677
vn,1546895026,2026-07-02,45653530450,258960677,258960677
vn,1546895026,2026-07-02,44010762458,258960677,258960677
vn,1546895026,2026-07-02,43723190354,258960677,258960677
vn,1546895026,2026-07-02,53459274550,258960677,258960677
vn,1546895026,2026-07-02,43873199894,258960677,258960677
vn,1546895026,2026-07-02,43354002232,258960677,258960677
vn,1546895026,2026-07-02,42504003370,258960677,258960677
vn,1546895026,2026-07-02,27387412771,258960677,258960677
vn,1546895026,2026-07-02,50259287600,258960677,258960677
vn,1546895026,2026-07-02,51209278351,258960677,258960677
vn,1546895026,2026-07-02,44756561137,258960677,258960677
vn,1546895026,2026-07-02,41174154230,258960677,258960677
vn,1546895026,2026-07-02,48553233793,258960677,258960677
vn,1546895026,2026-07-02,40704001645,258960677,258960677
vn,1546895026,2026-07-02,29637455808,258960677,258960677
vn,1546895026,2026-07-02,42754003144,258960677,258960677
vn,1546895026,2026-07-02,55906777440,258960677,258960677
vn,1546895026,2026-07-02,42924155817,258960677,258960677
vn,1546895026,2026-07-02,27587470891,258960677,258960677
vn,1546895026,2026-07-02,57156774210,258960677,258960677
vn,1546895026,2026-07-02,40953993210,258960677,258960677
vn,1546895026,2026-07-02,29794288663,258960677,258960677
vn,1546895026,2026-07-02,50553501041,258960677,258960677
vn,1546895026,2026-07-02,47602953145,258960677,258960677
vn,1546895026,2026-07-02,43378940395,258960677,258960677
vn,1546895026,2026-07-02,29737445273,258960677,258960677
vn,1546895026,2026-07-02,43853996444,258960677,258960677
vn,1546895026,2026-07-02,42004001750,258960677,258960677
vn,1546895026,2026-07-02,56651801332,264220705,264220705
vn,1546895026,2026-07-02,48553233793,264220705,264220705
vn,1546895026,2026-07-02,47602953145,264220705,264220705
vn,1546895026,2026-07-03,42453992470,258960141,258960141
vn,1546895026,2026-07-03,42603939824,258960141,258960141
vn,1546895026,2026-07-03,26839290942,258960141,258960141
vn,1546895026,2026-07-03,43660765544,258960141,258960141
vn,1546895026,2026-07-03,43504006760,258960141,258960141
vn,1546895026,2026-07-03,41910765656,258960141,258960141
vn,1546895026,2026-07-03,40953958491,258960141,258960141
vn,1546895026,2026-07-03,40410765498,258960141,258960141
vn,1546895026,2026-07-03,44453968539,258960141,258960141
vn,1546895026,2026-07-03,44010762458,258960141,258960141
vn,1546895026,2026-07-03,41903964068,258960141,258960141
vn,1546895026,2026-07-03,53459274550,258960141,258960141
vn,1546895026,2026-07-03,43354002232,258960141,258960141
vn,1546895026,2026-07-03,43723190354,258960141,258960141
vn,1546895026,2026-07-03,42504003370,258960141,258960141
vn,1546895026,2026-07-03,43873199894,258960141,258960141
vn,1546895026,2026-07-03,51209278351,258960141,258960141
vn,1546895026,2026-07-03,50259287600,258960141,258960141
vn,1546895026,2026-07-03,41104002530,258960406,258960406
vn,1546895026,2026-07-03,41961995623,258960406,258960406
vn,1546895026,2026-07-03,27937455870,258960406,258960406
vn,1546895026,2026-07-03,56651801332,258960406,258960406
vn,1546895026,2026-07-03,45653530450,258960406,258960406
vn,1546895026,2026-07-03,28837455310,258960406,258960406
vn,1546895026,2026-07-03,48553233793,258960406,258960406
vn,1546895026,2026-07-03,41174154230,258960406,258960406
vn,1546895026,2026-07-03,40704001645,258960406,258960406
vn,1546895026,2026-07-03,42924155817,258960406,258960406
vn,1546895026,2026-07-03,50553501041,258960406,258960406
vn,1546895026,2026-07-03,47602953145,258960406,258960406
vn,1546895026,2026-07-03,40403991264,258960486,258960486
vn,1546895026,2026-07-03,26237445832,258960486,258960486
vn,1546895026,2026-07-03,44453968539,258960486,258960486
vn,1546895026,2026-07-03,41314469516,258960486,258960486
vn,1546895026,2026-07-03,27387412771,258960486,258960486
vn,1546895026,2026-07-03,55906777440,258960486,258960486
vn,1546895026,2026-07-03,57156774210,258960486,258960486
vn,1546895026,2026-07-03,44756561137,258960486,258960486
vn,1546895026,2026-07-03,29794288663,258960486,258960486
vn,1546895026,2026-07-03,43378940395,258960486,258960486
vn,1546895026,2026-07-03,29737445273,258960486,258960486
vn,1546895026,2026-07-03,43853996444,258960486,258960486
vn,1546895026,2026-07-03,42004001750,258960486,258960486
vn,1546895026,2026-07-03,24945981060,258960614,258960614
vn,1546895026,2026-07-03,43553958557,258960614,258960614
vn,1546895026,2026-07-03,41103967860,258960614,258960614
vn,1546895026,2026-07-03,40924148624,258960614,258960614
vn,1546895026,2026-07-03,47500854563,258960614,258960614
vn,1546895026,2026-07-03,43908659602,258960614,258960614
vn,1546895026,2026-07-03,26287413127,258960614,258960614
vn,1546895026,2026-07-03,43724143627,258960614,258960614
vn,1546895026,2026-07-03,26437445927,258960633,258960633
vn,1546895026,2026-07-03,42353963055,258960633,258960633
vn,1546895026,2026-07-03,40954012983,258960633,258960633
vn,1546895026,2026-07-03,27440312280,258960633,258960633
vn,1546895026,2026-07-03,42754003144,258960633,258960633
vn,1546895026,2026-07-03,27587470891,258960633,258960633
vn,1546895026,2026-07-03,29637455808,258960633,258960633
vn,1546895026,2026-07-03,40953993210,258960633,258960633
vn,1546895026,2026-07-03,42453992470,258960677,258960677
vn,1546895026,2026-07-03,41104002530,258960677,258960677
vn,1546895026,2026-07-03,42603939824,258960677,258960677
vn,1546895026,2026-07-03,26839290942,258960677,258960677
vn,1546895026,2026-07-03,24945981060,258960677,258960677
vn,1546895026,2026-07-03,43660765544,258960677,258960677
vn,1546895026,2026-07-03,40403991264,258960677,258960677
vn,1546895026,2026-07-03,43553958557,258960677,258960677
vn,1546895026,2026-07-03,41961995623,258960677,258960677
vn,1546895026,2026-07-03,27937455870,258960677,258960677
vn,1546895026,2026-07-03,26437445927,258960677,258960677
vn,1546895026,2026-07-03,43504006760,258960677,258960677
vn,1546895026,2026-07-03,41103967860,258960677,258960677
vn,1546895026,2026-07-03,26237445832,258960677,258960677
vn,1546895026,2026-07-03,40924148624,258960677,258960677
vn,1546895026,2026-07-03,41910765656,258960677,258960677
vn,1546895026,2026-07-03,47500854563,258960677,258960677
vn,1546895026,2026-07-03,56651801332,258960677,258960677
vn,1546895026,2026-07-03,40953958491,258960677,258960677
vn,1546895026,2026-07-03,43908659602,258960677,258960677
vn,1546895026,2026-07-03,40410765498,258960677,258960677
vn,1546895026,2026-07-03,44453968539,258960677,258960677
vn,1546895026,2026-07-03,44010762458,258960677,258960677
vn,1546895026,2026-07-03,41903964068,258960677,258960677
vn,1546895026,2026-07-03,41314469516,258960677,258960677
vn,1546895026,2026-07-03,42353963055,258960677,258960677
vn,1546895026,2026-07-03,40954012983,258960677,258960677
vn,1546895026,2026-07-03,26287413127,258960677,258960677
vn,1546895026,2026-07-03,43724143627,258960677,258960677
vn,1546895026,2026-07-03,53459274550,258960677,258960677
vn,1546895026,2026-07-03,27440312280,258960677,258960677
vn,1546895026,2026-07-03,45653530450,258960677,258960677
vn,1546895026,2026-07-03,28837455310,258960677,258960677
vn,1546895026,2026-07-03,27387412771,258960677,258960677
vn,1546895026,2026-07-03,43354002232,258960677,258960677
vn,1546895026,2026-07-03,43723190354,258960677,258960677
vn,1546895026,2026-07-03,48553233793,258960677,258960677
vn,1546895026,2026-07-03,41174154230,258960677,258960677
vn,1546895026,2026-07-03,42504003370,258960677,258960677
vn,1546895026,2026-07-03,40704001645,258960677,258960677
vn,1546895026,2026-07-03,43873199894,258960677,258960677
vn,1546895026,2026-07-03,55906777440,258960677,258960677
vn,1546895026,2026-07-03,42754003144,258960677,258960677
vn,1546895026,2026-07-03,51209278351,258960677,258960677
vn,1546895026,2026-07-03,27587470891,258960677,258960677
vn,1546895026,2026-07-03,50259287600,258960677,258960677
vn,1546895026,2026-07-03,29637455808,258960677,258960677
vn,1546895026,2026-07-03,57156774210,258960677,258960677
vn,1546895026,2026-07-03,44756561137,258960677,258960677
vn,1546895026,2026-07-03,42924155817,258960677,258960677
vn,1546895026,2026-07-03,40953993210,258960677,258960677
vn,1546895026,2026-07-03,29794288663,258960677,258960677
vn,1546895026,2026-07-03,50553501041,258960677,258960677
vn,1546895026,2026-07-03,43378940395,258960677,258960677
vn,1546895026,2026-07-03,29737445273,258960677,258960677
vn,1546895026,2026-07-03,47602953145,258960677,258960677
vn,1546895026,2026-07-03,43853996444,258960677,258960677
vn,1546895026,2026-07-03,42004001750,258960677,258960677
vn,1546895026,2026-07-03,56651801332,264220705,264220705
vn,1546895026,2026-07-03,48553233793,264220705,264220705
vn,1546895026,2026-07-03,47602953145,264220705,264220705
vn,173513432,2026-07-01,4980351726,250597411,250597411
vn,173513432,2026-07-01,9048796121,250597411,250597411
vn,173513432,2026-07-01,2989938577,250597411,250597411
vn,173513432,2026-07-01,5204384448,250597411,250597411
vn,173513432,2026-07-01,23962091148,250597411,250597411
vn,173513432,2026-07-01,10308626576,250597411,250597411
vn,173513432,2026-07-01,5563532430,250597411,250597411
vn,173513432,2026-07-01,29260645058,250597411,250597411
vn,173513432,2026-07-01,4204384892,250597411,250597411
vn,173513432,2026-07-01,6147372534,250597411,250597411
vn,173513432,2026-07-01,25532918156,250597411,250597411
vn,173513432,2026-07-01,27231816576,250597411,250597411
vn,173513432,2026-07-01,4581436119,250597411,250597411
vn,173513432,2026-07-01,12993802768,250597411,250597411
vn,173513432,2026-07-01,23362087945,250597463,250597463
vn,173513432,2026-07-01,23244384737,250597463,250597463
vn,173513432,2026-07-01,23586025018,250597463,250597463
vn,173513432,2026-07-01,28534686552,250597463,250597463
vn,173513432,2026-07-01,10808120998,250597496,250597496
vn,173513432,2026-07-01,19443108444,250597496,250597496
vn,173513432,2026-07-01,11562223451,250597496,250597496
vn,173513432,2026-07-01,2906940093,250597496,250597496
vn,173513432,2026-07-01,8323910362,250597496,250597496
vn,173513432,2026-07-01,23462048809,250597543,250597543
vn,173513432,2026-07-01,29160911160,250597543,250597543
vn,173513432,2026-07-01,14158683593,250597543,250597543
vn,173513432,2026-07-01,16926501740,250597543,250597543
vn,173513432,2026-07-01,16604448221,250597543,250597543
vn,173513432,2026-07-01,20085751465,250597543,250597543
vn,173513432,2026-07-01,20886958783,250597543,250597543
vn,173513432,2026-07-01,25907552758,250597543,250597543
vn,173513432,2026-07-01,58010293888,250597584,250597584
vn,173513432,2026-07-01,5103153786,250597584,250597584
vn,173513432,2026-07-01,4003153275,250597584,250597584
vn,173513432,2026-07-01,2907143507,250597615,250597615
vn,173513432,2026-07-01,21152589941,250597615,250597615
vn,173513432,2026-07-01,24084421467,250597615,250597615
vn,173513432,2026-07-01,22287585993,250597615,250597615
vn,173513432,2026-07-01,18348435785,250597615,250597615
vn,173513432,2026-07-01,19452107845,250597615,250597615
vn,173513432,2026-07-01,24743454213,250597615,250597615
vn,173513432,2026-07-01,12133151466,250597615,250597615
vn,173513432,2026-07-01,21071014781,250597615,250597615
vn,173513432,2026-07-01,23362087945,259165309,259165309
vn,173513432,2026-07-01,9048796121,259165309,259165309
vn,173513432,2026-07-01,2989938577,259165309,259165309
vn,173513432,2026-07-01,24382925488,259165309,259165309
vn,173513432,2026-07-01,23962091148,259165309,259165309
vn,173513432,2026-07-01,23586025018,259165309,259165309
vn,173513432,2026-07-01,29260645058,259165309,259165309
vn,173513432,2026-07-01,4204384892,259165309,259165309
vn,173513432,2026-07-01,3100009305,261274615,261274615
vn,173513432,2026-07-01,58010293888,269476497,269476497
vn,173513432,2026-07-01,20085751465,269476497,269476497
vn,173513432,2026-07-01,56012087788,269476497,269476497
vn,173513432,2026-07-01,5942380457,269476497,269476497
vn,173513432,2026-07-01,42201666917,269476497,269476497
vn,173513432,2026-07-01,3100009305,269476497,269476497
vn,173513432,2026-07-01,14728068605,269476497,269476497
vn,173513432,2026-07-01,54861515567,269476497,269476497
vn,173513432,2026-07-02,4980351726,250597411,250597411
vn,173513432,2026-07-02,9048796121,250597411,250597411
vn,173513432,2026-07-02,2989938577,250597411,250597411
vn,173513432,2026-07-02,5204384448,250597411,250597411
vn,173513432,2026-07-02,10308626576,250597411,250597411
vn,173513432,2026-07-02,23962091148,250597411,250597411
vn,173513432,2026-07-02,5563532430,250597411,250597411
vn,173513432,2026-07-02,29260645058,250597411,250597411
vn,173513432,2026-07-02,4204384892,250597411,250597411
vn,173513432,2026-07-02,6147372534,250597411,250597411
vn,173513432,2026-07-02,25532918156,250597411,250597411
vn,173513432,2026-07-02,27231816576,250597411,250597411
vn,173513432,2026-07-02,4581436119,250597411,250597411
vn,173513432,2026-07-02,12993802768,250597411,250597411
vn,173513432,2026-07-02,23362087945,250597463,250597463
vn,173513432,2026-07-02,23244384737,250597463,250597463
vn,173513432,2026-07-02,23586025018,250597463,250597463
vn,173513432,2026-07-02,28534686552,250597463,250597463
vn,173513432,2026-07-02,10808120998,250597496,250597496
vn,173513432,2026-07-02,19443108444,250597496,250597496
vn,173513432,2026-07-02,2906940093,250597496,250597496
vn,173513432,2026-07-02,11562223451,250597496,250597496
vn,173513432,2026-07-02,8323910362,250597496,250597496
vn,173513432,2026-07-02,29160911160,250597543,250597543
vn,173513432,2026-07-02,23462048809,250597543,250597543
vn,173513432,2026-07-02,14158683593,250597543,250597543
vn,173513432,2026-07-02,16926501740,250597543,250597543
vn,173513432,2026-07-02,16604448221,250597543,250597543
vn,173513432,2026-07-02,20085751465,250597543,250597543
vn,173513432,2026-07-02,20886958783,250597543,250597543
vn,173513432,2026-07-02,25907552758,250597543,250597543
vn,173513432,2026-07-02,58010293888,250597584,250597584
vn,173513432,2026-07-02,4003153275,250597584,250597584
vn,173513432,2026-07-02,5103153786,250597584,250597584
vn,173513432,2026-07-02,2907143507,250597615,250597615
vn,173513432,2026-07-02,21152589941,250597615,250597615
vn,173513432,2026-07-02,22287585993,250597615,250597615
vn,173513432,2026-07-02,24084421467,250597615,250597615
vn,173513432,2026-07-02,19452107845,250597615,250597615
vn,173513432,2026-07-02,18348435785,250597615,250597615
vn,173513432,2026-07-02,24743454213,250597615,250597615
vn,173513432,2026-07-02,12133151466,250597615,250597615
vn,173513432,2026-07-02,21071014781,250597615,250597615
vn,173513432,2026-07-02,23362087945,259165309,259165309
vn,173513432,2026-07-02,9048796121,259165309,259165309
vn,173513432,2026-07-02,24382925488,259165309,259165309
vn,173513432,2026-07-02,2989938577,259165309,259165309
vn,173513432,2026-07-02,23962091148,259165309,259165309
vn,173513432,2026-07-02,29260645058,259165309,259165309
vn,173513432,2026-07-02,23586025018,259165309,259165309
vn,173513432,2026-07-02,4204384892,259165309,259165309
vn,173513432,2026-07-02,3100009305,261274615,261274615
vn,173513432,2026-07-02,58010293888,269476497,269476497
vn,173513432,2026-07-02,20085751465,269476497,269476497
vn,173513432,2026-07-02,56012087788,269476497,269476497
vn,173513432,2026-07-02,5942380457,269476497,269476497
vn,173513432,2026-07-02,42201666917,269476497,269476497
vn,173513432,2026-07-02,14728068605,269476497,269476497
vn,173513432,2026-07-02,3100009305,269476497,269476497
vn,173513432,2026-07-02,54861515567,269476497,269476497
vn,173513432,2026-07-03,4980351726,250597411,250597411
vn,173513432,2026-07-03,9048796121,250597411,250597411
vn,173513432,2026-07-03,2989938577,250597411,250597411
vn,173513432,2026-07-03,5204384448,250597411,250597411
vn,173513432,2026-07-03,10308626576,250597411,250597411
vn,173513432,2026-07-03,23962091148,250597411,250597411
vn,173513432,2026-07-03,4204384892,250597411,250597411
vn,173513432,2026-07-03,5563532430,250597411,250597411
vn,173513432,2026-07-03,6147372534,250597411,250597411
vn,173513432,2026-07-03,29260645058,250597411,250597411
vn,173513432,2026-07-03,25532918156,250597411,250597411
vn,173513432,2026-07-03,27231816576,250597411,250597411
vn,173513432,2026-07-03,4581436119,250597411,250597411
vn,173513432,2026-07-03,12993802768,250597411,250597411
vn,173513432,2026-07-03,23362087945,250597463,250597463
vn,173513432,2026-07-03,23244384737,250597463,250597463
vn,173513432,2026-07-03,28534686552,250597463,250597463
vn,173513432,2026-07-03,23586025018,250597463,250597463
vn,173513432,2026-07-03,10808120998,250597496,250597496
vn,173513432,2026-07-03,19443108444,250597496,250597496
vn,173513432,2026-07-03,2906940093,250597496,250597496
vn,173513432,2026-07-03,11562223451,250597496,250597496
vn,173513432,2026-07-03,8323910362,250597496,250597496
vn,173513432,2026-07-03,23462048809,250597543,250597543
vn,173513432,2026-07-03,29160911160,250597543,250597543
vn,173513432,2026-07-03,14158683593,250597543,250597543
vn,173513432,2026-07-03,16604448221,250597543,250597543
vn,173513432,2026-07-03,16926501740,250597543,250597543
vn,173513432,2026-07-03,20085751465,250597543,250597543
vn,173513432,2026-07-03,25907552758,250597543,250597543
vn,173513432,2026-07-03,20886958783,250597543,250597543
vn,173513432,2026-07-03,58010293888,250597584,250597584
vn,173513432,2026-07-03,4003153275,250597584,250597584
vn,173513432,2026-07-03,5103153786,250597584,250597584
vn,173513432,2026-07-03,2907143507,250597615,250597615
vn,173513432,2026-07-03,21152589941,250597615,250597615
vn,173513432,2026-07-03,22287585993,250597615,250597615
vn,173513432,2026-07-03,24084421467,250597615,250597615
vn,173513432,2026-07-03,19452107845,250597615,250597615
vn,173513432,2026-07-03,18348435785,250597615,250597615
vn,173513432,2026-07-03,24743454213,250597615,250597615
vn,173513432,2026-07-03,12133151466,250597615,250597615
vn,173513432,2026-07-03,21071014781,250597615,250597615
vn,173513432,2026-07-03,9048796121,259165309,259165309
vn,173513432,2026-07-03,23362087945,259165309,259165309
vn,173513432,2026-07-03,2989938577,259165309,259165309
vn,173513432,2026-07-03,24382925488,259165309,259165309
vn,173513432,2026-07-03,23962091148,259165309,259165309
vn,173513432,2026-07-03,4204384892,259165309,259165309
vn,173513432,2026-07-03,29260645058,259165309,259165309
vn,173513432,2026-07-03,23586025018,259165309,259165309
vn,173513432,2026-07-03,3100009305,261274615,261274615
vn,173513432,2026-07-03,58010293888,269476497,269476497
vn,173513432,2026-07-03,56012087788,269476497,269476497
vn,173513432,2026-07-03,20085751465,269476497,269476497
vn,173513432,2026-07-03,3100009305,269476497,269476497
vn,173513432,2026-07-03,5942380457,269476497,269476497
vn,173513432,2026-07-03,14728068605,269476497,269476497
vn,173513432,2026-07-03,42201666917,269476497,269476497
vn,173513432,2026-07-03,54861515567,269476497,269476497
vn,213989179,2026-07-01,5881924418,246750434,246750434
vn,213989179,2026-07-01,20385889419,246750434,246750434
vn,213989179,2026-07-01,4228429017,246750434,246750434
vn,213989179,2026-07-01,5919525984,246750434,246750434
vn,213989179,2026-07-01,27531706377,246750434,246750434
vn,213989179,2026-07-01,20385889396,246750434,246750434
vn,213989179,2026-07-01,20481788409,246750434,246750434
vn,213989179,2026-07-01,29667613836,246750434,246750434
vn,213989179,2026-07-01,26567609054,246750434,246750434
vn,213989179,2026-07-01,28820117182,246750434,246750434
vn,213989179,2026-07-01,5091831437,246750434,246750434
vn,213989179,2026-07-01,22426402261,246750581,246750581
vn,213989179,2026-07-01,22083886408,246750581,246750581
vn,213989179,2026-07-01,23341998012,246750581,246750581
vn,213989179,2026-07-01,42021518143,246750581,246750581
vn,213989179,2026-07-01,7613998544,246750581,246750581
vn,213989179,2026-07-01,24203390363,246750581,246750581
vn,213989179,2026-07-01,22288243381,246750581,246750581
vn,213989179,2026-07-01,6219529787,246750581,246750581
vn,213989179,2026-07-01,22458407247,246750581,246750581
vn,213989179,2026-07-01,43400175401,246750581,246750581
vn,213989179,2026-07-01,7019537060,246750581,246750581
vn,213989179,2026-07-01,19695891839,246750581,246750581
vn,213989179,2026-07-01,21206943492,246750581,246750581
vn,213989179,2026-07-01,28638387207,246750581,246750581
vn,213989179,2026-07-01,19079649512,246750581,246750581
vn,213989179,2026-07-01,19079606615,246750581,246750581
vn,213989179,2026-07-01,17894583120,246750581,246750581
vn,213989179,2026-07-01,24553391588,246750581,246750581
vn,213989179,2026-07-01,42401826840,246750581,246750581
vn,213989179,2026-07-01,28753604189,253250963,253250963
vn,213989179,2026-07-01,7059426608,253250963,253250963
vn,213989179,2026-07-01,27402928597,253250963,253250963
vn,213989179,2026-07-01,6225308367,253250963,253250963
vn,213989179,2026-07-01,13195531450,253250963,253250963
vn,213989179,2026-07-01,43001613157,253250963,253250963
vn,213989179,2026-07-01,52960468270,253250963,253250963
vn,213989179,2026-07-01,19188662330,253250963,253250963
vn,213989179,2026-07-01,49607284576,253250963,253250963
vn,213989179,2026-07-01,48257280275,253250963,253250963
vn,213989179,2026-07-01,29802924380,253250963,253250963
vn,213989179,2026-07-01,40751619456,253250963,253250963
vn,213989179,2026-07-01,29156682046,254854485,254854485
vn,213989179,2026-07-01,54611253723,254854485,254854485
vn,213989179,2026-07-01,22288243381,254854485,254854485
vn,213989179,2026-07-01,49212426528,254854485,254854485
vn,213989179,2026-07-01,44101565136,254854485,254854485
vn,213989179,2026-07-01,42431344632,254854485,254854485
vn,213989179,2026-07-01,49461278439,254854485,254854485
vn,213989179,2026-07-01,7019537060,254854485,254854485
vn,213989179,2026-07-01,47461281311,254854485,254854485
vn,213989179,2026-07-01,56761249618,254854485,254854485
vn,213989179,2026-07-01,24783598421,254854485,254854485
vn,213989179,2026-07-01,56712406423,254854485,254854485
vn,213989179,2026-07-01,42021518143,259149849,259149849
vn,213989179,2026-07-01,43400175401,259149849,259149849
vn,213989179,2026-07-01,28638387207,259149849,259149849
vn,213989179,2026-07-01,52900782117,259149849,259149849
vn,213989179,2026-07-01,42401826840,259149849,259149849
vn,213989179,2026-07-01,42021518143,259211391,259211391
vn,213989179,2026-07-01,43415619753,259211391,259211391
vn,213989179,2026-07-01,52960468270,259211391,259211391
vn,213989179,2026-07-01,43400175401,259211391,259211391
vn,213989179,2026-07-01,28638387207,259211391,259211391
vn,213989179,2026-07-01,19079606615,259211391,259211391
vn,213989179,2026-07-01,40751619456,259211391,259211391
vn,213989179,2026-07-01,46208275058,259211391,259211391
vn,213989179,2026-07-01,52900782117,259211391,259211391
vn,213989179,2026-07-01,20385889419,260400722,260400722
vn,213989179,2026-07-01,27531706377,260400722,260400722
vn,213989179,2026-07-01,20385889396,260400722,260400722
vn,213989179,2026-07-01,20481788409,260400722,260400722
vn,213989179,2026-07-01,29667613836,260400722,260400722
vn,213989179,2026-07-01,26567609054,260400722,260400722
vn,213989179,2026-07-01,28820117182,260400722,260400722
vn,213989179,2026-07-01,5091831437,260400722,260400722
vn,213989179,2026-07-01,17568700451,263055824,263055824
vn,213989179,2026-07-01,23102743144,263055824,263055824
vn,213989179,2026-07-01,15715828480,263055824,263055824
vn,213989179,2026-07-01,21703213740,263055824,263055824
vn,213989179,2026-07-01,21558655559,263055824,263055824
vn,213989179,2026-07-01,24286389752,263055824,263055824
vn,213989179,2026-07-01,18558695171,263055824,263055824
vn,213989179,2026-07-01,28433505734,263055824,263055824
vn,213989179,2026-07-01,24636392053,263055824,263055824
vn,213989179,2026-07-01,26362225992,263055824,263055824
vn,213989179,2026-07-01,28538456270,263055824,263055824
vn,213989179,2026-07-01,17568698755,263055824,263055824
vn,213989179,2026-07-01,29662232533,263055824,263055824
vn,213989179,2026-07-01,21143770334,263055824,263055824
vn,213989179,2026-07-01,3425405336,263055824,263055824
vn,213989179,2026-07-01,23451401334,263055824,263055824
vn,213989179,2026-07-01,4828889673,263055824,263055824
vn,213989179,2026-07-01,5828892952,263055824,263055824
vn,213989179,2026-07-02,5881924418,246750434,246750434
vn,213989179,2026-07-02,20385889419,246750434,246750434
vn,213989179,2026-07-02,4228429017,246750434,246750434
vn,213989179,2026-07-02,5919525984,246750434,246750434
vn,213989179,2026-07-02,20385889396,246750434,246750434
vn,213989179,2026-07-02,27531706377,246750434,246750434
vn,213989179,2026-07-02,20481788409,246750434,246750434
vn,213989179,2026-07-02,29667613836,246750434,246750434
vn,213989179,2026-07-02,26567609054,246750434,246750434
vn,213989179,2026-07-02,28820117182,246750434,246750434
vn,213989179,2026-07-02,5091831437,246750434,246750434
vn,213989179,2026-07-02,22083886408,246750581,246750581
vn,213989179,2026-07-02,22426402261,246750581,246750581
vn,213989179,2026-07-02,7613998544,246750581,246750581
vn,213989179,2026-07-02,23341998012,246750581,246750581
vn,213989179,2026-07-02,42021518143,246750581,246750581
vn,213989179,2026-07-02,24203390363,246750581,246750581
vn,213989179,2026-07-02,6219529787,246750581,246750581
vn,213989179,2026-07-02,22458407247,246750581,246750581
vn,213989179,2026-07-02,22288243381,246750581,246750581
vn,213989179,2026-07-02,28638387207,246750581,246750581
vn,213989179,2026-07-02,43400175401,246750581,246750581
vn,213989179,2026-07-02,7019537060,246750581,246750581
vn,213989179,2026-07-02,19695891839,246750581,246750581
vn,213989179,2026-07-02,21206943492,246750581,246750581
vn,213989179,2026-07-02,19079649512,246750581,246750581
vn,213989179,2026-07-02,24553391588,246750581,246750581
vn,213989179,2026-07-02,19079606615,246750581,246750581
vn,213989179,2026-07-02,17894583120,246750581,246750581
vn,213989179,2026-07-02,42401826840,246750581,246750581
vn,213989179,2026-07-02,28753604189,253250963,253250963
vn,213989179,2026-07-02,7059426608,253250963,253250963
vn,213989179,2026-07-02,27402928597,253250963,253250963
vn,213989179,2026-07-02,43001613157,253250963,253250963
vn,213989179,2026-07-02,13195531450,253250963,253250963
vn,213989179,2026-07-02,6225308367,253250963,253250963
vn,213989179,2026-07-02,14068398201,253250963,253250963
vn,213989179,2026-07-02,52960468270,253250963,253250963
vn,213989179,2026-07-02,19188662330,253250963,253250963
vn,213989179,2026-07-02,29802924380,253250963,253250963
vn,213989179,2026-07-02,48257280275,253250963,253250963
vn,213989179,2026-07-02,49607284576,253250963,253250963
vn,213989179,2026-07-02,40751619456,253250963,253250963
vn,213989179,2026-07-02,29156682046,254854485,254854485
vn,213989179,2026-07-02,54611253723,254854485,254854485
vn,213989179,2026-07-02,49212426528,254854485,254854485
vn,213989179,2026-07-02,22288243381,254854485,254854485
vn,213989179,2026-07-02,44101565136,254854485,254854485
vn,213989179,2026-07-02,42431344632,254854485,254854485
vn,213989179,2026-07-02,49461278439,254854485,254854485
vn,213989179,2026-07-02,7019537060,254854485,254854485
vn,213989179,2026-07-02,56761249618,254854485,254854485
vn,213989179,2026-07-02,24783598421,254854485,254854485
vn,213989179,2026-07-02,47461281311,254854485,254854485
vn,213989179,2026-07-02,56712406423,254854485,254854485
vn,213989179,2026-07-02,42021518143,259149849,259149849
vn,213989179,2026-07-02,28638387207,259149849,259149849
vn,213989179,2026-07-02,43400175401,259149849,259149849
vn,213989179,2026-07-02,52900782117,259149849,259149849
vn,213989179,2026-07-02,42401826840,259149849,259149849
vn,213989179,2026-07-02,42021518143,259211391,259211391
vn,213989179,2026-07-02,43415619753,259211391,259211391
vn,213989179,2026-07-02,28638387207,259211391,259211391
vn,213989179,2026-07-02,43400175401,259211391,259211391
vn,213989179,2026-07-02,52960468270,259211391,259211391
vn,213989179,2026-07-02,52900782117,259211391,259211391
vn,213989179,2026-07-02,19079606615,259211391,259211391
vn,213989179,2026-07-02,40751619456,259211391,259211391
vn,213989179,2026-07-02,46208275058,259211391,259211391
vn,213989179,2026-07-02,20385889419,260400722,260400722
vn,213989179,2026-07-02,20385889396,260400722,260400722
vn,213989179,2026-07-02,27531706377,260400722,260400722
vn,213989179,2026-07-02,20481788409,260400722,260400722
vn,213989179,2026-07-02,29667613836,260400722,260400722
vn,213989179,2026-07-02,26567609054,260400722,260400722
vn,213989179,2026-07-02,28820117182,260400722,260400722
vn,213989179,2026-07-02,5091831437,260400722,260400722
vn,213989179,2026-07-02,17568700451,263055824,263055824
vn,213989179,2026-07-02,23102743144,263055824,263055824
vn,213989179,2026-07-02,15715828480,263055824,263055824
vn,213989179,2026-07-02,21703213740,263055824,263055824
vn,213989179,2026-07-02,18558695171,263055824,263055824
vn,213989179,2026-07-02,21558655559,263055824,263055824
vn,213989179,2026-07-02,28433505734,263055824,263055824
vn,213989179,2026-07-02,24286389752,263055824,263055824
vn,213989179,2026-07-02,26362225992,263055824,263055824
vn,213989179,2026-07-02,24636392053,263055824,263055824
vn,213989179,2026-07-02,21143770334,263055824,263055824
vn,213989179,2026-07-02,17568698755,263055824,263055824
vn,213989179,2026-07-02,28538456270,263055824,263055824
vn,213989179,2026-07-02,29662232533,263055824,263055824
vn,213989179,2026-07-02,3425405336,263055824,263055824
vn,213989179,2026-07-02,4828889673,263055824,263055824
vn,213989179,2026-07-02,5828892952,263055824,263055824
vn,213989179,2026-07-02,23451401334,263055824,263055824
vn,213989179,2026-07-03,5881924418,246750434,246750434
vn,213989179,2026-07-03,20385889419,246750434,246750434
vn,213989179,2026-07-03,4228429017,246750434,246750434
vn,213989179,2026-07-03,5919525984,246750434,246750434
vn,213989179,2026-07-03,27531706377,246750434,246750434
vn,213989179,2026-07-03,20385889396,246750434,246750434
vn,213989179,2026-07-03,20481788409,246750434,246750434
vn,213989179,2026-07-03,29667613836,246750434,246750434
vn,213989179,2026-07-03,26567609054,246750434,246750434
vn,213989179,2026-07-03,28820117182,246750434,246750434
vn,213989179,2026-07-03,5091831437,246750434,246750434
vn,213989179,2026-07-03,22083886408,246750581,246750581
vn,213989179,2026-07-03,22426402261,246750581,246750581
vn,213989179,2026-07-03,23341998012,246750581,246750581
vn,213989179,2026-07-03,42021518143,246750581,246750581
vn,213989179,2026-07-03,6219529787,246750581,246750581
vn,213989179,2026-07-03,7613998544,246750581,246750581
vn,213989179,2026-07-03,22288243381,246750581,246750581
vn,213989179,2026-07-03,24203390363,246750581,246750581
vn,213989179,2026-07-03,22458407247,246750581,246750581
vn,213989179,2026-07-03,43400175401,246750581,246750581
vn,213989179,2026-07-03,21206943492,246750581,246750581
vn,213989179,2026-07-03,7019537060,246750581,246750581
vn,213989179,2026-07-03,28638387207,246750581,246750581
vn,213989179,2026-07-03,19079649512,246750581,246750581
vn,213989179,2026-07-03,19695891839,246750581,246750581
vn,213989179,2026-07-03,19079606615,246750581,246750581
vn,213989179,2026-07-03,24553391588,246750581,246750581
vn,213989179,2026-07-03,17894583120,246750581,246750581
vn,213989179,2026-07-03,42401826840,246750581,246750581
vn,213989179,2026-07-03,7059426608,253250963,253250963
vn,213989179,2026-07-03,28753604189,253250963,253250963
vn,213989179,2026-07-03,27402928597,253250963,253250963
vn,213989179,2026-07-03,6225308367,253250963,253250963
vn,213989179,2026-07-03,43001613157,253250963,253250963
vn,213989179,2026-07-03,13195531450,253250963,253250963
vn,213989179,2026-07-03,14068398201,253250963,253250963
vn,213989179,2026-07-03,52960468270,253250963,253250963
vn,213989179,2026-07-03,19188662330,253250963,253250963
vn,213989179,2026-07-03,48257280275,253250963,253250963
vn,213989179,2026-07-03,29802924380,253250963,253250963
vn,213989179,2026-07-03,40751619456,253250963,253250963
vn,213989179,2026-07-03,49607284576,253250963,253250963
vn,213989179,2026-07-03,29156682046,254854485,254854485
vn,213989179,2026-07-03,54611253723,254854485,254854485
vn,213989179,2026-07-03,22288243381,254854485,254854485
vn,213989179,2026-07-03,49212426528,254854485,254854485
vn,213989179,2026-07-03,42431344632,254854485,254854485
vn,213989179,2026-07-03,44101565136,254854485,254854485
vn,213989179,2026-07-03,49461278439,254854485,254854485
vn,213989179,2026-07-03,7019537060,254854485,254854485
vn,213989179,2026-07-03,56761249618,254854485,254854485
vn,213989179,2026-07-03,24783598421,254854485,254854485
vn,213989179,2026-07-03,47461281311,254854485,254854485
vn,213989179,2026-07-03,56712406423,254854485,254854485
vn,213989179,2026-07-03,42021518143,259149849,259149849
vn,213989179,2026-07-03,43400175401,259149849,259149849
vn,213989179,2026-07-03,28638387207,259149849,259149849
vn,213989179,2026-07-03,52900782117,259149849,259149849
vn,213989179,2026-07-03,42401826840,259149849,259149849
vn,213989179,2026-07-03,42021518143,259211391,259211391
vn,213989179,2026-07-03,43415619753,259211391,259211391
vn,213989179,2026-07-03,52960468270,259211391,259211391
vn,213989179,2026-07-03,43400175401,259211391,259211391
vn,213989179,2026-07-03,28638387207,259211391,259211391
vn,213989179,2026-07-03,19079606615,259211391,259211391
vn,213989179,2026-07-03,40751619456,259211391,259211391
vn,213989179,2026-07-03,52900782117,259211391,259211391
vn,213989179,2026-07-03,46208275058,259211391,259211391
vn,213989179,2026-07-03,20385889419,260400722,260400722
vn,213989179,2026-07-03,27531706377,260400722,260400722
vn,213989179,2026-07-03,20385889396,260400722,260400722
vn,213989179,2026-07-03,20481788409,260400722,260400722
vn,213989179,2026-07-03,29667613836,260400722,260400722
vn,213989179,2026-07-03,26567609054,260400722,260400722
vn,213989179,2026-07-03,28820117182,260400722,260400722
vn,213989179,2026-07-03,5091831437,260400722,260400722
vn,213989179,2026-07-03,17568700451,263055824,263055824
vn,213989179,2026-07-03,23102743144,263055824,263055824
vn,213989179,2026-07-03,15715828480,263055824,263055824
vn,213989179,2026-07-03,21703213740,263055824,263055824
vn,213989179,2026-07-03,24286389752,263055824,263055824
vn,213989179,2026-07-03,28433505734,263055824,263055824
vn,213989179,2026-07-03,18558695171,263055824,263055824
vn,213989179,2026-07-03,21558655559,263055824,263055824
vn,213989179,2026-07-03,24636392053,263055824,263055824
vn,213989179,2026-07-03,21143770334,263055824,263055824
vn,213989179,2026-07-03,26362225992,263055824,263055824
vn,213989179,2026-07-03,28538456270,263055824,263055824
vn,213989179,2026-07-03,3425405336,263055824,263055824
vn,213989179,2026-07-03,29662232533,263055824,263055824
vn,213989179,2026-07-03,4828889673,263055824,263055824
vn,213989179,2026-07-03,17568698755,263055824,263055824
vn,213989179,2026-07-03,23451401334,263055824,263055824
vn,213989179,2026-07-03,5828892952,263055824,263055824
vn,289646907,2026-07-01,22227670295,101119957,101119957
vn,289646907,2026-07-01,23727675986,101119957,101119957
vn,289646907,2026-07-01,23727659874,146098874,146098874
vn,289646907,2026-07-01,22327674524,146098874,146098874
vn,289646907,2026-07-01,56257443079,146098874,146098874
vn,289646907,2026-07-01,41829383225,146098874,146098874
vn,289646907,2026-07-01,51907456940,146098874,146098874
vn,289646907,2026-07-01,25078119874,146098884,146098884
vn,289646907,2026-07-01,25728109731,146098884,146098884
vn,289646907,2026-07-01,26900493910,146098884,146098884
vn,289646907,2026-07-01,23565208439,146098884,146098884
vn,289646907,2026-07-01,28353888202,146098884,146098884
vn,289646907,2026-07-01,24828115965,146098884,146098884
vn,289646907,2026-07-01,56152579418,146098884,146098884
vn,289646907,2026-07-01,44024261701,146098884,146098884
vn,289646907,2026-07-01,44112379715,149179941,149179941
vn,289646907,2026-07-01,41712379566,149179941,149179941
vn,289646907,2026-07-01,26489730581,149179941,149179941
vn,289646907,2026-07-01,26233488173,245342872,245342872
vn,289646907,2026-07-01,25828640224,245555702,245555702
vn,289646907,2026-07-01,19474514882,245555702,245555702
vn,289646907,2026-07-01,26361847161,245555702,245555702
vn,289646907,2026-07-01,25027863990,245555702,245555702
vn,289646907,2026-07-01,25728109731,245555702,245555702
vn,289646907,2026-07-01,22227670295,245555702,245555702
vn,289646907,2026-07-01,23459135184,245555702,245555702
vn,289646907,2026-07-01,23727675986,245555702,245555702
vn,289646907,2026-07-01,23027666001,245555702,245555702
vn,289646907,2026-07-01,28353888202,245555702,245555702
vn,289646907,2026-07-01,25228640065,245555702,245555702
vn,289646907,2026-07-01,26052011768,245555702,245555702
vn,289646907,2026-07-01,26408223367,245555702,245555702
vn,289646907,2026-07-01,25784920058,245555702,245555702
vn,289646907,2026-07-01,26912249516,245555702,245555702
vn,289646907,2026-07-01,25586402460,245555702,245555702
vn,289646907,2026-07-01,26361847161,254246036,254246036
vn,289646907,2026-07-01,24391148394,254246036,254246036
vn,289646907,2026-07-01,41853192625,254246036,254246036
vn,289646907,2026-07-01,26233488173,254246036,254246036
vn,289646907,2026-07-01,47704391486,254246036,254246036
vn,289646907,2026-07-01,26912249516,254246036,254246036
vn,289646907,2026-07-01,25586402460,254246036,254246036
vn,289646907,2026-07-01,44112379715,260400193,260400193
vn,289646907,2026-07-01,41712379566,260400193,260400193
vn,289646907,2026-07-01,26489730581,260400193,260400193
vn,289646907,2026-07-01,41824111415,262847150,262847150
vn,289646907,2026-07-01,29492921661,262847150,262847150
vn,289646907,2026-07-01,44112379715,271251775,271251775
vn,289646907,2026-07-01,25728109731,271251775,271251775
vn,289646907,2026-07-01,23459135184,271251775,271251775
vn,289646907,2026-07-01,26900493910,271251775,271251775
vn,289646907,2026-07-01,26052011768,271251775,271251775
vn,289646907,2026-07-01,24027869690,271251775,271251775
vn,289646907,2026-07-01,41712379566,271251775,271251775
vn,289646907,2026-07-01,25178062720,271251775,271251775
vn,289646907,2026-07-01,26489730581,271251775,271251775
vn,289646907,2026-07-01,53457449519,271251775,271251775
vn,289646907,2026-07-01,44024261701,271251775,271251775
vn,289646907,2026-07-01,26331556808,37709521,37709521
vn,289646907,2026-07-01,25578062299,37709533,37709533
vn,289646907,2026-07-01,28952745890,37709533,37709533
vn,289646907,2026-07-01,23459135184,37709533,37709533
vn,289646907,2026-07-01,26052011768,37709533,37709533
vn,289646907,2026-07-01,24027869690,37709533,37709533
vn,289646907,2026-07-01,45357467779,37709533,37709533
vn,289646907,2026-07-01,25178062720,37709533,37709533
vn,289646907,2026-07-01,26408223367,37709533,37709533
vn,289646907,2026-07-01,41670882461,37709533,37709533
vn,289646907,2026-07-01,19474514882,37709566,37709566
vn,289646907,2026-07-01,23027666001,37709566,37709566
vn,289646907,2026-07-01,22327681194,37709566,37709566
vn,289646907,2026-07-02,22227670295,101119957,101119957
vn,289646907,2026-07-02,23727675986,101119957,101119957
vn,289646907,2026-07-02,23727659874,146098874,146098874
vn,289646907,2026-07-02,22327674524,146098874,146098874
vn,289646907,2026-07-02,56257443079,146098874,146098874
vn,289646907,2026-07-02,51907456940,146098874,146098874
vn,289646907,2026-07-02,41829383225,146098874,146098874
vn,289646907,2026-07-02,25078119874,146098884,146098884
vn,289646907,2026-07-02,25728109731,146098884,146098884
vn,289646907,2026-07-02,26900493910,146098884,146098884
vn,289646907,2026-07-02,28353888202,146098884,146098884
vn,289646907,2026-07-02,23565208439,146098884,146098884
vn,289646907,2026-07-02,24828115965,146098884,146098884
vn,289646907,2026-07-02,56152579418,146098884,146098884
vn,289646907,2026-07-02,44024261701,146098884,146098884
vn,289646907,2026-07-02,44112379715,149179941,149179941
vn,289646907,2026-07-02,41712379566,149179941,149179941
vn,289646907,2026-07-02,26489730581,149179941,149179941
vn,289646907,2026-07-02,26233488173,245342872,245342872
vn,289646907,2026-07-02,25828640224,245555702,245555702
vn,289646907,2026-07-02,26361847161,245555702,245555702
vn,289646907,2026-07-02,19474514882,245555702,245555702
vn,289646907,2026-07-02,25027863990,245555702,245555702
vn,289646907,2026-07-02,23459135184,245555702,245555702
vn,289646907,2026-07-02,25728109731,245555702,245555702
vn,289646907,2026-07-02,22227670295,245555702,245555702
vn,289646907,2026-07-02,25228640065,245555702,245555702
vn,289646907,2026-07-02,28353888202,245555702,245555702
vn,289646907,2026-07-02,23027666001,245555702,245555702
vn,289646907,2026-07-02,23727675986,245555702,245555702
vn,289646907,2026-07-02,26052011768,245555702,245555702
vn,289646907,2026-07-02,26408223367,245555702,245555702
vn,289646907,2026-07-02,25784920058,245555702,245555702
vn,289646907,2026-07-02,25586402460,245555702,245555702
vn,289646907,2026-07-02,26912249516,245555702,245555702
vn,289646907,2026-07-02,26361847161,254246036,254246036
vn,289646907,2026-07-02,26233488173,254246036,254246036
vn,289646907,2026-07-02,24391148394,254246036,254246036
vn,289646907,2026-07-02,41853192625,254246036,254246036
vn,289646907,2026-07-02,47704391486,254246036,254246036
vn,289646907,2026-07-02,25586402460,254246036,254246036
vn,289646907,2026-07-02,26912249516,254246036,254246036
vn,289646907,2026-07-02,44112379715,260400193,260400193
vn,289646907,2026-07-02,41712379566,260400193,260400193
vn,289646907,2026-07-02,26489730581,260400193,260400193
vn,289646907,2026-07-02,41824111415,262847150,262847150
vn,289646907,2026-07-02,29492921661,262847150,262847150
vn,289646907,2026-07-02,44112379715,271251775,271251775
vn,289646907,2026-07-02,23459135184,271251775,271251775
vn,289646907,2026-07-02,25728109731,271251775,271251775
vn,289646907,2026-07-02,26900493910,271251775,271251775
vn,289646907,2026-07-02,24027869690,271251775,271251775
vn,289646907,2026-07-02,26052011768,271251775,271251775
vn,289646907,2026-07-02,41712379566,271251775,271251775
vn,289646907,2026-07-02,26489730581,271251775,271251775
vn,289646907,2026-07-02,25178062720,271251775,271251775
vn,289646907,2026-07-02,53457449519,271251775,271251775
vn,289646907,2026-07-02,44024261701,271251775,271251775
vn,289646907,2026-07-02,26331556808,37709521,37709521
vn,289646907,2026-07-02,25578062299,37709533,37709533
vn,289646907,2026-07-02,23459135184,37709533,37709533
vn,289646907,2026-07-02,28952745890,37709533,37709533
vn,289646907,2026-07-02,24027869690,37709533,37709533
vn,289646907,2026-07-02,26052011768,37709533,37709533
vn,289646907,2026-07-02,45357467779,37709533,37709533
vn,289646907,2026-07-02,26408223367,37709533,37709533
vn,289646907,2026-07-02,25178062720,37709533,37709533
vn,289646907,2026-07-02,41670882461,37709533,37709533
vn,289646907,2026-07-02,19474514882,37709566,37709566
vn,289646907,2026-07-02,22327681194,37709566,37709566
vn,289646907,2026-07-02,23027666001,37709566,37709566
vn,289646907,2026-07-03,22227670295,101119957,101119957
vn,289646907,2026-07-03,23727675986,101119957,101119957
vn,289646907,2026-07-03,23727659874,146098874,146098874
vn,289646907,2026-07-03,22327674524,146098874,146098874
vn,289646907,2026-07-03,56257443079,146098874,146098874
vn,289646907,2026-07-03,51907456940,146098874,146098874
vn,289646907,2026-07-03,41829383225,146098874,146098874
vn,289646907,2026-07-03,25078119874,146098884,146098884
vn,289646907,2026-07-03,25728109731,146098884,146098884
vn,289646907,2026-07-03,26900493910,146098884,146098884
vn,289646907,2026-07-03,28353888202,146098884,146098884
vn,289646907,2026-07-03,23565208439,146098884,146098884
vn,289646907,2026-07-03,24828115965,146098884,146098884
vn,289646907,2026-07-03,56152579418,146098884,146098884
vn,289646907,2026-07-03,44024261701,146098884,146098884
vn,289646907,2026-07-03,44112379715,149179941,149179941
vn,289646907,2026-07-03,41712379566,149179941,149179941
vn,289646907,2026-07-03,26489730581,149179941,149179941
vn,289646907,2026-07-03,26233488173,245342872,245342872
vn,289646907,2026-07-03,25828640224,245555702,245555702
vn,289646907,2026-07-03,26361847161,245555702,245555702
vn,289646907,2026-07-03,19474514882,245555702,245555702
vn,289646907,2026-07-03,25027863990,245555702,245555702
vn,289646907,2026-07-03,23459135184,245555702,245555702
vn,289646907,2026-07-03,25728109731,245555702,245555702
vn,289646907,2026-07-03,22227670295,245555702,245555702
vn,289646907,2026-07-03,25228640065,245555702,245555702
vn,289646907,2026-07-03,28353888202,245555702,245555702
vn,289646907,2026-07-03,23027666001,245555702,245555702
vn,289646907,2026-07-03,23727675986,245555702,245555702
vn,289646907,2026-07-03,26052011768,245555702,245555702
vn,289646907,2026-07-03,26408223367,245555702,245555702
vn,289646907,2026-07-03,25784920058,245555702,245555702
vn,289646907,2026-07-03,25586402460,245555702,245555702
vn,289646907,2026-07-03,26912249516,245555702,245555702
vn,289646907,2026-07-03,26361847161,254246036,254246036
vn,289646907,2026-07-03,26233488173,254246036,254246036
vn,289646907,2026-07-03,24391148394,254246036,254246036
vn,289646907,2026-07-03,41853192625,254246036,254246036
vn,289646907,2026-07-03,47704391486,254246036,254246036
vn,289646907,2026-07-03,25586402460,254246036,254246036
vn,289646907,2026-07-03,26912249516,254246036,254246036
vn,289646907,2026-07-03,44112379715,260400193,260400193
vn,289646907,2026-07-03,41712379566,260400193,260400193
vn,289646907,2026-07-03,26489730581,260400193,260400193
vn,289646907,2026-07-03,41824111415,262847150,262847150
vn,289646907,2026-07-03,29492921661,262847150,262847150
vn,289646907,2026-07-03,44112379715,271251775,271251775
vn,289646907,2026-07-03,23459135184,271251775,271251775
vn,289646907,2026-07-03,25728109731,271251775,271251775
vn,289646907,2026-07-03,26900493910,271251775,271251775
vn,289646907,2026-07-03,24027869690,271251775,271251775
vn,289646907,2026-07-03,26052011768,271251775,271251775
vn,289646907,2026-07-03,41712379566,271251775,271251775
vn,289646907,2026-07-03,26489730581,271251775,271251775
vn,289646907,2026-07-03,25178062720,271251775,271251775
vn,289646907,2026-07-03,53457449519,271251775,271251775
vn,289646907,2026-07-03,44024261701,271251775,271251775
vn,289646907,2026-07-03,26331556808,37709521,37709521
vn,289646907,2026-07-03,25578062299,37709533,37709533
vn,289646907,2026-07-03,23459135184,37709533,37709533
vn,289646907,2026-07-03,28952745890,37709533,37709533
vn,289646907,2026-07-03,24027869690,37709533,37709533
vn,289646907,2026-07-03,26052011768,37709533,37709533
vn,289646907,2026-07-03,45357467779,37709533,37709533
vn,289646907,2026-07-03,26408223367,37709533,37709533
vn,289646907,2026-07-03,25178062720,37709533,37709533
vn,289646907,2026-07-03,41670882461,37709533,37709533
vn,289646907,2026-07-03,19474514882,37709566,37709566
vn,289646907,2026-07-03,22327681194,37709566,37709566
vn,289646907,2026-07-03,23027666001,37709566,37709566
vn,430972539,2026-07-01,11518293382,122605646,122605646
vn,430972539,2026-07-01,28985249725,122605646,122605646
vn,430972539,2026-07-01,17230920919,122605646,122605646
vn,430972539,2026-07-01,10032780626,122605646,122605646
vn,430972539,2026-07-01,21475359656,122605646,122605646
vn,430972539,2026-07-01,10665244303,122605671,122605671
vn,430972539,2026-07-01,20848965969,122605671,122605671
vn,430972539,2026-07-01,44324603727,122605671,122605671
vn,430972539,2026-07-01,10550707084,244780274,244780274
vn,430972539,2026-07-01,20848965963,244780274,244780274
vn,430972539,2026-07-01,8689421259,244780274,244780274
vn,430972539,2026-07-01,22425279849,245604651,245604651
vn,430972539,2026-07-01,28653603145,245604651,245604651
vn,430972539,2026-07-02,11518293382,122605646,122605646
vn,430972539,2026-07-02,28985249725,122605646,122605646
vn,430972539,2026-07-02,17230920919,122605646,122605646
vn,430972539,2026-07-02,10032780626,122605646,122605646
vn,430972539,2026-07-02,21475359656,122605646,122605646
vn,430972539,2026-07-02,10665244303,122605671,122605671
vn,430972539,2026-07-02,20848965969,122605671,122605671
vn,430972539,2026-07-02,44324603727,122605671,122605671
vn,430972539,2026-07-02,10550707084,244780274,244780274
vn,430972539,2026-07-02,20848965963,244780274,244780274
vn,430972539,2026-07-02,8689421259,244780274,244780274
vn,430972539,2026-07-02,22425279849,245604651,245604651
vn,430972539,2026-07-02,28653603145,245604651,245604651
vn,430972539,2026-07-03,11518293382,122605646,122605646
vn,430972539,2026-07-03,28985249725,122605646,122605646
vn,430972539,2026-07-03,10032780626,122605646,122605646
vn,430972539,2026-07-03,17230920919,122605646,122605646
vn,430972539,2026-07-03,21475359656,122605646,122605646
vn,430972539,2026-07-03,10665244303,122605671,122605671
vn,430972539,2026-07-03,20848965969,122605671,122605671
vn,430972539,2026-07-03,44324603727,122605671,122605671
vn,430972539,2026-07-03,10550707084,244780274,244780274
vn,430972539,2026-07-03,20848965963,244780274,244780274
vn,430972539,2026-07-03,8689421259,244780274,244780274
vn,430972539,2026-07-03,22425279849,245604651,245604651
vn,430972539,2026-07-03,28653603145,245604651,245604651
vn,438905996,2026-07-01,17385752247,155133913,155133913
vn,438905996,2026-07-01,13439697233,155133913,155133913
vn,438905996,2026-07-01,21258367014,155133913,155133913
vn,438905996,2026-07-01,18684826924,155133913,155133913
vn,438905996,2026-07-01,21975544291,155133913,155133913
vn,438905996,2026-07-01,11966626126,155133913,155133913
vn,438905996,2026-07-01,24700119875,155133913,155133913
vn,438905996,2026-07-01,18970964057,155133913,155133913
vn,438905996,2026-07-01,23117784722,155133913,155133913
vn,438905996,2026-07-01,26579122800,155133913,155133913
vn,438905996,2026-07-01,19760852081,155133913,155133913
vn,438905996,2026-07-01,21377681750,155133913,155133913
vn,438905996,2026-07-01,19448050564,155133913,155133913
vn,438905996,2026-07-01,23651446221,155133913,155133913
vn,438905996,2026-07-01,51410286188,155133913,155133913
vn,438905996,2026-07-01,28526139038,155133913,155133913
vn,438905996,2026-07-01,18480491787,155134021,155134021
vn,438905996,2026-07-01,22243784219,155134021,155134021
vn,438905996,2026-07-01,20486486922,155134021,155134021
vn,438905996,2026-07-01,48206797229,155134021,155134021
vn,438905996,2026-07-01,49559932159,155134021,155134021
vn,438905996,2026-07-01,49106797794,155134021,155134021
vn,438905996,2026-07-01,25950531610,155134021,155134021
vn,438905996,2026-07-01,22462828294,158671238,158671238
vn,438905996,2026-07-01,22636113353,158671238,158671238
vn,438905996,2026-07-01,42500556873,158671238,158671238
vn,438905996,2026-07-01,25744440915,158671238,158671238
vn,438905996,2026-07-01,25344436117,158671238,158671238
vn,438905996,2026-07-01,21377681750,158671238,158671238
vn,438905996,2026-07-01,29738422873,158671238,158671238
vn,438905996,2026-07-01,26284532008,158671238,158671238
vn,438905996,2026-07-01,49460368720,158671238,158671238
vn,438905996,2026-07-01,43957595456,158671238,158671238
vn,438905996,2026-07-01,57260349532,158671238,158671238
vn,438905996,2026-07-01,29727728677,158671238,158671238
vn,438905996,2026-07-01,56210343716,158671238,158671238
vn,438905996,2026-07-01,21188363250,158671238,158671238
vn,438905996,2026-07-01,53210360524,158671238,158671238
vn,438905996,2026-07-01,11090028367,243520852,243520852
vn,438905996,2026-07-01,10466590734,243520852,243520852
vn,438905996,2026-07-01,25950531610,243520852,243520852
vn,438905996,2026-07-01,19760852081,243520852,243520852
vn,438905996,2026-07-01,19448050564,243520852,243520852
vn,438905996,2026-07-01,18367916719,243520852,243520852
vn,438905996,2026-07-01,56062041503,243520852,243520852
vn,438905996,2026-07-01,52710351721,243520852,243520852
vn,438905996,2026-07-01,16196107987,243520852,243520852
vn,438905996,2026-07-01,57210285849,243520852,243520852
vn,438905996,2026-07-01,45460311001,243520852,243520852
vn,438905996,2026-07-01,43852307558,243520852,243520852
vn,438905996,2026-07-01,56310231315,243520852,243520852
vn,438905996,2026-07-01,20477673172,248421348,248421348
vn,438905996,2026-07-01,20652617695,248421348,248421348
vn,438905996,2026-07-01,22654206837,248421348,248421348
vn,438905996,2026-07-01,22330873798,248421348,248421348
vn,438905996,2026-07-01,50410083782,248421348,248421348
vn,438905996,2026-07-01,11166632589,248421348,248421348
vn,438905996,2026-07-01,43852307558,248421348,248421348
vn,438905996,2026-07-01,21658340202,248774243,248774243
vn,438905996,2026-07-01,23044095031,248774243,248774243
vn,438905996,2026-07-01,23560645214,248774243,248774243
vn,438905996,2026-07-01,16825736129,248774243,248774243
vn,438905996,2026-07-01,22759887263,248774243,248774243
vn,438905996,2026-07-01,22462828294,248774243,248774243
vn,438905996,2026-07-01,28236664738,248774243,248774243
vn,438905996,2026-07-01,19479438852,248774243,248774243
vn,438905996,2026-07-01,41628205893,248774243,248774243
vn,438905996,2026-07-01,42500556873,248774243,248774243
vn,438905996,2026-07-01,43600566645,248774243,248774243
vn,438905996,2026-07-01,21377681750,248774243,248774243
vn,438905996,2026-07-01,46805415448,248774243,248774243
vn,438905996,2026-07-01,28438413736,248774243,248774243
vn,438905996,2026-07-01,49660842718,248774243,248774243
vn,438905996,2026-07-01,44007597771,248774243,248774243
vn,438905996,2026-07-01,16196107987,248774243,248774243
vn,438905996,2026-07-01,49460368720,248774243,248774243
vn,438905996,2026-07-01,47161022997,248774243,248774243
vn,438905996,2026-07-01,56210343716,248774243,248774243
vn,438905996,2026-07-01,50861006954,248774243,248774243
vn,438905996,2026-07-01,23738702520,258004532,258004532
vn,438905996,2026-07-01,25052927410,258004532,258004532
vn,438905996,2026-07-01,21479403474,258004532,258004532
vn,438905996,2026-07-01,23826107700,258004532,258004532
vn,438905996,2026-07-01,21795581180,259073235,259073235
vn,438905996,2026-07-01,29575235557,259073235,259073235
vn,438905996,2026-07-01,23476552513,259073235,259073235
vn,438905996,2026-07-01,46712105892,259073235,259073235
vn,438905996,2026-07-01,57259950354,259073235,259073235
vn,438905996,2026-07-01,45410969628,259073235,259073235
vn,438905996,2026-07-01,24002925688,259073235,259073235
vn,438905996,2026-07-01,56811471193,259073235,259073235
vn,438905996,2026-07-01,28045099629,259073235,259073235
vn,438905996,2026-07-01,40581612807,259073235,259073235
vn,438905996,2026-07-01,46961314681,259073235,259073235
vn,438905996,2026-07-01,55962469680,259073235,259073235
vn,438905996,2026-07-01,29088108842,259073235,259073235
vn,438905996,2026-07-01,46800472365,259073235,259073235
vn,438905996,2026-07-01,25145752808,259073235,259073235
vn,438905996,2026-07-01,20852613995,259602442,259602442
vn,438905996,2026-07-01,11366802291,259602442,259602442
vn,438905996,2026-07-01,26488409967,259602442,259602442
vn,438905996,2026-07-01,51460942294,259602442,259602442
vn,438905996,2026-07-01,21677414205,259602442,259602442
vn,438905996,2026-07-01,41307588613,259602442,259602442
vn,438905996,2026-07-01,43357596628,259602442,259602442
vn,438905996,2026-07-01,18877528337,259602442,259602442
vn,438905996,2026-07-01,11090028367,259602442,259602442
vn,438905996,2026-07-01,23184849821,259602442,259602442
vn,438905996,2026-07-01,43807592371,259602442,259602442
vn,438905996,2026-07-01,22830862149,259602442,259602442
vn,438905996,2026-07-01,47560964182,259602442,259602442
vn,438905996,2026-07-01,22670919692,259602442,259602442
vn,438905996,2026-07-01,22636113353,259602442,259602442
vn,438905996,2026-07-01,26010792468,259602442,259602442
vn,438905996,2026-07-01,43357600879,259602442,259602442
vn,438905996,2026-07-01,54709901533,259602442,259602442
vn,438905996,2026-07-01,47959526710,259602442,259602442
vn,438905996,2026-07-01,40157591819,259602442,259602442
vn,438905996,2026-07-01,25744440915,259602442,259602442
vn,438905996,2026-07-01,10466590734,259602442,259602442
vn,438905996,2026-07-01,29088108842,259602442,259602442
vn,438905996,2026-07-01,25344436117,259602442,259602442
vn,438905996,2026-07-01,29738422873,259602442,259602442
vn,438905996,2026-07-01,18367916719,259602442,259602442
vn,438905996,2026-07-01,40507120621,259602442,259602442
vn,438905996,2026-07-01,56860203157,259602442,259602442
vn,438905996,2026-07-01,56062041503,259602442,259602442
vn,438905996,2026-07-01,25145752808,259602442,259602442
vn,438905996,2026-07-01,28488287544,259602442,259602442
vn,438905996,2026-07-01,26284532008,259602442,259602442
vn,438905996,2026-07-01,57701686736,259602442,259602442
vn,438905996,2026-07-01,43957595456,259602442,259602442
vn,438905996,2026-07-01,53551695912,259602442,259602442
vn,438905996,2026-07-01,29727728677,259602442,259602442
vn,438905996,2026-07-01,17385752247,261231578,261231578
vn,438905996,2026-07-01,20852613995,261231578,261231578
vn,438905996,2026-07-01,13439697233,261231578,261231578
vn,438905996,2026-07-01,21658340202,261231578,261231578
vn,438905996,2026-07-01,11366802291,261231578,261231578
vn,438905996,2026-07-01,26488409967,261231578,261231578
vn,438905996,2026-07-01,23044095031,261231578,261231578
vn,438905996,2026-07-01,18480491787,261231578,261231578
vn,438905996,2026-07-01,21258367014,261231578,261231578
vn,438905996,2026-07-01,21677414205,261231578,261231578
vn,438905996,2026-07-01,18877528337,261231578,261231578
vn,438905996,2026-07-01,11090028367,261231578,261231578
vn,438905996,2026-07-01,23560645214,261231578,261231578
vn,438905996,2026-07-01,16825736129,261231578,261231578
vn,438905996,2026-07-01,22243784219,261231578,261231578
vn,438905996,2026-07-01,11966626126,261231578,261231578
vn,438905996,2026-07-01,18970964057,261231578,261231578
vn,438905996,2026-07-01,22830862149,261231578,261231578
vn,438905996,2026-07-01,22636113353,261231578,261231578
vn,438905996,2026-07-01,19479438852,261231578,261231578
vn,438905996,2026-07-01,40157591819,261231578,261231578
vn,438905996,2026-07-01,11090028367,261231598,261231598
vn,438905996,2026-07-01,26589754927,261231598,261231598
vn,438905996,2026-07-02,17385752247,155133913,155133913
vn,438905996,2026-07-02,13439697233,155133913,155133913
vn,438905996,2026-07-02,18684826924,155133913,155133913
vn,438905996,2026-07-02,21258367014,155133913,155133913
vn,438905996,2026-07-02,11966626126,155133913,155133913
vn,438905996,2026-07-02,21975544291,155133913,155133913
vn,438905996,2026-07-02,24700119875,155133913,155133913
vn,438905996,2026-07-02,18970964057,155133913,155133913
vn,438905996,2026-07-02,23117784722,155133913,155133913
vn,438905996,2026-07-02,26579122800,155133913,155133913
vn,438905996,2026-07-02,21377681750,155133913,155133913
vn,438905996,2026-07-02,19760852081,155133913,155133913
vn,438905996,2026-07-02,19448050564,155133913,155133913
vn,438905996,2026-07-02,23651446221,155133913,155133913
vn,438905996,2026-07-02,51410286188,155133913,155133913
vn,438905996,2026-07-02,28526139038,155133913,155133913
vn,438905996,2026-07-02,18480491787,155134021,155134021
vn,438905996,2026-07-02,22243784219,155134021,155134021
vn,438905996,2026-07-02,20486486922,155134021,155134021
vn,438905996,2026-07-02,48206797229,155134021,155134021
vn,438905996,2026-07-02,49559932159,155134021,155134021
vn,438905996,2026-07-02,49106797794,155134021,155134021
vn,438905996,2026-07-02,25950531610,155134021,155134021
vn,438905996,2026-07-02,22462828294,158671238,158671238
vn,438905996,2026-07-02,22636113353,158671238,158671238
vn,438905996,2026-07-02,42500556873,158671238,158671238
vn,438905996,2026-07-02,25744440915,158671238,158671238
vn,438905996,2026-07-02,21377681750,158671238,158671238
vn,438905996,2026-07-02,25344436117,158671238,158671238
vn,438905996,2026-07-02,29738422873,158671238,158671238
vn,438905996,2026-07-02,26284532008,158671238,158671238
vn,438905996,2026-07-02,49460368720,158671238,158671238
vn,438905996,2026-07-02,43957595456,158671238,158671238
vn,438905996,2026-07-02,57260349532,158671238,158671238
vn,438905996,2026-07-02,56210343716,158671238,158671238
vn,438905996,2026-07-02,29727728677,158671238,158671238
vn,438905996,2026-07-02,21188363250,158671238,158671238
vn,438905996,2026-07-02,53210360524,158671238,158671238
vn,438905996,2026-07-02,11090028367,243520852,243520852
vn,438905996,2026-07-02,10466590734,243520852,243520852
vn,438905996,2026-07-02,25950531610,243520852,243520852
vn,438905996,2026-07-02,19760852081,243520852,243520852
vn,438905996,2026-07-02,19448050564,243520852,243520852
vn,438905996,2026-07-02,18367916719,243520852,243520852
vn,438905996,2026-07-02,56062041503,243520852,243520852
vn,438905996,2026-07-02,52710351721,243520852,243520852
vn,438905996,2026-07-02,16196107987,243520852,243520852
vn,438905996,2026-07-02,57210285849,243520852,243520852
vn,438905996,2026-07-02,45460311001,243520852,243520852
vn,438905996,2026-07-02,43852307558,243520852,243520852
vn,438905996,2026-07-02,56310231315,243520852,243520852
vn,438905996,2026-07-02,20477673172,248421348,248421348
vn,438905996,2026-07-02,20652617695,248421348,248421348
vn,438905996,2026-07-02,22654206837,248421348,248421348
vn,438905996,2026-07-02,11166632589,248421348,248421348
vn,438905996,2026-07-02,22330873798,248421348,248421348
vn,438905996,2026-07-02,50410083782,248421348,248421348
vn,438905996,2026-07-02,43852307558,248421348,248421348
vn,438905996,2026-07-02,21658340202,248774243,248774243
vn,438905996,2026-07-02,23044095031,248774243,248774243
vn,438905996,2026-07-02,23560645214,248774243,248774243
vn,438905996,2026-07-02,16825736129,248774243,248774243
vn,438905996,2026-07-02,22759887263,248774243,248774243
vn,438905996,2026-07-02,22462828294,248774243,248774243
vn,438905996,2026-07-02,28236664738,248774243,248774243
vn,438905996,2026-07-02,41628205893,248774243,248774243
vn,438905996,2026-07-02,19479438852,248774243,248774243
vn,438905996,2026-07-02,42500556873,248774243,248774243
vn,438905996,2026-07-02,43600566645,248774243,248774243
vn,438905996,2026-07-02,21377681750,248774243,248774243
vn,438905996,2026-07-02,46805415448,248774243,248774243
vn,438905996,2026-07-02,28438413736,248774243,248774243
vn,438905996,2026-07-02,44007597771,248774243,248774243
vn,438905996,2026-07-02,49660842718,248774243,248774243
vn,438905996,2026-07-02,16196107987,248774243,248774243
vn,438905996,2026-07-02,49460368720,248774243,248774243
vn,438905996,2026-07-02,47161022997,248774243,248774243
vn,438905996,2026-07-02,56210343716,248774243,248774243
vn,438905996,2026-07-02,50861006954,248774243,248774243
vn,438905996,2026-07-02,23738702520,258004532,258004532
vn,438905996,2026-07-02,25052927410,258004532,258004532
vn,438905996,2026-07-02,21479403474,258004532,258004532
vn,438905996,2026-07-02,23826107700,258004532,258004532
vn,438905996,2026-07-02,21795581180,259073235,259073235
vn,438905996,2026-07-02,29575235557,259073235,259073235
vn,438905996,2026-07-02,23476552513,259073235,259073235
vn,438905996,2026-07-02,46712105892,259073235,259073235
vn,438905996,2026-07-02,57259950354,259073235,259073235
vn,438905996,2026-07-02,24002925688,259073235,259073235
vn,438905996,2026-07-02,45410969628,259073235,259073235
vn,438905996,2026-07-02,56811471193,259073235,259073235
vn,438905996,2026-07-02,28045099629,259073235,259073235
vn,438905996,2026-07-02,55962469680,259073235,259073235
vn,438905996,2026-07-02,46961314681,259073235,259073235
vn,438905996,2026-07-02,46800472365,259073235,259073235
vn,438905996,2026-07-02,29088108842,259073235,259073235
vn,438905996,2026-07-02,25145752808,259073235,259073235
vn,438905996,2026-07-02,20852613995,259602442,259602442
vn,438905996,2026-07-02,11366802291,259602442,259602442
vn,438905996,2026-07-02,26488409967,259602442,259602442
vn,438905996,2026-07-02,51460942294,259602442,259602442
vn,438905996,2026-07-02,41307588613,259602442,259602442
vn,438905996,2026-07-02,43357596628,259602442,259602442
vn,438905996,2026-07-02,18877528337,259602442,259602442
vn,438905996,2026-07-02,21677414205,259602442,259602442
vn,438905996,2026-07-02,11090028367,259602442,259602442
vn,438905996,2026-07-02,23184849821,259602442,259602442
vn,438905996,2026-07-02,43807592371,259602442,259602442
vn,438905996,2026-07-02,22830862149,259602442,259602442
vn,438905996,2026-07-02,47560964182,259602442,259602442
vn,438905996,2026-07-02,22636113353,259602442,259602442
vn,438905996,2026-07-02,22670919692,259602442,259602442
vn,438905996,2026-07-02,43357600879,259602442,259602442
vn,438905996,2026-07-02,26010792468,259602442,259602442
vn,438905996,2026-07-02,54709901533,259602442,259602442
vn,438905996,2026-07-02,25744440915,259602442,259602442
vn,438905996,2026-07-02,47959526710,259602442,259602442
vn,438905996,2026-07-02,40157591819,259602442,259602442
vn,438905996,2026-07-02,10466590734,259602442,259602442
vn,438905996,2026-07-02,25344436117,259602442,259602442
vn,438905996,2026-07-02,29738422873,259602442,259602442
vn,438905996,2026-07-02,40507120621,259602442,259602442
vn,438905996,2026-07-02,29088108842,259602442,259602442
vn,438905996,2026-07-02,18367916719,259602442,259602442
vn,438905996,2026-07-02,56860203157,259602442,259602442
vn,438905996,2026-07-02,57701686736,259602442,259602442
vn,438905996,2026-07-02,56062041503,259602442,259602442
vn,438905996,2026-07-02,25145752808,259602442,259602442
vn,438905996,2026-07-02,28488287544,259602442,259602442
vn,438905996,2026-07-02,26284532008,259602442,259602442
vn,438905996,2026-07-02,43957595456,259602442,259602442
vn,438905996,2026-07-02,53551695912,259602442,259602442
vn,438905996,2026-07-02,29727728677,259602442,259602442
vn,438905996,2026-07-02,17385752247,261231578,261231578
vn,438905996,2026-07-02,20852613995,261231578,261231578
vn,438905996,2026-07-02,13439697233,261231578,261231578
vn,438905996,2026-07-02,21658340202,261231578,261231578
vn,438905996,2026-07-02,11366802291,261231578,261231578
vn,438905996,2026-07-02,26488409967,261231578,261231578
vn,438905996,2026-07-02,23044095031,261231578,261231578
vn,438905996,2026-07-02,18480491787,261231578,261231578
vn,438905996,2026-07-02,21258367014,261231578,261231578
vn,438905996,2026-07-02,18877528337,261231578,261231578
vn,438905996,2026-07-02,21677414205,261231578,261231578
vn,438905996,2026-07-02,11090028367,261231578,261231578
vn,438905996,2026-07-02,23560645214,261231578,261231578
vn,438905996,2026-07-02,22243784219,261231578,261231578
vn,438905996,2026-07-02,16825736129,261231578,261231578
vn,438905996,2026-07-02,11966626126,261231578,261231578
vn,438905996,2026-07-02,18970964057,261231578,261231578
vn,438905996,2026-07-02,22830862149,261231578,261231578
vn,438905996,2026-07-02,19479438852,261231578,261231578
vn,438905996,2026-07-02,22636113353,261231578,261231578
vn,438905996,2026-07-02,40157591819,261231578,261231578
vn,438905996,2026-07-02,11090028367,261231598,261231598
vn,438905996,2026-07-02,26589754927,261231598,261231598
vn,438905996,2026-07-03,17385752247,155133913,155133913
vn,438905996,2026-07-03,13439697233,155133913,155133913
vn,438905996,2026-07-03,18684826924,155133913,155133913
vn,438905996,2026-07-03,21258367014,155133913,155133913
vn,438905996,2026-07-03,18970964057,155133913,155133913
vn,438905996,2026-07-03,24700119875,155133913,155133913
vn,438905996,2026-07-03,11966626126,155133913,155133913
vn,438905996,2026-07-03,21975544291,155133913,155133913
vn,438905996,2026-07-03,23117784722,155133913,155133913
vn,438905996,2026-07-03,19760852081,155133913,155133913
vn,438905996,2026-07-03,26579122800,155133913,155133913
vn,438905996,2026-07-03,21377681750,155133913,155133913
vn,438905996,2026-07-03,19448050564,155133913,155133913
vn,438905996,2026-07-03,51410286188,155133913,155133913
vn,438905996,2026-07-03,23651446221,155133913,155133913
vn,438905996,2026-07-03,28526139038,155133913,155133913
vn,438905996,2026-07-03,18480491787,155134021,155134021
vn,438905996,2026-07-03,22243784219,155134021,155134021
vn,438905996,2026-07-03,20486486922,155134021,155134021
vn,438905996,2026-07-03,48206797229,155134021,155134021
vn,438905996,2026-07-03,49559932159,155134021,155134021
vn,438905996,2026-07-03,49106797794,155134021,155134021
vn,438905996,2026-07-03,25950531610,155134021,155134021
vn,438905996,2026-07-03,22462828294,158671238,158671238
vn,438905996,2026-07-03,42500556873,158671238,158671238
vn,438905996,2026-07-03,22636113353,158671238,158671238
vn,438905996,2026-07-03,25744440915,158671238,158671238
vn,438905996,2026-07-03,21377681750,158671238,158671238
vn,438905996,2026-07-03,25344436117,158671238,158671238
vn,438905996,2026-07-03,29738422873,158671238,158671238
vn,438905996,2026-07-03,49460368720,158671238,158671238
vn,438905996,2026-07-03,26284532008,158671238,158671238
vn,438905996,2026-07-03,43957595456,158671238,158671238
vn,438905996,2026-07-03,29727728677,158671238,158671238
vn,438905996,2026-07-03,56210343716,158671238,158671238
vn,438905996,2026-07-03,21188363250,158671238,158671238
vn,438905996,2026-07-03,53210360524,158671238,158671238
vn,438905996,2026-07-03,11090028367,243520852,243520852
vn,438905996,2026-07-03,10466590734,243520852,243520852
vn,438905996,2026-07-03,19760852081,243520852,243520852
vn,438905996,2026-07-03,25950531610,243520852,243520852
vn,438905996,2026-07-03,18367916719,243520852,243520852
vn,438905996,2026-07-03,19448050564,243520852,243520852
vn,438905996,2026-07-03,56062041503,243520852,243520852
vn,438905996,2026-07-03,52710351721,243520852,243520852
vn,438905996,2026-07-03,16196107987,243520852,243520852
vn,438905996,2026-07-03,45460311001,243520852,243520852
vn,438905996,2026-07-03,57210285849,243520852,243520852
vn,438905996,2026-07-03,43852307558,243520852,243520852
vn,438905996,2026-07-03,56310231315,243520852,243520852
vn,438905996,2026-07-03,20477673172,248421348,248421348
vn,438905996,2026-07-03,20652617695,248421348,248421348
vn,438905996,2026-07-03,22330873798,248421348,248421348
vn,438905996,2026-07-03,11166632589,248421348,248421348
vn,438905996,2026-07-03,22654206837,248421348,248421348
vn,438905996,2026-07-03,50410083782,248421348,248421348
vn,438905996,2026-07-03,43852307558,248421348,248421348
vn,438905996,2026-07-03,23044095031,248774243,248774243
vn,438905996,2026-07-03,21658340202,248774243,248774243
vn,438905996,2026-07-03,16825736129,248774243,248774243
vn,438905996,2026-07-03,22759887263,248774243,248774243
vn,438905996,2026-07-03,23560645214,248774243,248774243
vn,438905996,2026-07-03,22462828294,248774243,248774243
vn,438905996,2026-07-03,28236664738,248774243,248774243
vn,438905996,2026-07-03,42500556873,248774243,248774243
vn,438905996,2026-07-03,19479438852,248774243,248774243
vn,438905996,2026-07-03,41628205893,248774243,248774243
vn,438905996,2026-07-03,43600566645,248774243,248774243
vn,438905996,2026-07-03,21377681750,248774243,248774243
vn,438905996,2026-07-03,46805415448,248774243,248774243
vn,438905996,2026-07-03,44007597771,248774243,248774243
vn,438905996,2026-07-03,28438413736,248774243,248774243
vn,438905996,2026-07-03,49660842718,248774243,248774243
vn,438905996,2026-07-03,49460368720,248774243,248774243
vn,438905996,2026-07-03,16196107987,248774243,248774243
vn,438905996,2026-07-03,47161022997,248774243,248774243
vn,438905996,2026-07-03,56210343716,248774243,248774243
vn,438905996,2026-07-03,50861006954,248774243,248774243
vn,438905996,2026-07-03,23738702520,258004532,258004532
vn,438905996,2026-07-03,21479403474,258004532,258004532
vn,438905996,2026-07-03,25052927410,258004532,258004532
vn,438905996,2026-07-03,23826107700,258004532,258004532
vn,438905996,2026-07-03,21795581180,259073235,259073235
vn,438905996,2026-07-03,46712105892,259073235,259073235
vn,438905996,2026-07-03,23476552513,259073235,259073235
vn,438905996,2026-07-03,29575235557,259073235,259073235
vn,438905996,2026-07-03,56811471193,259073235,259073235
vn,438905996,2026-07-03,57259950354,259073235,259073235
vn,438905996,2026-07-03,24002925688,259073235,259073235
vn,438905996,2026-07-03,45410969628,259073235,259073235
vn,438905996,2026-07-03,55962469680,259073235,259073235
vn,438905996,2026-07-03,46961314681,259073235,259073235
vn,438905996,2026-07-03,28045099629,259073235,259073235
vn,438905996,2026-07-03,29088108842,259073235,259073235
vn,438905996,2026-07-03,25145752808,259073235,259073235
vn,438905996,2026-07-03,46800472365,259073235,259073235
vn,438905996,2026-07-03,20852613995,259602442,259602442
vn,438905996,2026-07-03,11366802291,259602442,259602442
vn,438905996,2026-07-03,26488409967,259602442,259602442
vn,438905996,2026-07-03,51460942294,259602442,259602442
vn,438905996,2026-07-03,21677414205,259602442,259602442
vn,438905996,2026-07-03,41307588613,259602442,259602442
vn,438905996,2026-07-03,18877528337,259602442,259602442
vn,438905996,2026-07-03,43357596628,259602442,259602442
vn,438905996,2026-07-03,11090028367,259602442,259602442
vn,438905996,2026-07-03,23184849821,259602442,259602442
vn,438905996,2026-07-03,43807592371,259602442,259602442
vn,438905996,2026-07-03,22830862149,259602442,259602442
vn,438905996,2026-07-03,47560964182,259602442,259602442
vn,438905996,2026-07-03,26010792468,259602442,259602442
vn,438905996,2026-07-03,22636113353,259602442,259602442
vn,438905996,2026-07-03,43357600879,259602442,259602442
vn,438905996,2026-07-03,47959526710,259602442,259602442
vn,438905996,2026-07-03,22670919692,259602442,259602442
vn,438905996,2026-07-03,54709901533,259602442,259602442
vn,438905996,2026-07-03,25744440915,259602442,259602442
vn,438905996,2026-07-03,29088108842,259602442,259602442
vn,438905996,2026-07-03,10466590734,259602442,259602442
vn,438905996,2026-07-03,40157591819,259602442,259602442
vn,438905996,2026-07-03,40507120621,259602442,259602442
vn,438905996,2026-07-03,25145752808,259602442,259602442
vn,438905996,2026-07-03,25344436117,259602442,259602442
vn,438905996,2026-07-03,18367916719,259602442,259602442
vn,438905996,2026-07-03,29738422873,259602442,259602442
vn,438905996,2026-07-03,56860203157,259602442,259602442
vn,438905996,2026-07-03,57701686736,259602442,259602442
vn,438905996,2026-07-03,56062041503,259602442,259602442
vn,438905996,2026-07-03,28488287544,259602442,259602442
vn,438905996,2026-07-03,26284532008,259602442,259602442
vn,438905996,2026-07-03,43957595456,259602442,259602442
vn,438905996,2026-07-03,29727728677,259602442,259602442
vn,438905996,2026-07-03,53551695912,259602442,259602442
vn,438905996,2026-07-03,20852613995,261231578,261231578
vn,438905996,2026-07-03,17385752247,261231578,261231578
vn,438905996,2026-07-03,23044095031,261231578,261231578
vn,438905996,2026-07-03,21658340202,261231578,261231578
vn,438905996,2026-07-03,13439697233,261231578,261231578
vn,438905996,2026-07-03,11366802291,261231578,261231578
vn,438905996,2026-07-03,26488409967,261231578,261231578
vn,438905996,2026-07-03,18480491787,261231578,261231578
vn,438905996,2026-07-03,21677414205,261231578,261231578
vn,438905996,2026-07-03,21258367014,261231578,261231578
vn,438905996,2026-07-03,22243784219,261231578,261231578
vn,438905996,2026-07-03,16825736129,261231578,261231578
vn,438905996,2026-07-03,18877528337,261231578,261231578
vn,438905996,2026-07-03,23560645214,261231578,261231578
vn,438905996,2026-07-03,11090028367,261231578,261231578
vn,438905996,2026-07-03,18970964057,261231578,261231578
vn,438905996,2026-07-03,11966626126,261231578,261231578
vn,438905996,2026-07-03,22830862149,261231578,261231578
vn,438905996,2026-07-03,19479438852,261231578,261231578
vn,438905996,2026-07-03,22636113353,261231578,261231578
vn,438905996,2026-07-03,40157591819,261231578,261231578
vn,438905996,2026-07-03,11090028367,261231598,261231598
vn,438905996,2026-07-03,26589754927,261231598,261231598
vn,464391416,2026-07-01,16365981952,120018900,120018900
vn,464391416,2026-07-01,11213091333,120018900,120018900
vn,464391416,2026-07-01,11395342887,120018900,120018900
vn,464391416,2026-07-01,9776658104,120018900,120018900
vn,464391416,2026-07-01,9970000081,120019180,120019180
vn,464391416,2026-07-01,4292568126,120019180,120019180
vn,464391416,2026-07-01,21202484546,156468593,156468593
vn,464391416,2026-07-01,17566024845,156468593,156468593
vn,464391416,2026-07-01,19002502525,156468593,156468593
vn,464391416,2026-07-02,16365981952,120018900,120018900
vn,464391416,2026-07-02,11213091333,120018900,120018900
vn,464391416,2026-07-02,11395342887,120018900,120018900
vn,464391416,2026-07-02,9776658104,120018900,120018900
vn,464391416,2026-07-02,9970000081,120019180,120019180
vn,464391416,2026-07-02,4292568126,120019180,120019180
vn,464391416,2026-07-02,21202484546,156468593,156468593
vn,464391416,2026-07-02,17566024845,156468593,156468593
vn,464391416,2026-07-02,19002502525,156468593,156468593
vn,464391416,2026-07-03,11213091333,120018900,120018900
vn,464391416,2026-07-03,11395342887,120018900,120018900
vn,464391416,2026-07-03,16365981952,120018900,120018900
vn,464391416,2026-07-03,9776658104,120018900,120018900
vn,464391416,2026-07-03,9970000081,120019180,120019180
vn,464391416,2026-07-03,4292568126,120019180,120019180
vn,464391416,2026-07-03,17566024845,156468593,156468593
vn,464391416,2026-07-03,21202484546,156468593,156468593
vn,464391416,2026-07-03,19002502525,156468593,156468593
