country_code,platform,client,key,category_id,parent_category_id,original_category_name,display_category_name,has_children,debug_message
id,Shopee,758395205,get_category,100017,0,Women Clothes,Pakaian Wanita,TRUE,
id,Shopee,758395205,get_category,100118,100017,Socks & Stockings,Kaos Kaki & Stoking,TRUE,
id,Shopee,758395205,get_category,100419,100118,Others,Lainnya,FALSE,
id,Shopee,758395205,get_category,100418,100118,Pantyhose,Celana Ketat (Pantyhose),FALSE,
id,Shopee,758395205,get_category,100417,100118,Socks,Kaos Kaki,FALSE,
id,Shopee,758395205,get_category,100117,100017,Fabric,Kain,TRUE,
id,Shopee,758395205,get_category,100416,100117,Others,Lainnya,FALSE,
id,Shopee,758395205,get_category,100413,100117,Canvas,Kanvas,FALSE,
id,Shopee,758395205,get_category,100412,100117,Denim,Denim,FALSE,
id,Shopee,758395205,get_category,100411,100117,Vinyl & Nylon,Vinil & Nilon,FALSE,
id,Shopee,758395205,get_category,100410,100117,Leather,Kulit,FALSE,
id,Shopee,758395205,get_category,100409,100117,"Velvet, Silk & Satin","Beludru, Sutra & Satin",FALSE,
id,Shopee,758395205,get_category,100408,100117,Wool,Wol,FALSE,
id,Shopee,758395205,get_category,100407,100117,Cotton,Katun,FALSE,
id,Shopee,758395205,get_category,100116,100017,Others,Lainnya,FALSE,
id,Shopee,758395205,get_category,100115,100017,Costumes,Kostum,FALSE,
id,Shopee,758395205,get_category,100114,100017,Traditional Wear,Pakaian Tradisional,TRUE,
id,Shopee,758395205,get_category,100404,100114,Others,Lainnya,FALSE,
id,Shopee,758395205,get_category,100403,100114,Dresses,Gaun / Dress,FALSE,
id,Shopee,758395205,get_category,100402,100114,Sets,Setelan,FALSE,
id,Shopee,758395205,get_category,100401,100114,Bottoms,Bawahan,FALSE,
id,Shopee,758395205,get_category,100400,100114,Tops,Atasan,FALSE,
id,Shopee,758395205,get_category,100113,100017,Maternity Wear,Pakaian Hamil,TRUE,
id,Shopee,758395205,get_category,100399,100113,Others,Lainnya,FALSE,
id,Shopee,758395205,get_category,100398,100113,Maternity Bottoms,Maternity Bottoms,FALSE,
id,Shopee,758395205,get_category,100397,100113,Maternity Sets,Maternity Sets,FALSE,
id,Shopee,758395205,get_category,100396,100113,Breastfeeding Wear,Breastfeeding Wear,FALSE,
id,Shopee,758395205,get_category,100395,100113,Maternity Tops,Maternity Tops,FALSE,
id,Shopee,758395205,get_category,100394,100113,Maternity Dresses,Maternity Dresses,FALSE,
id,Shopee,758395205,get_category,100393,100113,Nursing Bras,Nursing Bras,FALSE,
id,Shopee,758395205,get_category,100112,100017,Sleepwear & Pajamas,Sleepwear & Pajamas,TRUE,
id,Shopee,758395205,get_category,100392,100112,Others,Lainnya,FALSE,
id,Shopee,758395205,get_category,100391,100112,Kimonos & Robes,Kimonos & Robes,FALSE,
id,Shopee,758395205,get_category,100390,100112,Night Dresses,Night Dresses,FALSE,
id,Shopee,758395205,get_category,100389,100112,Pajamas,Pajamas,FALSE,
id,Shopee,758395205,get_category,100111,100017,Lingerie & Underwear,Lingerie & Underwear,TRUE,
id,Shopee,758395205,get_category,100388,100111,Others,Lainnya,FALSE,
id,Shopee,758395205,get_category,100387,100111,Sexy Lingerie,Sexy Lingerie,FALSE,
id,Shopee,758395205,get_category,100386,100111,Safety Pants,Safety Pants,FALSE,
id,Shopee,758395205,get_category,100385,100111,Shapewear,Shapewear,FALSE,
id,Shopee,758395205,get_category,100384,100111,Bra Accessories,Bra Accessories,TRUE,
id,Shopee,758395205,get_category,100526,100384,Others,Lainnya,FALSE,
id,Shopee,758395205,get_category,100525,100384,Nipple Stickers,Nipple Stickers,FALSE,
id,Shopee,758395205,get_category,100524,100384,Paddings,Paddings,FALSE,
id,Shopee,758395205,get_category,100523,100384,Straps,Straps,FALSE,
id,Shopee,758395205,get_category,100383,100111,Thermal Innerwear,Thermal Innerwear,FALSE,
id,Shopee,758395205,get_category,100382,100111,Panties,Panties,FALSE,
id,Shopee,758395205,get_category,100381,100111,Bras,Bras,FALSE,
id,Shopee,758395205,get_category,100380,100111,Sets,Setelan,FALSE,
id,Shopee,758395205,get_category,100110,100017,Sets,Setelan,TRUE,
id,Shopee,758395205,get_category,100379,100110,Others,Lainnya,FALSE,
id,Shopee,758395205,get_category,100378,100110,Individual Sets,Individual Sets,FALSE,
id,Shopee,758395205,get_category,100377,100110,Family Sets,Family Sets,FALSE,
id,Shopee,758395205,get_category,100376,100110,Couple Sets,Couple Sets,FALSE,
id,Shopee,758395205,get_category,100109,100017,Hoodies & Sweatshirts,Hoodies & Sweatshirts,TRUE,
id,Shopee,758395205,get_category,100375,100109,Others,Lainnya,FALSE,
id,Shopee,758395205,get_category,100374,100109,Hoodies,Hoodie,FALSE,
id,Shopee,758395205,get_category,100373,100109,Sweatshirts,Sweatshirts,FALSE,
id,Shopee,758395205,get_category,100108,100017,Sweaters & Cardigans,Sweter & Kardigan,FALSE,
id,Shopee,758395205,get_category,100107,100017,"Jackets, Coats & Vests","Jackets, Coats & Vests",TRUE,
id,Shopee,758395205,get_category,100372,100107,Others,Lainnya,FALSE,
id,Shopee,758395205,get_category,100371,100107,Vests,Rompi,FALSE,
id,Shopee,758395205,get_category,100370,100107,Jackets,Jaket,FALSE,
id,Shopee,758395205,get_category,100369,100107,Blazers,Blazer,FALSE,
id,Shopee,758395205,get_category,100368,100107,Capes,Capes,FALSE,
id,Shopee,758395205,get_category,100367,100107,Winter Jackets & Coats,Winter Jackets & Coats,FALSE,
id,Shopee,758395205,get_category,100106,100017,"Jumpsuits, Playsuits & Overalls","Jumpsuit, Playsuit & Overalls",TRUE,
id,Shopee,758395205,get_category,100366,100106,Others,Lainnya,FALSE,
id,Shopee,758395205,get_category,100365,100106,Overalls,Overalls,FALSE,
id,Shopee,758395205,get_category,100364,100106,Playsuits,Playsuits,FALSE,
id,Shopee,758395205,get_category,100363,100106,Jumpsuits,Jumpsuits,FALSE,
id,Shopee,758395205,get_category,100105,100017,Wedding Dresses,Wedding Dresses,FALSE,
id,Shopee,758395205,get_category,100104,100017,Dresses,Gaun / Dress,FALSE,
id,Shopee,758395205,get_category,100103,100017,Jeans,Jeans,FALSE,
id,Shopee,758395205,get_category,100102,100017,Skirts,Rok,FALSE,
id,Shopee,758395205,get_category,100101,100017,Shorts,Celana Pendek,TRUE,
id,Shopee,758395205,get_category,100362,100101,Others,Lainnya,FALSE,
id,Shopee,758395205,get_category,100361,100101,Skorts,Skorts,FALSE,
id,Shopee,758395205,get_category,100360,100101,Shorts,Celana Pendek,FALSE,
id,Shopee,758395205,get_category,100100,100017,Pants & Leggings,Pants & Leggings,TRUE,
id,Shopee,758395205,get_category,100359,100100,Others,Lainnya,FALSE,
id,Shopee,758395205,get_category,100358,100100,Pants,Celana Panjang,FALSE,
id,Shopee,758395205,get_category,100357,100100,Leggings & Treggings,Leggings & Treggings,FALSE,
id,Shopee,758395205,get_category,100099,100017,Tops,Atasan,TRUE,
id,Shopee,758395205,get_category,100356,100099,Others,Lainnya,FALSE,
id,Shopee,758395205,get_category,100355,100099,Bodysuits,Bodysuits,FALSE,
id,Shopee,758395205,get_category,100354,100099,Polo Shirts,Kaus Polo,FALSE,
id,Shopee,758395205,get_category,100353,100099,Shirts & Blouses,Shirts & Blouses,FALSE,
id,Shopee,758395205,get_category,100352,100099,T-shirts,Kaus / T-Shirt,FALSE,
id,Shopee,758395205,get_category,100351,100099,Tube Tops,Tube Tops,FALSE,
id,Shopee,758395205,get_category,100350,100099,Tanks & Camisoles,Tanks & Camisoles,FALSE,
id,Shopee,758395205,get_category,100011,0,Men Clothes,Pakaian Pria,TRUE,
id,Shopee,758395205,get_category,100062,100011,Socks,Kaos Kaki,FALSE,
id,Shopee,758395205,get_category,100061,100011,Others,Lainnya,FALSE,
id,Shopee,758395205,get_category,100060,100011,Occupational Attire,Occupational Attire,FALSE,
id,Shopee,758395205,get_category,100059,100011,Costumes,Kostum,FALSE,
id,Shopee,758395205,get_category,100058,100011,Traditional Wear,Pakaian Tradisional,TRUE,
id,Shopee,758395205,get_category,100254,100058,Others,Lainnya,FALSE,
id,Shopee,758395205,get_category,100253,100058,Sets,Setelan,FALSE,
id,Shopee,758395205,get_category,100252,100058,Bottoms,Bawahan,FALSE,
id,Shopee,758395205,get_category,100251,100058,Tops,Atasan,FALSE,
id,Shopee,758395205,get_category,100057,100011,Sets,Setelan,FALSE,
id,Shopee,758395205,get_category,100056,100011,Sleepwear,Pakaian Tidur,FALSE,
id,Shopee,758395205,get_category,100055,100011,Innerwear & Underwear,Innerwear & Underwear,TRUE,
id,Shopee,758395205,get_category,100250,100055,Others,Lainnya,FALSE,
id,Shopee,758395205,get_category,100249,100055,Thermal Innerwear,Thermal Innerwear,FALSE,
id,Shopee,758395205,get_category,100248,100055,Undershirts,Undershirts,FALSE,
id,Shopee,758395205,get_category,100247,100055,Underwear,Pakaian Dalam,FALSE,
id,Shopee,758395205,get_category,100054,100011,Tops,Atasan,TRUE,
id,Shopee,758395205,get_category,100246,100054,Others,Lainnya,FALSE,
id,Shopee,758395205,get_category,100245,100054,Tanks,Tanks,FALSE,
id,Shopee,758395205,get_category,100244,100054,T-Shirts,T-Shirts,FALSE,
id,Shopee,758395205,get_category,100243,100054,Polo Shirts,Kaus Polo,FALSE,
id,Shopee,758395205,get_category,100242,100054,Shirts,Shirts,FALSE,
id,Shopee,758395205,get_category,100053,100011,Shorts,Celana Pendek,FALSE,
id,Shopee,758395205,get_category,100052,100011,Pants,Celana Panjang,TRUE,
id,Shopee,758395205,get_category,100241,100052,Others,Lainnya,FALSE,
id,Shopee,758395205,get_category,100240,100052,Pants,Celana Panjang,FALSE,
id,Shopee,758395205,get_category,100239,100052,Joggers,Joggers,FALSE,
id,Shopee,758395205,get_category,100238,100052,Cargo,Cargo,FALSE,
id,Shopee,758395205,get_category,100051,100011,Suits,Suits,TRUE,
id,Shopee,758395205,get_category,100237,100051,Others,Lainnya,FALSE,
id,Shopee,758395205,get_category,100236,100051,Suit Vests & Waistcoats,Suit Vests & Waistcoats,FALSE,
id,Shopee,758395205,get_category,100235,100051,Suit Pants,Suit Pants,FALSE,
id,Shopee,758395205,get_category,100234,100051,Suit Jackets & Blazers,Suit Jackets & Blazers,FALSE,
id,Shopee,758395205,get_category,100233,100051,Suit Sets,Suit Sets,FALSE,
id,Shopee,758395205,get_category,100050,100011,"Jackets, Coats & Vests","Jackets, Coats & Vests",TRUE,
id,Shopee,758395205,get_category,100232,100050,Others,Lainnya,FALSE,
id,Shopee,758395205,get_category,100231,100050,Vests,Rompi,FALSE,
id,Shopee,758395205,get_category,100230,100050,Jackets,Jaket,FALSE,
id,Shopee,758395205,get_category,100229,100050,Winter Jackets & Coats,Winter Jackets & Coats,FALSE,
id,Shopee,758395205,get_category,100049,100011,Sweaters & Cardigans,Sweter & Kardigan,FALSE,
id,Shopee,758395205,get_category,100048,100011,Hoodies & Sweatshirts,Hoodies & Sweatshirts,TRUE,
id,Shopee,758395205,get_category,100228,100048,Others,Lainnya,FALSE,
id,Shopee,758395205,get_category,100227,100048,Sweatshirts,Sweatshirts,FALSE,
id,Shopee,758395205,get_category,100226,100048,Hoodies,Hoodie,FALSE,
id,Shopee,758395205,get_category,100047,100011,Jeans,Jeans,FALSE,
id,Shopee,758395205,get_category,100630,0,Beauty,Beauty,TRUE,
id,Shopee,758395205,get_category,102002,100630,Bath & Body Care,Perawatan Mandi & Tubuh,TRUE,
id,Shopee,758395205,get_category,102013,102002,Others,Lainnya,FALSE,
id,Shopee,758395205,get_category,102012,102002,Breast Care,Breast Care,FALSE,
id,Shopee,758395205,get_category,102011,102002,Sun Care,Sun Care,TRUE,
id,Shopee,758395205,get_category,102016,102011,Others,Lainnya,FALSE,
id,Shopee,758395205,get_category,102015,102011,Tanning Oil & Self Tanners,Tanning Oil & Self Tanners,FALSE,
id,Shopee,758395205,get_category,102014,102011,Body Sunscreen & After Sun,Body Sunscreen & After Sun,FALSE,
id,Shopee,758395205,get_category,102010,102002,Hair Removal Cream & Wax,Hair Removal Cream & Wax,FALSE,
id,Shopee,758395205,get_category,102009,102002,Massage Oil,Massage Oil,FALSE,
id,Shopee,758395205,get_category,102008,102002,Body Deodorants,Body Deodorants,FALSE,
id,Shopee,758395205,get_category,102007,102002,"Body Cream, Lotion & Butter","Body Cream, Lotion & Butter",FALSE,
id,Shopee,758395205,get_category,102006,102002,Body Oil,Body Oil,FALSE,
id,Shopee,758395205,get_category,102005,102002,Body Masks,Body Masks,FALSE,
id,Shopee,758395205,get_category,102004,102002,Body Scrub & Peel,Body Scrub & Peel,FALSE,
id,Shopee,758395205,get_category,102003,102002,Body Wash & Soap,Body Wash & Soap,FALSE,
id,Shopee,758395205,get_category,100666,100630,Others,Lainnya,FALSE,
id,Shopee,758395205,get_category,100665,100630,Beauty Sets & Packages,Beauty Sets & Packages,FALSE,
id,Shopee,758395205,get_category,100664,100630,Skincare,Skincare,TRUE,
id,Shopee,758395205,get_category,100905,100664,Others,Lainnya,FALSE,
id,Shopee,758395205,get_category,100904,100664,Acne Treatment,Acne Treatment,FALSE,
id,Shopee,758395205,get_category,100903,100664,Blotting Paper,Blotting Paper,FALSE,
id,Shopee,758395205,get_category,100902,100664,After Sun Face Care,After Sun Face Care,FALSE,
id,Shopee,758395205,get_category,100901,100664,Face Sunscreen,Face Sunscreen,FALSE,
id,Shopee,758395205,get_category,100900,100664,Lip Treatment,Lip Treatment,TRUE,
id,Shopee,758395205,get_category,101676,100900,Others,Lainnya,FALSE,
id,Shopee,758395205,get_category,101675,100900,Lip Mask,Lip Mask,FALSE,
id,Shopee,758395205,get_category,101674,100900,Lip Scrub & Exfoliator,Lip Scrub & Exfoliator,FALSE,
id,Shopee,758395205,get_category,101673,100900,Lip Balm,Lip Balm,FALSE,
id,Shopee,758395205,get_category,100899,100664,Eye Treatment,Eye Treatment,TRUE,
id,Shopee,758395205,get_category,101672,100899,Others,Lainnya,FALSE,
id,Shopee,758395205,get_category,101671,100899,Eyebrow & Eyelash Serum,Eyebrow & Eyelash Serum,FALSE,
id,Shopee,758395205,get_category,101670,100899,Eye Mask & Packs,Eye Mask & Packs,FALSE,
id,Shopee,758395205,get_category,101669,100899,Eye Cream,Eye Cream,FALSE,
id,Shopee,758395205,get_category,100898,100664,Face Mask & Packs,Face Mask & Packs,FALSE,
id,Shopee,758395205,get_category,100897,100664,Face Scrub & Peel,Face Scrub & Peel,FALSE,
id,Shopee,758395205,get_category,100896,100664,Facial Serum & Essence,Facial Serum & Essence,FALSE,
id,Shopee,758395205,get_category,100895,100664,Facial Mist,Facial Mist,FALSE,
id,Shopee,758395205,get_category,100894,100664,Facial Oil,Facial Oil,FALSE,
id,Shopee,758395205,get_category,100893,100664,Facial Moisturizer,Facial Moisturizer,FALSE,
id,Shopee,758395205,get_category,100892,100664,Toner,Toner,FALSE,
id,Shopee,758395205,get_category,100891,100664,Facial Cleanser,Facial Cleanser,FALSE,
id,Shopee,758395205,get_category,100663,100630,Beauty Tools,Beauty Tools,TRUE,
id,Shopee,758395205,get_category,100890,100663,Others,Lainnya,FALSE,
id,Shopee,758395205,get_category,100889,100663,Hair Tools,Hair Tools,TRUE,
id,Shopee,758395205,get_category,101668,100889,Others,Lainnya,FALSE,
id,Shopee,758395205,get_category,101667,100889,Heatless Styling Tools,Heatless Styling Tools,FALSE,
id,Shopee,758395205,get_category,101666,100889,Hair Styling Appliances,Hair Styling Appliances,FALSE,
id,Shopee,758395205,get_category,101665,100889,Hair Dryers,Hair Dryers,FALSE,
id,Shopee,758395205,get_category,101664,100889,Brushes & Combs,Brushes & Combs,FALSE,
id,Shopee,758395205,get_category,100888,100663,Hair Removal Tools,Hair Removal Tools,FALSE,
id,Shopee,758395205,get_category,100887,100663,Body Slimming Tools,Body Slimming Tools,FALSE,
id,Shopee,758395205,get_category,100886,100663,Facial Care Tools,Facial Care Tools,TRUE,
id,Shopee,758395205,get_category,101663,100886,Others,Lainnya,FALSE,
id,Shopee,758395205,get_category,101662,100886,Facial Cleansing Tools,Facial Cleansing Tools,FALSE,
id,Shopee,758395205,get_category,101661,100886,Facial Slimming & Massage Tools,Facial Slimming & Massage Tools,FALSE,
id,Shopee,758395205,get_category,101660,100886,Facial Steamers,Facial Steamers,FALSE,
id,Shopee,758395205,get_category,100885,100663,Makeup Accessories,Makeup Accessories,TRUE,
id,Shopee,758395205,get_category,101659,100885,Pencil Sharpeners,Pencil Sharpeners,FALSE,
id,Shopee,758395205,get_category,101658,100885,Eyelid Tape & Glue,Eyelid Tape & Glue,FALSE,
id,Shopee,758395205,get_category,101657,100885,False Eyelashes,False Eyelashes,FALSE,
id,Shopee,758395205,get_category,101656,100885,Eyebrow Templates,Eyebrow Templates,FALSE,
id,Shopee,758395205,get_category,101655,100885,Eyelash Curlers,Eyelash Curlers,FALSE,
id,Shopee,758395205,get_category,101654,100885,Sponges & Applicators,Sponges & Applicators,FALSE,
id,Shopee,758395205,get_category,101653,100885,Makeup Brushes,Makeup Brushes,FALSE,
id,Shopee,758395205,get_category,101652,100885,Makeup Brush Cleaners,Makeup Brush Cleaners,FALSE,
id,Shopee,758395205,get_category,101651,100885,Mirrors,Cermin / Spion,FALSE,
id,Shopee,758395205,get_category,101650,100885,Makeup Bags & Organizers,Makeup Bags & Organizers,FALSE,
id,Shopee,758395205,get_category,101649,100885,Cotton Pads and Buds,Cotton Pads and Buds,FALSE,
id,Shopee,758395205,get_category,101648,100885,Others,Lainnya,FALSE,
id,Shopee,758395205,get_category,100662,100630,Makeup,Makeup,TRUE,
id,Shopee,758395205,get_category,100884,100662,Makeup Removers,Makeup Removers,FALSE,
id,Shopee,758395205,get_category,100883,100662,Lips,Lips,TRUE,
id,Shopee,758395205,get_category,101647,100883,Others,Lainnya,FALSE,
id,Shopee,758395205,get_category,101646,100883,Lip Plumper,Lip Plumper,FALSE,
id,Shopee,758395205,get_category,101645,100883,Lip Tint & Stain,Lip Tint & Stain,FALSE,
id,Shopee,758395205,get_category,101644,100883,Lip Liner,Lip Liner,FALSE,
id,Shopee,758395205,get_category,101643,100883,Lip Gloss,Lip Gloss,FALSE,
id,Shopee,758395205,get_category,101642,100883,Lipstick,Lipstick,FALSE,
id,Shopee,758395205,get_category,100882,100662,Eyes,Eyes,TRUE,
id,Shopee,758395205,get_category,101641,100882,Others,Lainnya,FALSE,
id,Shopee,758395205,get_category,101640,100882,Eyebrows,Eyebrows,FALSE,
id,Shopee,758395205,get_category,101639,100882,Mascara,Mascara,FALSE,
id,Shopee,758395205,get_category,101638,100882,Eyeliner,Eyeliner,FALSE,
id,Shopee,758395205,get_category,101637,100882,Eye Primer,Eye Primer,FALSE,
id,Shopee,758395205,get_category,101636,100882,Eyeshadow,Eyeshadow,FALSE,
id,Shopee,758395205,get_category,100881,100662,Face,Face,TRUE,
id,Shopee,758395205,get_category,101635,100881,Others,Lainnya,FALSE,
id,Shopee,758395205,get_category,101634,100881,Blush,Blush,FALSE,
id,Shopee,758395205,get_category,101633,100881,Setting & Finishing Spray,Setting & Finishing Spray,FALSE,
id,Shopee,758395205,get_category,101632,100881,"Bronzer,Contour & Highlighter","Bronzer,Contour & Highlighter",FALSE,
id,Shopee,758395205,get_category,101631,100881,Concealer & Corrector,Concealer & Corrector,FALSE,
id,Shopee,758395205,get_category,101630,100881,Powder,Powder,FALSE,
id,Shopee,758395205,get_category,101629,100881,BB & CC Cream,BB & CC Cream,FALSE,
id,Shopee,758395205,get_category,101628,100881,Foundation,Foundation,FALSE,
id,Shopee,758395205,get_category,101627,100881,Makeup Base & Primer,Makeup Base & Primer,FALSE,
id,Shopee,758395205,get_category,100880,100662,Others,Lainnya,FALSE,
id,Shopee,758395205,get_category,100661,100630,Perfumes & Fragrances,Perfumes & Fragrances,FALSE,
id,Shopee,758395205,get_category,100660,100630,Men's Care,Men's Care,TRUE,
id,Shopee,758395205,get_category,100879,100660,Others,Lainnya,FALSE,
id,Shopee,758395205,get_category,100878,100660,Hair Care,Hair Care,FALSE,
id,Shopee,758395205,get_category,100877,100660,Shaving & Grooming,Shaving & Grooming,TRUE,
id,Shopee,758395205,get_category,101626,100877,Others,Lainnya,FALSE,
id,Shopee,758395205,get_category,101625,100877,Shaving Accessories,Shaving Accessories,FALSE,
id,Shopee,758395205,get_category,101624,100877,"Trimmers, Clippers & Multi-functional Groomers","Trimmers, Clippers & Multi-functional Groomers",FALSE,
id,Shopee,758395205,get_category,101623,100877,Shaving Brushes,Shaving Brushes,FALSE,
id,Shopee,758395205,get_category,101622,100877,Shavers,Shavers,FALSE,
id,Shopee,758395205,get_category,101621,100877,Razors & Blades,Razors & Blades,FALSE,
id,Shopee,758395205,get_category,101620,100877,"Creams, Foams & Gels","Creams, Foams & Gels",FALSE,
id,Shopee,758395205,get_category,101619,100877,Aftershave,Aftershave,FALSE,
id,Shopee,758395205,get_category,100876,100660,Skincare,Skincare,TRUE,
id,Shopee,758395205,get_category,101618,100876,Others,Lainnya,FALSE,
id,Shopee,758395205,get_category,101617,100876,Moisturizer & Treatment,Moisturizer & Treatment,FALSE,
id,Shopee,758395205,get_category,101616,100876,Facial Cleanser,Facial Cleanser,FALSE,
id,Shopee,758395205,get_category,100875,100660,Bath & Body Care,Perawatan Mandi & Tubuh,FALSE,
id,Shopee,758395205,get_category,100659,100630,Hair Care,Hair Care,TRUE,
id,Shopee,758395205,get_category,100874,100659,Others,Lainnya,FALSE,
id,Shopee,758395205,get_category,100873,100659,Hair Styling,Hair Styling,FALSE,
id,Shopee,758395205,get_category,100872,100659,Hair and Scalp Conditioner,Hair and Scalp Conditioner,FALSE,
id,Shopee,758395205,get_category,100871,100659,Hair Treatment,Hair Treatment,FALSE,
id,Shopee,758395205,get_category,100870,100659,Hair Colour,Hair Colour,FALSE,
id,Shopee,758395205,get_category,100869,100659,Shampoo,Sampo,FALSE,
id,Shopee,758395205,get_category,100658,100630,"Hand, Foot & Nail Care","Hand, Foot & Nail Care",TRUE,
id,Shopee,758395205,get_category,100868,100658,Others,Lainnya,FALSE,
id,Shopee,758395205,get_category,100867,100658,Nail Care,Nail Care,TRUE,
id,Shopee,758395205,get_category,102178,100867,Nail Gel,Nail Gel,FALSE,
id,Shopee,758395205,get_category,102035,100867,Others,Lainnya,FALSE,
id,Shopee,758395205,get_category,102034,100867,Manicure Tools & Devices,Manicure Tools & Devices,FALSE,
id,Shopee,758395205,get_category,102033,100867,Nail Art & Sticker,Nail Art & Sticker,FALSE,
id,Shopee,758395205,get_category,102032,100867,Artificial Nail,Artificial Nail,FALSE,
id,Shopee,758395205,get_category,102031,100867,Nail Treatment,Nail Treatment,FALSE,
id,Shopee,758395205,get_category,102030,100867,Nail Polish Remover,Nail Polish Remover,FALSE,
id,Shopee,758395205,get_category,102029,100867,Nail Polish,Nail Polish,FALSE,
id,Shopee,758395205,get_category,101615,100867,Base & Top Coat,Base & Top Coat,FALSE,
id,Shopee,758395205,get_category,100866,100658,Foot Care,Foot Care,TRUE,
id,Shopee,758395205,get_category,101614,100866,Others,Lainnya,FALSE,
id,Shopee,758395205,get_category,101613,100866,"Lotion, Cream & Scrubs","Losion, Krim & Lulur",FALSE,
id,Shopee,758395205,get_category,101612,100866,Foot Masks,Foot Masks,FALSE,
id,Shopee,758395205,get_category,101611,100866,Foot Deodorant,Foot Deodorant,FALSE,
id,Shopee,758395205,get_category,100865,100658,Hand Care,Hand Care,TRUE,
id,Shopee,758395205,get_category,101610,100865,Others,Lainnya,FALSE,
id,Shopee,758395205,get_category,101609,100865,Hand Washes,Hand Washes,FALSE,
id,Shopee,758395205,get_category,101608,100865,"Lotion, Cream & Scrubs","Losion, Krim & Lulur",FALSE,
id,Shopee,758395205,get_category,101607,100865,Hand Masks,Hand Masks,FALSE,
id,Shopee,758395205,get_category,100001,0,Health,Health,TRUE,
id,Shopee,758395205,get_category,100020,100001,Sexual Wellness,Sexual Wellness,TRUE,
id,Shopee,758395205,get_category,100144,100020,Others,Lainnya,FALSE,
id,Shopee,758395205,get_category,100143,100020,Performance Enhancement,Performance Enhancement,FALSE,
id,Shopee,758395205,get_category,100141,100020,Lubricants,Lubricants,FALSE,
id,Shopee,758395205,get_category,100140,100020,Condoms,Condoms,FALSE,
id,Shopee,758395205,get_category,100019,100001,Personal Care,Personal Care,TRUE,
id,Shopee,758395205,get_category,100139,100019,Others,Lainnya,FALSE,
id,Shopee,758395205,get_category,100138,100019,Insect Repellents,Insect Repellents,FALSE,
id,Shopee,758395205,get_category,100137,100019,Massage & Therapy Devices,Massage & Therapy Devices,FALSE,
id,Shopee,758395205,get_category,100136,100019,Feminine Care,Feminine Care,TRUE,
id,Shopee,758395205,get_category,100453,100136,Others,Lainnya,FALSE,
id,Shopee,758395205,get_category,100452,100136,Vaginal Cream,Vaginal Cream,FALSE,
id,Shopee,758395205,get_category,100451,100136,Feminine Wash,Feminine Wash,FALSE,
id,Shopee,758395205,get_category,100450,100136,Menstrual Cup,Menstrual Cup,FALSE,
id,Shopee,758395205,get_category,100449,100136,Pregnancy & Fertility Tests,Pregnancy & Fertility Tests,FALSE,
id,Shopee,758395205,get_category,100448,100136,Tampons,Tampons,FALSE,
id,Shopee,758395205,get_category,100447,100136,Sanitary Napkins & Panty Liners,Sanitary Napkins & Panty Liners,FALSE,
id,Shopee,758395205,get_category,100135,100019,Adult Diapers & Incontinence,Adult Diapers & Incontinence,FALSE,
id,Shopee,758395205,get_category,100134,100019,Oral Care,Perawatan Mulut,TRUE,
id,Shopee,758395205,get_category,100446,100134,Others,Lainnya,FALSE,
id,Shopee,758395205,get_category,100445,100134,Orthodontic Accessories,Orthodontic Accessories,FALSE,
id,Shopee,758395205,get_category,100444,100134,Teeth Whitening,Teeth Whitening,FALSE,
id,Shopee,758395205,get_category,100443,100134,Denture Care,Denture Care,FALSE,
id,Shopee,758395205,get_category,100442,100134,Mouth Wash,Mouth Wash,FALSE,
id,Shopee,758395205,get_category,100441,100134,Dental Floss,Dental Floss,FALSE,
id,Shopee,758395205,get_category,100440,100134,Toothpastes,Toothpastes,FALSE,
id,Shopee,758395205,get_category,100439,100134,Electric Toothbrushes & Accessories,Electric Toothbrushes & Accessories,FALSE,
id,Shopee,758395205,get_category,100438,100134,Manual Toothbrushes,Manual Toothbrushes,FALSE,
id,Shopee,758395205,get_category,100133,100019,Ear Care,Ear Care,FALSE,
id,Shopee,758395205,get_category,100132,100019,Eye Care,Eye Care,TRUE,
id,Shopee,758395205,get_category,100437,100132,Others,Lainnya,FALSE,
id,Shopee,758395205,get_category,100436,100132,Lens Solutions & Eyedrops,Lens Solutions & Eyedrops,FALSE,
id,Shopee,758395205,get_category,100435,100132,Contact lens,Contact lens,FALSE,
id,Shopee,758395205,get_category,100131,100019,Hand Sanitizers,Hand Sanitizers,FALSE,
id,Shopee,758395205,get_category,100018,100001,Medical Supplies,Medical Supplies,TRUE,
id,Shopee,758395205,get_category,100130,100018,Others,Lainnya,FALSE,
id,Shopee,758395205,get_category,100129,100018,Injury & Disability Support,Injury & Disability Support,TRUE,
id,Shopee,758395205,get_category,100434,100129,Others,Lainnya,FALSE,
id,Shopee,758395205,get_category,100433,100129,Hearing Aids,Hearing Aids,FALSE,
id,Shopee,758395205,get_category,100432,100129,Braces & Supports,Braces & Supports,FALSE,
id,Shopee,758395205,get_category,100431,100129,Wheelchairs,Wheelchairs,FALSE,
id,Shopee,758395205,get_category,100430,100129,Walking Aids,Walking Aids,FALSE,
id,Shopee,758395205,get_category,100128,100018,Medical Gloves & Masks,Medical Gloves & Masks,FALSE,
id,Shopee,758395205,get_category,100127,100018,Laboratory Tools,Laboratory Tools,FALSE,
id,Shopee,758395205,get_category,100126,100018,Pain Relievers,Pain Relievers,FALSE,
id,Shopee,758395205,get_category,100125,100018,Stethoscopes,Stethoscopes,FALSE,
id,Shopee,758395205,get_category,100124,100018,First Aid Supplies,First Aid Supplies,TRUE,
id,Shopee,758395205,get_category,100429,100124,Others,Lainnya,FALSE,
id,Shopee,758395205,get_category,100428,100124,Medical Antiseptics & Disinfectants,Medical Antiseptics & Disinfectants,FALSE,
id,Shopee,758395205,get_category,100427,100124,Ointments & Creams,Ointments & Creams,FALSE,
id,Shopee,758395205,get_category,100426,100124,First Aid Accessories,First Aid Accessories,FALSE,
id,Shopee,758395205,get_category,100425,100124,Plasters & Bandages,Plasters & Bandages,FALSE,
id,Shopee,758395205,get_category,100123,100018,Nasal Care,Perawatan Hidung,FALSE,
id,Shopee,758395205,get_category,100122,100018,Scale & Body Fat Analyzers,Scale & Body Fat Analyzers,FALSE,
id,Shopee,758395205,get_category,100121,100018,Health Monitors & Tests,Health Monitors & Tests,TRUE,
id,Shopee,758395205,get_category,100424,100121,Others,Lainnya,FALSE,
id,Shopee,758395205,get_category,100423,100121,Thermometers,Thermometers,FALSE,
id,Shopee,758395205,get_category,100422,100121,Pulse Oximeters,Pulse Oximeters,FALSE,
id,Shopee,758395205,get_category,100421,100121,Blood Glucose Monitors,Blood Glucose Monitors,FALSE,
id,Shopee,758395205,get_category,100420,100121,Blood Pressure Monitors,Blood Pressure Monitors,FALSE,
id,Shopee,758395205,get_category,100008,100001,Others,Lainnya,FALSE,
id,Shopee,758395205,get_category,100002,100001,Food Supplement,Food Supplement,TRUE,
id,Shopee,758395205,get_category,100007,100002,Others,Lainnya,FALSE,
id,Shopee,758395205,get_category,100006,100002,Well Being,Well Being,FALSE,
id,Shopee,758395205,get_category,100005,100002,Fitness,Fitness,FALSE,
id,Shopee,758395205,get_category,100004,100002,Beauty Supplements,Beauty Supplements,FALSE,
id,Shopee,758395205,get_category,100003,100002,Weight Management,Weight Management,FALSE,
id,Shopee,758395205,get_category,100009,0,Fashion Accessories,Aksesoris Fashion,TRUE,
id,Shopee,758395205,get_category,100036,100009,Others,Lainnya,FALSE,
id,Shopee,758395205,get_category,100035,100009,Accessories Sets & Packages,Accessories Sets & Packages,FALSE,
id,Shopee,758395205,get_category,100034,100009,Additional Accessories,Additional Accessories,TRUE,
id,Shopee,758395205,get_category,100167,100034,Others,Lainnya,FALSE,
id,Shopee,758395205,get_category,100166,100034,Handkerchiefs,Handkerchiefs,FALSE,
id,Shopee,758395205,get_category,100165,100034,Masks,Masks,FALSE,
id,Shopee,758395205,get_category,100164,100034,Tattoos,Tattoos,FALSE,
id,Shopee,758395205,get_category,100163,100034,Cufflinks,Cufflinks,FALSE,
id,Shopee,758395205,get_category,100162,100034,"Charms, Pendants & Ornaments","Charms, Pendants & Ornaments",FALSE,
id,Shopee,758395205,get_category,100161,100034,Patches,Patches,FALSE,
id,Shopee,758395205,get_category,100160,100034,Brooches & Pins,Brooches & Pins,FALSE,
id,Shopee,758395205,get_category,100033,100009,"Neckties, Bow Ties & Cravats","Neckties, Bow Ties & Cravats",FALSE,
id,Shopee,758395205,get_category,100032,100009,Belts,Ikat Pinggang,FALSE,
id,Shopee,758395205,get_category,100031,100009,Investment Precious Metals,Investment Precious Metals,TRUE,
id,Shopee,758395205,get_category,100156,100031,Silver,Silver,FALSE,
id,Shopee,758395205,get_category,100030,100009,Eyewear,Kacamata,TRUE,
id,Shopee,758395205,get_category,100154,100030,Others,Lainnya,FALSE,
id,Shopee,758395205,get_category,100153,100030,Eyewear Cases & Accessories,Eyewear Cases & Accessories,FALSE,
id,Shopee,758395205,get_category,100152,100030,Frames & Glasses,Frames & Glasses,FALSE,
id,Shopee,758395205,get_category,100151,100030,Sunglasses,Sunglasses,FALSE,
id,Shopee,758395205,get_category,100029,100009,Necklaces,Kalung,FALSE,
id,Shopee,758395205,get_category,100028,100009,Hats & Caps,Topi,FALSE,
id,Shopee,758395205,get_category,100027,100009,Anklets,Anklets,FALSE,
id,Shopee,758395205,get_category,100026,100009,Bracelets & Bangles,Bracelets & Bangles,FALSE,
id,Shopee,758395205,get_category,100025,100009,Hair Accessories,Aksesoris Rambut,TRUE,
id,Shopee,758395205,get_category,100150,100025,Others,Lainnya,FALSE,
id,Shopee,758395205,get_category,100149,100025,"Headpieces, Tiaras & Flower Crowns","Headpieces, Tiaras & Flower Crowns",FALSE,
id,Shopee,758395205,get_category,100148,100025,Wigs & Extensions,Wigs & Extensions,FALSE,
id,Shopee,758395205,get_category,100147,100025,Hair Clips & Hair Pins,Hair Clips & Hair Pins,FALSE,
id,Shopee,758395205,get_category,100146,100025,"Hair Ties, Ribbons & Scrunchies","Hair Ties, Ribbons & Scrunchies",FALSE,
id,Shopee,758395205,get_category,100145,100025,Headbands,Headbands,FALSE,
id,Shopee,758395205,get_category,100024,100009,Gloves,Sarung Tangan,FALSE,
id,Shopee,758395205,get_category,100023,100009,Scarves & Shawls,Syal & Selendang,FALSE,
id,Shopee,758395205,get_category,100022,100009,Earrings,Anting,FALSE,
id,Shopee,758395205,get_category,100021,100009,Rings,Cincin,FALSE,
id,Shopee,758395205,get_category,100010,0,Home Appliances,Home Appliances,TRUE,
id,Shopee,758395205,get_category,100046,100010,Others,Lainnya,FALSE,
id,Shopee,758395205,get_category,100045,100010,Remote Controls,Remote Controls,FALSE,
id,Shopee,758395205,get_category,100043,100010,Batteries,Baterai,FALSE,
id,Shopee,758395205,get_category,100042,100010,Electrical Circuitry & Parts,Electrical Circuitry & Parts,TRUE,
id,Shopee,758395205,get_category,100220,100042,Others,Lainnya,FALSE,
id,Shopee,758395205,get_category,100219,100042,Lightning Protection,Lightning Protection,FALSE,
id,Shopee,758395205,get_category,100218,100042,House Alarms,House Alarms,FALSE,
id,Shopee,758395205,get_category,100217,100042,Switches,Switches,FALSE,
id,Shopee,758395205,get_category,100216,100042,Doorbells,Doorbells,FALSE,
id,Shopee,758395205,get_category,100214,100042,Electrical Safety,Electrical Safety,FALSE,
id,Shopee,758395205,get_category,100213,100042,Electric Sockets & Extension Cords,Electric Sockets & Extension Cords,FALSE,
id,Shopee,758395205,get_category,100041,100010,Kitchen Appliances,Kitchen Appliances,TRUE,
id,Shopee,758395205,get_category,100212,100041,Others,Lainnya,FALSE,
id,Shopee,758395205,get_category,100211,100041,Hoods,Hoods,FALSE,
id,Shopee,758395205,get_category,100210,100041,Freezers,Freezers,FALSE,
id,Shopee,758395205,get_category,100209,100041,Refrigerators,Refrigerators,FALSE,
id,Shopee,758395205,get_category,100208,100041,Specialty Cookware,Specialty Cookware,TRUE,
id,Shopee,758395205,get_category,100474,100208,Others,Lainnya,FALSE,
id,Shopee,758395205,get_category,100473,100208,Soda Makers,Soda Makers,FALSE,
id,Shopee,758395205,get_category,100472,100208,Dessert Machine,Dessert Machine,FALSE,
id,Shopee,758395205,get_category,100471,100208,Takoyaki Makers,Takoyaki Makers,FALSE,
id,Shopee,758395205,get_category,100470,100208,Bread Makers,Bread Makers,FALSE,
id,Shopee,758395205,get_category,100469,100208,Egg Boilers,Egg Boilers,FALSE,
id,Shopee,758395205,get_category,100468,100208,Waffle & Crepe Makers,Waffle & Crepe Makers,FALSE,
id,Shopee,758395205,get_category,100207,100041,Rice Cookers,Rice Cookers,FALSE,
id,Shopee,758395205,get_category,100206,100041,Slow Cookers & Sous Vide Machines,Slow Cookers & Sous Vide Machines,FALSE,
id,Shopee,758395205,get_category,100205,100041,Pressure Cookers,Pressure Cookers,FALSE,
id,Shopee,758395205,get_category,100204,100041,Multi-function Cookers,Multi-function Cookers,FALSE,
id,Shopee,758395205,get_category,100203,100041,Food Processors & Meat Grinders,Food Processors & Meat Grinders,FALSE,
id,Shopee,758395205,get_category,100202,100041,Toasters,Toasters,FALSE,
id,Shopee,758395205,get_category,100201,100041,Ovens,Ovens,FALSE,
id,Shopee,758395205,get_category,100200,100041,Microwaves,Microwaves,FALSE,
id,Shopee,758395205,get_category,100199,100041,Deep Fryers,Deep Fryers,FALSE,
id,Shopee,758395205,get_category,100198,100041,Air Fryers,Air Fryers,FALSE,
id,Shopee,758395205,get_category,100197,100041,"Stoves, Hobs & Gas Regulators","Stoves, Hobs & Gas Regulators",FALSE,
id,Shopee,758395205,get_category,100196,100041,Dishwashers,Dishwashers,FALSE,
id,Shopee,758395205,get_category,100195,100041,Mixers,Mixers,FALSE,
id,Shopee,758395205,get_category,100194,100041,Coffee Machines & Accessories,Coffee Machines & Accessories,FALSE,
id,Shopee,758395205,get_category,100193,100041,"Juicers, Blenders & Soya Bean Machines","Juicers, Blenders & Soya Bean Machines",FALSE,
id,Shopee,758395205,get_category,100192,100041,Wine Fridges,Wine Fridges,FALSE,
id,Shopee,758395205,get_category,100191,100041,Kettles,Kettles,FALSE,
id,Shopee,758395205,get_category,100190,100041,"Water Filters, Coolers & Dispensers","Water Filters, Coolers & Dispensers",FALSE,
id,Shopee,758395205,get_category,100040,100010,TVs & Accessories,TVs & Accessories,TRUE,
id,Shopee,758395205,get_category,100189,100040,Others,Lainnya,FALSE,
id,Shopee,758395205,get_category,100188,100040,TV Brackets,TV Brackets,FALSE,
id,Shopee,758395205,get_category,100187,100040,TV Boxes & Receivers,TV Boxes & Receivers,FALSE,
id,Shopee,758395205,get_category,100186,100040,TV Antennas,TV Antennas,FALSE,
id,Shopee,758395205,get_category,100185,100040,TVs,TVs,FALSE,
id,Shopee,758395205,get_category,100039,100010,Large Household Appliances,Large Household Appliances,TRUE,
id,Shopee,758395205,get_category,100184,100039,Others,Lainnya,FALSE,
id,Shopee,758395205,get_category,100183,100039,Heaters,Heaters,FALSE,
id,Shopee,758395205,get_category,100182,100039,Futon & Shoe Dryers,Futon & Shoe Dryers,FALSE,
id,Shopee,758395205,get_category,100181,100039,Cooling,Cooling,TRUE,
id,Shopee,758395205,get_category,100467,100181,Others,Lainnya,FALSE,
id,Shopee,758395205,get_category,100466,100181,Fans,Fans,FALSE,
id,Shopee,758395205,get_category,100465,100181,Air Coolers & Portable Aircons,Air Coolers & Portable Aircons,FALSE,
id,Shopee,758395205,get_category,100464,100181,Air-Conditioners,Air-Conditioners,FALSE,
id,Shopee,758395205,get_category,100180,100039,Water Heaters,Water Heaters,FALSE,
id,Shopee,758395205,get_category,100179,100039,Washing Machines & Dryers,Washing Machines & Dryers,TRUE,
id,Shopee,758395205,get_category,100463,100179,Others,Lainnya,FALSE,
id,Shopee,758395205,get_category,100462,100179,Laundry Dryers,Laundry Dryers,FALSE,
id,Shopee,758395205,get_category,100461,100179,Washing Machines,Washing Machines,FALSE,
id,Shopee,758395205,get_category,100038,100010,Small Household Appliances,Small Household Appliances,TRUE,
id,Shopee,758395205,get_category,100178,100038,Others,Lainnya,FALSE,
id,Shopee,758395205,get_category,100177,100038,Vacuum Cleaners & Floor Care Appliances,Vacuum Cleaners & Floor Care Appliances,FALSE,
id,Shopee,758395205,get_category,100176,100038,Air Treatment,Air Treatment,TRUE,
id,Shopee,758395205,get_category,100460,100176,Others,Lainnya,FALSE,
id,Shopee,758395205,get_category,100459,100176,Dehumidifiers,Dehumidifiers,FALSE,
id,Shopee,758395205,get_category,100458,100176,Purifiers,Purifiers,FALSE,
id,Shopee,758395205,get_category,100175,100038,Irons & Steamers,Irons & Steamers,FALSE,
id,Shopee,758395205,get_category,100174,100038,Telephones,Telephones,TRUE,
id,Shopee,758395205,get_category,100457,100174,Others,Lainnya,FALSE,
id,Shopee,758395205,get_category,100456,100174,Fax Machines,Fax Machines,FALSE,
id,Shopee,758395205,get_category,100455,100174,Cordless Phones,Cordless Phones,FALSE,
id,Shopee,758395205,get_category,100454,100174,Corded Phones,Corded Phones,FALSE,
id,Shopee,758395205,get_category,100173,100038,Sewing Machines & Accessories,Sewing Machines & Accessories,FALSE,
id,Shopee,758395205,get_category,100172,100038,Water Flossers,Water Flossers,FALSE,
id,Shopee,758395205,get_category,100171,100038,Foot Baths & Spas,Foot Baths & Spas,FALSE,
id,Shopee,758395205,get_category,100037,100010,Projectors & Accessories,Projectors & Accessories,TRUE,
id,Shopee,758395205,get_category,100170,100037,Others,Lainnya,FALSE,
id,Shopee,758395205,get_category,100169,100037,Pointers,Pointers,FALSE,
id,Shopee,758395205,get_category,100168,100037,Projectors & Projector Screens,Projectors & Projector Screens,FALSE,
id,Shopee,758395205,get_category,100012,0,Men Shoes,Sepatu Pria,TRUE,
id,Shopee,758395205,get_category,100070,100012,Others,Lainnya,FALSE,
id,Shopee,758395205,get_category,100069,100012,Shoe Care & Accessories,Perawatan & Aksesoris Sepatu,TRUE,
id,Shopee,758395205,get_category,100269,100069,Others,Lainnya,FALSE,
id,Shopee,758395205,get_category,100268,100069,Shoe Insoles,Shoe Insoles,FALSE,
id,Shopee,758395205,get_category,100267,100069,Shoe Horns & Trees,Sendok Sepatu & Catokan Sepatu,FALSE,
id,Shopee,758395205,get_category,100266,100069,Shoe Laces,Tali Sepatu,FALSE,
id,Shopee,758395205,get_category,100265,100069,Shoe Deodorizers,Shoe Deodorizers,FALSE,
id,Shopee,758395205,get_category,100264,100069,Shoe Care & Cleaning Tools,Shoe Care & Cleaning Tools,FALSE,
id,Shopee,758395205,get_category,100068,100012,Sandals & Flip Flops,Sandals & Flip Flops,TRUE,
id,Shopee,758395205,get_category,100263,100068,Others,Lainnya,FALSE,
id,Shopee,758395205,get_category,100262,100068,Health Slippers,Health Slippers,FALSE,
id,Shopee,758395205,get_category,100261,100068,Indoor Slippers,Indoor Slippers,FALSE,
id,Shopee,758395205,get_category,100260,100068,Sandals,Sandal,FALSE,
id,Shopee,758395205,get_category,100259,100068,Flip Flops,Sandal Jepit,FALSE,
id,Shopee,758395205,get_category,100067,100012,Oxfords & Lace-Ups,Oxfords & Lace-Ups,FALSE,
id,Shopee,758395205,get_category,100066,100012,Loafers & Boat Shoes,Loafers & Boat Shoes,FALSE,
id,Shopee,758395205,get_category,100065,100012,Slip Ons & Mules,Slip Ons & Mules,FALSE,
id,Shopee,758395205,get_category,100064,100012,Sneakers,Sepatu Kets (Sneakers),FALSE,
id,Shopee,758395205,get_category,100063,100012,Boots,Sepatu Bot,TRUE,
id,Shopee,758395205,get_category,100258,100063,Others,Lainnya,FALSE,
id,Shopee,758395205,get_category,100257,100063,Safety Boots,Safety Boots,FALSE,
id,Shopee,758395205,get_category,100256,100063,Rain Boots,Sepatu Bot Hujan,FALSE,
id,Shopee,758395205,get_category,100255,100063,Fashion Boots,Fashion Boots,FALSE,
id,Shopee,758395205,get_category,100013,0,Mobile & Gadgets,Mobile & Gadgets,TRUE,
id,Shopee,758395205,get_category,100077,100013,Others,Lainnya,FALSE,
id,Shopee,758395205,get_category,100076,100013,Walkie Talkies,Walkie Talkies,FALSE,
id,Shopee,758395205,get_category,100075,100013,Accessories,Accessories,TRUE,
id,Shopee,758395205,get_category,100291,100075,Others,Lainnya,FALSE,
id,Shopee,758395205,get_category,100290,100075,"Cases, Covers, & Skins","Cases, Covers, & Skins",TRUE,
id,Shopee,758395205,get_category,100491,100290,Others,Lainnya,FALSE,
id,Shopee,758395205,get_category,100490,100290,"Phone Cases, Covers, & Skins","Phone Cases, Covers, & Skins",FALSE,
id,Shopee,758395205,get_category,100489,100290,"Tablet Cases, Covers, & Skins","Tablet Cases, Covers, & Skins",FALSE,
id,Shopee,758395205,get_category,100289,100075,Screen Protectors,Screen Protectors,FALSE,
id,Shopee,758395205,get_category,100288,100075,Wearable Accessories,Wearable Accessories,FALSE,
id,Shopee,758395205,get_category,100287,100075,Powerbanks & Batteries,Powerbanks & Batteries,TRUE,
id,Shopee,758395205,get_category,100488,100287,Others,Lainnya,FALSE,
id,Shopee,758395205,get_category,100487,100287,Powercases,Powercases,FALSE,
id,Shopee,758395205,get_category,100486,100287,Powerbanks,Powerbanks,FALSE,
id,Shopee,758395205,get_category,100485,100287,Batteries,Baterai,FALSE,
id,Shopee,758395205,get_category,100286,100075,Pocket Wifi,Pocket Wifi,FALSE,
id,Shopee,758395205,get_category,100285,100075,USB & Mobile Lights,USB & Mobile Lights,FALSE,
id,Shopee,758395205,get_category,100284,100075,"Cables, Chargers & Converters","Cables, Chargers & Converters",TRUE,
id,Shopee,758395205,get_category,100484,100284,Others,Lainnya,FALSE,
id,Shopee,758395205,get_category,100483,100284,Docks & Stands,Docks & Stands,FALSE,
id,Shopee,758395205,get_category,100482,100284,Chargers,Chargers,FALSE,
id,Shopee,758395205,get_category,100481,100284,Mobile Cables & Converters,Mobile Cables & Converters,FALSE,
id,Shopee,758395205,get_category,100480,100284,Travel Adaptors,Travel Adaptors,FALSE,
id,Shopee,758395205,get_category,100479,100284,"Cable Cases, Protectors, & Winders","Cable Cases, Protectors, & Winders",FALSE,
id,Shopee,758395205,get_category,100283,100075,Mobile Pouches,Mobile Pouches,FALSE,
id,Shopee,758395205,get_category,100282,100075,Casting Devices,Casting Devices,FALSE,
id,Shopee,758395205,get_category,100281,100075,Memory Cards,Memory Cards,FALSE,
id,Shopee,758395205,get_category,100280,100075,Phone Straps & Keychains,Phone Straps & Keychains,FALSE,
id,Shopee,758395205,get_category,100279,100075,Phone Grips,Phone Grips,FALSE,
id,Shopee,758395205,get_category,100278,100075,Stylus,Stylus,FALSE,
id,Shopee,758395205,get_category,100277,100075,USB & Mobile Fans,USB & Mobile Fans,FALSE,
id,Shopee,758395205,get_category,100276,100075,Mobile Flashes & Selfie Lights,Mobile Flashes & Selfie Lights,FALSE,
id,Shopee,758395205,get_category,100275,100075,Mobile Lens,Mobile Lens,FALSE,
id,Shopee,758395205,get_category,100274,100075,Selfie Accessories,Selfie Accessories,TRUE,
id,Shopee,758395205,get_category,100478,100274,Others,Lainnya,FALSE,
id,Shopee,758395205,get_category,100477,100274,Remote Shutters,Remote Shutters,FALSE,
id,Shopee,758395205,get_category,100476,100274,Lazypods,Lazypods,FALSE,
id,Shopee,758395205,get_category,100475,100274,Selfie Sticks,Selfie Sticks,FALSE,
id,Shopee,758395205,get_category,100074,100013,Wearable Devices,Wearable Devices,TRUE,
id,Shopee,758395205,get_category,100273,100074,Others,Lainnya,FALSE,
id,Shopee,758395205,get_category,100272,100074,GPS Trackers,GPS Trackers,FALSE,
id,Shopee,758395205,get_category,100271,100074,VR Devices,VR Devices,FALSE,
id,Shopee,758395205,get_category,100270,100074,Smartwatches & Fitness Trackers,Smartwatches & Fitness Trackers,FALSE,
id,Shopee,758395205,get_category,100073,100013,Mobile Phones,Mobile Phones,FALSE,
id,Shopee,758395205,get_category,100072,100013,Tablets,Tablets,FALSE,
id,Shopee,758395205,get_category,100071,100013,Sim Cards,Sim Cards,FALSE,
id,Shopee,758395205,get_category,100015,0,Travel & Luggage,Travel & Luggage,TRUE,
id,Shopee,758395205,get_category,100088,100015,Others,Lainnya,FALSE,
id,Shopee,758395205,get_category,100087,100015,Travel Accessories,Travel Accessories,TRUE,
id,Shopee,758395205,get_category,100333,100087,Others,Lainnya,FALSE,
id,Shopee,758395205,get_category,100332,100087,Travel Size Bottles & Containers,Travel Size Bottles & Containers,FALSE,
id,Shopee,758395205,get_category,100331,100087,Travel Pillows & Eye Covers,Travel Pillows & Eye Covers,FALSE,
id,Shopee,758395205,get_category,100330,100087,Luggage Scales,Luggage Scales,FALSE,
id,Shopee,758395205,get_category,100329,100087,Luggage Locks,Luggage Locks,FALSE,
id,Shopee,758395205,get_category,100328,100087,Luggage Straps,Luggage Straps,FALSE,
id,Shopee,758395205,get_category,100327,100087,Luggage Tags,Luggage Tags,FALSE,
id,Shopee,758395205,get_category,100326,100087,Luggage Protectors & Covers,Luggage Protectors & Covers,FALSE,
id,Shopee,758395205,get_category,100325,100087,Travel Organizers,Travel Organizers,FALSE,
id,Shopee,758395205,get_category,100324,100087,Passport Holders & Covers,Passport Holders & Covers,FALSE,
id,Shopee,758395205,get_category,100086,100015,Travel Bags,Travel Bags,TRUE,
id,Shopee,758395205,get_category,100323,100086,Others,Lainnya,FALSE,
id,Shopee,758395205,get_category,100322,100086,Drawstring Bags,Drawstring Bags,FALSE,
id,Shopee,758395205,get_category,100321,100086,Foldable Bags,Foldable Bags,FALSE,
id,Shopee,758395205,get_category,100320,100086,Duffel & Weekender Bags,Duffel & Weekender Bags,FALSE,
id,Shopee,758395205,get_category,100085,100015,Luggage,Koper,FALSE,
id,Shopee,758395205,get_category,100016,0,Women Bags,Women Bags,TRUE,
id,Shopee,758395205,get_category,100098,100016,Others,Lainnya,FALSE,
id,Shopee,758395205,get_category,100097,100016,Bag Accessories,Bag Accessories,TRUE,
id,Shopee,758395205,get_category,100349,100097,Others,Lainnya,FALSE,
id,Shopee,758395205,get_category,100348,100097,Cleaning & Care Equipment,Cleaning & Care Equipment,FALSE,
id,Shopee,758395205,get_category,100347,100097,Bag Organizers,Bag Organizers,FALSE,
id,Shopee,758395205,get_category,100346,100097,Charms & Twillies,Charms & Twillies,FALSE,
id,Shopee,758395205,get_category,100345,100097,Bag Holders,Bag Holders,FALSE,
id,Shopee,758395205,get_category,100344,100097,Bag Straps,Bag Straps,FALSE,
id,Shopee,758395205,get_category,100096,100016,Wallets,Dompet,TRUE,
id,Shopee,758395205,get_category,100343,100096,Others,Lainnya,FALSE,
id,Shopee,758395205,get_category,100342,100096,Long Wallets,Long Wallets,FALSE,
id,Shopee,758395205,get_category,100341,100096,Bifold & Trifold Wallets,Dompet Lipat Dua & Tiga,FALSE,
id,Shopee,758395205,get_category,100340,100096,Phone & Key Wallets,Phone & Key Wallets,FALSE,
id,Shopee,758395205,get_category,100339,100096,Coin Holders & Purses,Coin Holders & Purses,FALSE,
id,Shopee,758395205,get_category,100338,100096,Card Holders,Card Holders,FALSE,
id,Shopee,758395205,get_category,100095,100016,Crossbody & Shoulder Bags,Tas Selempang & Bahu,FALSE,
id,Shopee,758395205,get_category,100094,100016,Top-handle Bags,Top-handle Bags,FALSE,
id,Shopee,758395205,get_category,100093,100016,Tote Bags,Tote Bags,FALSE,
id,Shopee,758395205,get_category,100092,100016,Waist Bags & Chest Bags,Waist Bags & Chest Bags,FALSE,
id,Shopee,758395205,get_category,100091,100016,Clutches & Wristlets,Clutches & Wristlets,FALSE,
id,Shopee,758395205,get_category,100090,100016,Laptop Bags,Laptop Bags,TRUE,
id,Shopee,758395205,get_category,100337,100090,Others,Lainnya,FALSE,
id,Shopee,758395205,get_category,100336,100090,Laptop Backpacks,Laptop Backpacks,FALSE,
id,Shopee,758395205,get_category,100335,100090,Laptop Sleeves,Tas Laptop (Sleeve),FALSE,
id,Shopee,758395205,get_category,100334,100090,Laptop Bags & Cases,Laptop Bags & Cases,FALSE,
id,Shopee,758395205,get_category,100089,100016,Backpacks,Ransel,FALSE,
id,Shopee,758395205,get_category,100532,0,Women Shoes,Sepatu Wanita,TRUE,
id,Shopee,758395205,get_category,100563,100532,Others,Lainnya,FALSE,
id,Shopee,758395205,get_category,100562,100532,Shoe Care & Accessories,Perawatan & Aksesoris Sepatu,TRUE,
id,Shopee,758395205,get_category,100603,100562,Others,Lainnya,FALSE,
id,Shopee,758395205,get_category,100602,100562,Shoe Laces,Tali Sepatu,FALSE,
id,Shopee,758395205,get_category,100601,100562,Shoe Care & Cleaning Tools,Shoe Care & Cleaning Tools,FALSE,
id,Shopee,758395205,get_category,100600,100562,Shoe Horns & Trees,Sendok Sepatu & Catokan Sepatu,FALSE,
id,Shopee,758395205,get_category,100599,100562,Insoles & Heel Liners,Insoles & Heel Liners,FALSE,
id,Shopee,758395205,get_category,100598,100562,Shoe Deodorizers,Shoe Deodorizers,FALSE,
id,Shopee,758395205,get_category,100561,100532,Flat Sandals & Flip Flops,Flat Sandals & Flip Flops,TRUE,
id,Shopee,758395205,get_category,100597,100561,Others,Lainnya,FALSE,
id,Shopee,758395205,get_category,100596,100561,Indoor Slippers,Indoor Slippers,FALSE,
id,Shopee,758395205,get_category,100595,100561,Health Slippers,Health Slippers,FALSE,
id,Shopee,758395205,get_category,100594,100561,Flip Flops,Sandal Jepit,FALSE,
id,Shopee,758395205,get_category,100593,100561,Flat Sandals,Flat Sandals,FALSE,
id,Shopee,758395205,get_category,100560,100532,Wedges,Wedges,FALSE,
id,Shopee,758395205,get_category,100559,100532,Heels,Sepatu Hak Tinggi (Heels),FALSE,
id,Shopee,758395205,get_category,100558,100532,Flats,Sepatu Teplek (Flats),TRUE,
id,Shopee,758395205,get_category,100592,100558,Others,Lainnya,FALSE,
id,Shopee,758395205,get_category,100591,100558,"Slip Ons, Mary Janes & Mules","Slip Ons, Mary Janes & Mules",FALSE,
id,Shopee,758395205,get_category,100590,100558,Oxfords & Lace-Ups,Oxfords & Lace-Ups,FALSE,
id,Shopee,758395205,get_category,100589,100558,Loafers & Boat Shoes,Loafers & Boat Shoes,FALSE,
id,Shopee,758395205,get_category,100588,100558,Ballet Flats,Ballet Flats,FALSE,
id,Shopee,758395205,get_category,100557,100532,Sneakers,Sepatu Kets (Sneakers),FALSE,
id,Shopee,758395205,get_category,100556,100532,Boots,Sepatu Bot,TRUE,
id,Shopee,758395205,get_category,100587,100556,Others,Lainnya,FALSE,
id,Shopee,758395205,get_category,100586,100556,Fashion Boots,Fashion Boots,FALSE,
id,Shopee,758395205,get_category,100585,100556,Rain Boots,Sepatu Bot Hujan,FALSE,
id,Shopee,758395205,get_category,100533,0,Men Bags,Men Bags,TRUE,
id,Shopee,758395205,get_category,100572,100533,Others,Lainnya,FALSE,
id,Shopee,758395205,get_category,100571,100533,Wallets,Dompet,TRUE,
id,Shopee,758395205,get_category,100613,100571,Others,Lainnya,FALSE,
id,Shopee,758395205,get_category,100612,100571,Long Wallets,Long Wallets,FALSE,
id,Shopee,758395205,get_category,100611,100571,Bifold & Trifold Wallets,Dompet Lipat Dua & Tiga,FALSE,
id,Shopee,758395205,get_category,100610,100571,Phone & Key Wallets,Phone & Key Wallets,FALSE,
id,Shopee,758395205,get_category,100609,100571,Coin Holders & Purses,Coin Holders & Purses,FALSE,
id,Shopee,758395205,get_category,100608,100571,Card Holders,Card Holders,FALSE,
id,Shopee,758395205,get_category,100570,100533,Crossbody & Shoulder Bags,Tas Selempang & Bahu,FALSE,
id,Shopee,758395205,get_category,100569,100533,Waist Bags & Chest Bags,Waist Bags & Chest Bags,FALSE,
id,Shopee,758395205,get_category,100568,100533,Clutches,Tas Tangan (Clutch),FALSE,
id,Shopee,758395205,get_category,100567,100533,Briefcases,Tas Kerja,FALSE,
id,Shopee,758395205,get_category,100566,100533,Tote Bags,Tote Bags,FALSE,
id,Shopee,758395205,get_category,100565,100533,Laptop Bags,Laptop Bags,TRUE,
id,Shopee,758395205,get_category,100607,100565,Others,Lainnya,FALSE,
id,Shopee,758395205,get_category,100606,100565,Laptop Backpacks,Laptop Backpacks,FALSE,
id,Shopee,758395205,get_category,100605,100565,Laptop Sleeves,Tas Laptop (Sleeve),FALSE,
id,Shopee,758395205,get_category,100604,100565,Laptop Bags & Cases,Laptop Bags & Cases,FALSE,
id,Shopee,758395205,get_category,100564,100533,Backpacks,Ransel,FALSE,
id,Shopee,758395205,get_category,100534,0,Watches,Jam Tangan,TRUE,
id,Shopee,758395205,get_category,100577,100534,Others,Lainnya,FALSE,
id,Shopee,758395205,get_category,100576,100534,Watches Accessories,Watches Accessories,TRUE,
id,Shopee,758395205,get_category,100619,100576,Others,Lainnya,FALSE,
id,Shopee,758395205,get_category,100618,100576,Boxes,Boxes,FALSE,
id,Shopee,758395205,get_category,100617,100576,Batteries,Baterai,FALSE,
id,Shopee,758395205,get_category,100616,100576,Buckles,Buckles,FALSE,
id,Shopee,758395205,get_category,100615,100576,Service Tools,Service Tools,FALSE,
id,Shopee,758395205,get_category,100614,100576,Straps,Straps,FALSE,
id,Shopee,758395205,get_category,100575,100534,Set & Couple Watches,Set & Couple Watches,FALSE,
id,Shopee,758395205,get_category,100574,100534,Men Watches,Men Watches,FALSE,
id,Shopee,758395205,get_category,100573,100534,Women Watches,Women Watches,FALSE,
id,Shopee,758395205,get_category,100535,0,Audio,Audio,TRUE,
id,Shopee,758395205,get_category,100584,100535,Others,Lainnya,FALSE,
id,Shopee,758395205,get_category,100583,100535,Audio & Video Cables & Converters,Audio & Video Cables & Converters,FALSE,
id,Shopee,758395205,get_category,100582,100535,Home Audio & Speakers,Home Audio & Speakers,TRUE,
id,Shopee,758395205,get_category,100628,100582,Others,Lainnya,FALSE,
id,Shopee,758395205,get_category,100627,100582,AV Receivers,AV Receivers,FALSE,
id,Shopee,758395205,get_category,100626,100582,Home Theater Systems,Home Theater Systems,FALSE,
id,Shopee,758395205,get_category,100625,100582,Speakers,Speaker,FALSE,
id,Shopee,758395205,get_category,100581,100535,Amplifiers & Mixers,Amplifiers & Mixers,FALSE,
id,Shopee,758395205,get_category,100580,100535,Microphones,Microphones,FALSE,
id,Shopee,758395205,get_category,100579,100535,Media Players,Media Players,TRUE,
id,Shopee,758395205,get_category,100624,100579,Others,Lainnya,FALSE,
id,Shopee,758395205,get_category,100623,100579,Radio & Cassette Players,Radio & Cassette Players,FALSE,
id,Shopee,758395205,get_category,100622,100579,Voice Recorders,Voice Recorders,FALSE,
id,Shopee,758395205,get_category,100621,100579,"CD, DVD, & Blu-ray Players","CD, DVD, & Blu-ray Players",FALSE,
id,Shopee,758395205,get_category,100620,100579,MP3 & MP4 Players,MP3 & MP4 Players,FALSE,
id,Shopee,758395205,get_category,100578,100535,"Earphones, Headphones & Headsets","Earphones, Headphones & Headsets",FALSE,
id,Shopee,758395205,get_category,100629,0,Food & Beverages,Food & Beverages,TRUE,
id,Shopee,758395205,get_category,100657,100629,Others,Lainnya,FALSE,
id,Shopee,758395205,get_category,100656,100629,Gift Set & Hampers,Gift Set & Hampers,FALSE,
id,Shopee,758395205,get_category,100655,100629,Alcoholic Beverages,Alcoholic Beverages,TRUE,
id,Shopee,758395205,get_category,100864,100655,Others,Lainnya,FALSE,
id,Shopee,758395205,get_category,100863,100655,"Sake, Soju & Umeshu","Sake, Soju & Umeshu",FALSE,
id,Shopee,758395205,get_category,100862,100655,Liquor & Spirits,Liquor & Spirits,FALSE,
id,Shopee,758395205,get_category,100861,100655,Wine & Champagne,Wine & Champagne,FALSE,
id,Shopee,758395205,get_category,100860,100655,Beer & Cider,Beer & Cider,FALSE,
id,Shopee,758395205,get_category,100654,100629,Bakery,Bakery,TRUE,
id,Shopee,758395205,get_category,100859,100654,Others,Lainnya,FALSE,
id,Shopee,758395205,get_category,100858,100654,Pastry,Pastry,FALSE,
id,Shopee,758395205,get_category,100857,100654,Cakes & Pies,Cakes & Pies,FALSE,
id,Shopee,758395205,get_category,100856,100654,Breads,Breads,FALSE,
id,Shopee,758395205,get_category,100653,100629,Fresh & Frozen Food,Fresh & Frozen Food,TRUE,
id,Shopee,758395205,get_category,100855,100653,Processed Meat & Seafood,Processed Meat & Seafood,FALSE,
id,Shopee,758395205,get_category,100854,100653,Frozen Processed Food,Frozen Processed Food,FALSE,
id,Shopee,758395205,get_category,100853,100653,Mushroom,Mushroom,FALSE,
id,Shopee,758395205,get_category,100852,100653,Fruits,Fruits,TRUE,
id,Shopee,758395205,get_category,102093,100852,Others,Lainnya,FALSE,
id,Shopee,758395205,get_category,102092,100852,Pre-cut & Assorted Fruit Set,Pre-cut & Assorted Fruit Set,FALSE,
id,Shopee,758395205,get_category,102091,100852,Tropical & Exotic Fruits,Tropical & Exotic Fruits,FALSE,
id,Shopee,758395205,get_category,102090,100852,Stonefruits,Stonefruits,FALSE,
id,Shopee,758395205,get_category,102089,100852,Melons,Melons,FALSE,
id,Shopee,758395205,get_category,102088,100852,Grapes,Grapes,FALSE,
id,Shopee,758395205,get_category,102087,100852,Citrus,Citrus,FALSE,
id,Shopee,758395205,get_category,102086,100852,Berries,Berries,FALSE,
id,Shopee,758395205,get_category,102085,100852,Bananas,Bananas,FALSE,
id,Shopee,758395205,get_category,102084,100852,Apples & Pears,Apples & Pears,FALSE,
id,Shopee,758395205,get_category,100851,100653,Vegetables,Vegetables,TRUE,
id,Shopee,758395205,get_category,102083,100851,Others,Lainnya,FALSE,
id,Shopee,758395205,get_category,102082,100851,Pre-cut & Assorted Vegetable Set,Pre-cut & Assorted Vegetable Set,FALSE,
id,Shopee,758395205,get_category,102081,100851,Salads Vegetables ,Salads Vegetables ,FALSE,
id,Shopee,758395205,get_category,102080,100851,Sprouts,Sprouts,FALSE,
id,Shopee,758395205,get_category,102079,100851,Root & Stem Vegetables,Root & Stem Vegetables,FALSE,
id,Shopee,758395205,get_category,102078,100851,"Peas, Beans, Nuts & Corn","Peas, Beans, Nuts & Corn",FALSE,
id,Shopee,758395205,get_category,102077,100851,"Garlic, Ginger & Onion ","Garlic, Ginger & Onion ",FALSE,
id,Shopee,758395205,get_category,102076,100851,Chilli & Capsicum,Chilli & Capsicum,FALSE,
id,Shopee,758395205,get_category,102075,100851,Broccoli & Cauliflowers,Broccoli & Cauliflowers,FALSE,
id,Shopee,758395205,get_category,102074,100851,"Brinjals, Gourds & Squashes","Brinjals, Gourds & Squashes",FALSE,
id,Shopee,758395205,get_category,102073,100851,Leafy Vegetables,Leafy Vegetables,FALSE,
id,Shopee,758395205,get_category,102072,100851,Fresh Herbs,Fresh Herbs,FALSE,
id,Shopee,758395205,get_category,102071,100851,Cabbage & Brussel Sprouts,Cabbage & Brussel Sprouts,FALSE,
id,Shopee,758395205,get_category,100850,100653,Others,Lainnya,FALSE,
id,Shopee,758395205,get_category,100849,100653,Vegetarian Meat,Vegetarian Meat,FALSE,
id,Shopee,758395205,get_category,100848,100653,Seafood,Seafood,TRUE,
id,Shopee,758395205,get_category,101606,100848,Others,Lainnya,FALSE,
id,Shopee,758395205,get_category,101605,100848,Crab,Crab,FALSE,
id,Shopee,758395205,get_category,101604,100848,Prawn,Prawn,FALSE,
id,Shopee,758395205,get_category,101603,100848,Fish,Fish,FALSE,
id,Shopee,758395205,get_category,100847,100653,Meat,Meat,TRUE,
id,Shopee,758395205,get_category,101602,100847,Others,Lainnya,FALSE,
id,Shopee,758395205,get_category,101601,100847,Lamb,Lamb,FALSE,
id,Shopee,758395205,get_category,101600,100847,Pork,Pork,FALSE,
id,Shopee,758395205,get_category,101599,100847,Poultry,Poultry,FALSE,
id,Shopee,758395205,get_category,101598,100847,Beef,Beef,FALSE,
id,Shopee,758395205,get_category,100652,100629,Dairy & Eggs,Dairy & Eggs,TRUE,
id,Shopee,758395205,get_category,100846,100652,Others,Lainnya,FALSE,
id,Shopee,758395205,get_category,100845,100652,Beancurd,Beancurd,FALSE,
id,Shopee,758395205,get_category,100844,100652,Eggs,Eggs,FALSE,
id,Shopee,758395205,get_category,100843,100652,Ice cream,Ice cream,FALSE,
id,Shopee,758395205,get_category,100842,100652,Cheese & Cheese Powder,Cheese & Cheese Powder,FALSE,
id,Shopee,758395205,get_category,100841,100652,Butter & Margarine,Butter & Margarine,FALSE,
id,Shopee,758395205,get_category,100840,100652,Creamers,Creamers,FALSE,
id,Shopee,758395205,get_category,100839,100652,Yogurt & Cultured Milk,Yogurt & Cultured Milk,FALSE,
id,Shopee,758395205,get_category,100838,100652,Milk,Milk,TRUE,
id,Shopee,758395205,get_category,101597,100838,Others,Lainnya,FALSE,
id,Shopee,758395205,get_category,101596,100838,Powdered Milk,Powdered Milk,FALSE,
id,Shopee,758395205,get_category,101595,100838,Condensed & Evaporated Milk,Condensed & Evaporated Milk,FALSE,
id,Shopee,758395205,get_category,101594,100838,UHT Milk,UHT Milk,FALSE,
id,Shopee,758395205,get_category,101593,100838,Fresh Milk,Fresh Milk,FALSE,
id,Shopee,758395205,get_category,100651,100629,Beverages,Beverages,TRUE,
id,Shopee,758395205,get_category,100837,100651,Others,Lainnya,FALSE,
id,Shopee,758395205,get_category,100836,100651,Non-dairy Milk,Non-dairy Milk,FALSE,
id,Shopee,758395205,get_category,100835,100651,Drink Toppings,Drink Toppings,FALSE,
id,Shopee,758395205,get_category,100834,100651,Traditional & Herbal Drinks,Traditional & Herbal Drinks,FALSE,
id,Shopee,758395205,get_category,100833,100651,Dessert Drink,Dessert Drink,FALSE,
id,Shopee,758395205,get_category,100832,100651,Powdered Drink Mixes,Powdered Drink Mixes,FALSE,
id,Shopee,758395205,get_category,100831,100651,Carbonated Drinks & Tonics,Carbonated Drinks & Tonics,FALSE,
id,Shopee,758395205,get_category,100830,100651,Cordial & Syrups,Cordial & Syrups,FALSE,
id,Shopee,758395205,get_category,100829,100651,Juice & Juice Vinegar,Juice & Juice Vinegar,FALSE,
id,Shopee,758395205,get_category,100828,100651,Water,Water,FALSE,
id,Shopee,758395205,get_category,100827,100651,Energy & Isotonic Drinks,Energy & Isotonic Drinks,FALSE,
id,Shopee,758395205,get_category,100826,100651,Chocolate Drinks,Chocolate Drinks,FALSE,
id,Shopee,758395205,get_category,100825,100651,Tea & Tea Bags,Tea & Tea Bags,FALSE,
id,Shopee,758395205,get_category,100824,100651,Coffee,Coffee,FALSE,
id,Shopee,758395205,get_category,100650,100629,Breakfast Cereals & Spread,Breakfast Cereals & Spread,TRUE,
id,Shopee,758395205,get_category,100823,100650,Others,Lainnya,FALSE,
id,Shopee,758395205,get_category,100822,100650,Breakfast Bar,Breakfast Bar,FALSE,
id,Shopee,758395205,get_category,100821,100650,"Cereal, Granola & Oats","Cereal, Granola & Oats",FALSE,
id,Shopee,758395205,get_category,100820,100650,Jam & Spread,Jam & Spread,FALSE,
id,Shopee,758395205,get_category,100819,100650,Honey & Maple Syrups,Honey & Maple Syrups,FALSE,
id,Shopee,758395205,get_category,100649,100629,Baking Needs,Baking Needs,TRUE,
id,Shopee,758395205,get_category,100818,100649,Others,Lainnya,FALSE,
id,Shopee,758395205,get_category,100817,100649,Baking Decoration,Baking Decoration,FALSE,
id,Shopee,758395205,get_category,100816,100649,Food Coloring,Food Coloring,FALSE,
id,Shopee,758395205,get_category,100815,100649,Flour,Flour,FALSE,
id,Shopee,758395205,get_category,100814,100649,Baking Premix Flour,Baking Premix Flour,FALSE,
id,Shopee,758395205,get_category,100813,100649,Baking Powder & Soda,Baking Powder & Soda,FALSE,
id,Shopee,758395205,get_category,100812,100649,Baking Flavoring,Baking Flavoring,FALSE,
id,Shopee,758395205,get_category,100648,100629,Cooking Essentials,Cooking Essentials,TRUE,
id,Shopee,758395205,get_category,100811,100648,Others,Lainnya,FALSE,
id,Shopee,758395205,get_category,100810,100648,Flour Coating,Flour Coating,FALSE,
id,Shopee,758395205,get_category,100809,100648,Flavour Enhancers,Flavour Enhancers,FALSE,
id,Shopee,758395205,get_category,100808,100648,Cooking Paste & Kit,Cooking Paste & Kit,FALSE,
id,Shopee,758395205,get_category,100807,100648,"Stock, Gravy & Instant Soup","Stock, Gravy & Instant Soup",FALSE,
id,Shopee,758395205,get_category,100806,100648,Sweetener,Sweetener,FALSE,
id,Shopee,758395205,get_category,100805,100648,Sugar,Sugar,FALSE,
id,Shopee,758395205,get_category,100804,100648,Seasonings & Condiments,Seasonings & Condiments,TRUE,
id,Shopee,758395205,get_category,101592,100804,Others,Lainnya,FALSE,
id,Shopee,758395205,get_category,101591,100804,Dressing,Dressing,FALSE,
id,Shopee,758395205,get_category,101590,100804,Cooking Wine,Cooking Wine,FALSE,
id,Shopee,758395205,get_category,101589,100804,Vinegar,Vinegar,FALSE,
id,Shopee,758395205,get_category,101588,100804,Chilli & Sambal,Chilli & Sambal,FALSE,
id,Shopee,758395205,get_category,101587,100804,Sauce,Sauce,FALSE,
id,Shopee,758395205,get_category,101586,100804,Herbs & Spices,Herbs & Spices,FALSE,
id,Shopee,758395205,get_category,101585,100804,Salt,Salt,FALSE,
id,Shopee,758395205,get_category,101584,100804,Pepper,Pepper,FALSE,
id,Shopee,758395205,get_category,100803,100648,Oil,Oil,FALSE,
id,Shopee,758395205,get_category,100647,100629,Food Staples,Food Staples,TRUE,
id,Shopee,758395205,get_category,100802,100647,Preserved Vegetables,Preserved Vegetables,FALSE,
id,Shopee,758395205,get_category,100801,100647,Canned Food,Canned Food,TRUE,
id,Shopee,758395205,get_category,102028,100801,Others,Lainnya,FALSE,
id,Shopee,758395205,get_category,102027,100801,Canned Soup,Canned Soup,FALSE,
id,Shopee,758395205,get_category,102026,100801,Canned Vegetables,Canned Vegetables,FALSE,
id,Shopee,758395205,get_category,102025,100801,Canned Seafood,Canned Seafood,FALSE,
id,Shopee,758395205,get_category,102024,100801,Canned Meat,Canned Meat,FALSE,
id,Shopee,758395205,get_category,101583,100801,Canned Fruits,Canned Fruits,FALSE,
id,Shopee,758395205,get_category,100800,100647,Others,Lainnya,FALSE,
id,Shopee,758395205,get_category,100799,100647,Pasta,Pasta,FALSE,
id,Shopee,758395205,get_category,100798,100647,Rice,Rice,FALSE,
id,Shopee,758395205,get_category,100797,100647,Noodles,Noodles,FALSE,
id,Shopee,758395205,get_category,100796,100647,Dried Goods,Dried Goods,TRUE,
id,Shopee,758395205,get_category,101582,100796,Others,Lainnya,FALSE,
id,Shopee,758395205,get_category,101581,100796,Traditional Herbs,Traditional Herbs,FALSE,
id,Shopee,758395205,get_category,101580,100796,Dried Seafood,Dried Seafood,FALSE,
id,Shopee,758395205,get_category,101579,100796,Beans & Grains,Beans & Grains,FALSE,
id,Shopee,758395205,get_category,100646,100629,Snacks,Snacks,TRUE,
id,Shopee,758395205,get_category,100795,100646,Dried Snacks,Dried Snacks,TRUE,
id,Shopee,758395205,get_category,101578,100795,Others,Lainnya,FALSE,
id,Shopee,758395205,get_category,101577,100795,Dried Seafood Snacks,Dried Seafood Snacks,FALSE,
id,Shopee,758395205,get_category,101576,100795,Meat Floss,Meat Floss,FALSE,
id,Shopee,758395205,get_category,101575,100795,Dried Fruits,Dried Fruits,FALSE,
id,Shopee,758395205,get_category,101574,100795,Meat Jerky and Bakkwa,Meat Jerky and Bakkwa,FALSE,
id,Shopee,758395205,get_category,100794,100646,"Pudding, Jellies & Marshmallow","Pudding, Jellies & Marshmallow",FALSE,
id,Shopee,758395205,get_category,100793,100646,Others,Lainnya,FALSE,
id,Shopee,758395205,get_category,100792,100646,Nuts,Nuts,FALSE,
id,Shopee,758395205,get_category,100791,100646,Seaweed,Seaweed,FALSE,
id,Shopee,758395205,get_category,100790,100646,Popcorn,Popcorn,FALSE,
id,Shopee,758395205,get_category,100789,100646,Seeds,Seeds,FALSE,
id,Shopee,758395205,get_category,100788,100646,Chips & Crisps,Chips & Crisps,FALSE,
id,Shopee,758395205,get_category,100787,100646,"Biscuits, Cookies & Wafers","Biscuits, Cookies & Wafers",FALSE,
id,Shopee,758395205,get_category,100786,100646,Chocolate,Chocolate,FALSE,
id,Shopee,758395205,get_category,100785,100646,Sweets & Candy,Sweets & Candy,FALSE,
id,Shopee,758395205,get_category,100645,100629,Convenience / Ready-to-eat,Convenience / Ready-to-eat,TRUE,
id,Shopee,758395205,get_category,100784,100645,Instant Noodles,Instant Noodles,FALSE,
id,Shopee,758395205,get_category,100783,100645,Instant Hotpot,Instant Hotpot,FALSE,
id,Shopee,758395205,get_category,100782,100645,Instant Rice & Porridge,Instant Rice & Porridge,FALSE,
id,Shopee,758395205,get_category,100781,100645,Others,Lainnya,FALSE,
id,Shopee,758395205,get_category,100780,100645,Cooked Food,Cooked Food,FALSE,
id,Shopee,758395205,get_category,100631,0,Pets,Pets,TRUE,
id,Shopee,758395205,get_category,100673,100631,Others,Lainnya,FALSE,
id,Shopee,758395205,get_category,100672,100631,Pet Healthcare,Pet Healthcare,TRUE,
id,Shopee,758395205,get_category,100944,100672,Vitamins & Supplements,Vitamins & Supplements,FALSE,
id,Shopee,758395205,get_category,100943,100672,Others,Lainnya,FALSE,
id,Shopee,758395205,get_category,100671,100631,Pet Clothing & Accessories,Pet Clothing & Accessories,TRUE,
id,Shopee,758395205,get_category,100940,100671,Others,Lainnya,FALSE,
id,Shopee,758395205,get_category,100939,100671,Hats,Hats,FALSE,
id,Shopee,758395205,get_category,100938,100671,Hair Accessories,Aksesoris Rambut,FALSE,
id,Shopee,758395205,get_category,100937,100671,Eyewear,Kacamata,FALSE,
id,Shopee,758395205,get_category,100936,100671,Neck Accessories,Neck Accessories,FALSE,
id,Shopee,758395205,get_category,100935,100671,"Boots, Socks & Paw Protectors","Boots, Socks & Paw Protectors",FALSE,
id,Shopee,758395205,get_category,100934,100671,Wet Weather Gear,Wet Weather Gear,FALSE,
id,Shopee,758395205,get_category,100933,100671,Pet Clothing,Pet Clothing,FALSE,
id,Shopee,758395205,get_category,100670,100631,Pet Grooming,Pet Grooming,TRUE,
id,Shopee,758395205,get_category,100932,100670,Others,Lainnya,FALSE,
id,Shopee,758395205,get_category,100931,100670,Claw Care,Claw Care,FALSE,
id,Shopee,758395205,get_category,100930,100670,Oral Care,Perawatan Mulut,FALSE,
id,Shopee,758395205,get_category,100929,100670,Hair Care,Hair Care,FALSE,
id,Shopee,758395205,get_category,100669,100631,Litter & Toilet,Litter & Toilet,TRUE,
id,Shopee,758395205,get_category,100928,100669,Others,Lainnya,FALSE,
id,Shopee,758395205,get_category,100927,100669,Poop Bags & Scoopers,Poop Bags & Scoopers,FALSE,
id,Shopee,758395205,get_category,100926,100669,Dog Training Pads & Trays,Dog Training Pads & Trays,FALSE,
id,Shopee,758395205,get_category,100925,100669,Diapers,Diapers,FALSE,
id,Shopee,758395205,get_category,100924,100669,Small Pet Bedding & Litter,Small Pet Bedding & Litter,FALSE,
id,Shopee,758395205,get_category,100923,100669,Cat Litter & Boxes,Cat Litter & Boxes,FALSE,
id,Shopee,758395205,get_category,100668,100631,Pet Accessories,Pet Accessories,TRUE,
id,Shopee,758395205,get_category,100922,100668,Others,Lainnya,FALSE,
id,Shopee,758395205,get_category,100921,100668,Aquarium Needs,Aquarium Needs,FALSE,
id,Shopee,758395205,get_category,100920,100668,Pet Furniture,Pet Furniture,TRUE,
id,Shopee,758395205,get_category,101686,100920,Others,Lainnya,FALSE,
id,Shopee,758395205,get_category,101685,100920,Scratching Pads & Posts,Scratching Pads & Posts,FALSE,
id,Shopee,758395205,get_category,101684,100920,Cages & Crates,Cages & Crates,FALSE,
id,Shopee,758395205,get_category,101683,100920,Habitats & Accessories,Habitats & Accessories,FALSE,
id,Shopee,758395205,get_category,101682,100920,Houses,Houses,FALSE,
id,Shopee,758395205,get_category,101681,100920,Beds & Mats,Beds & Mats,FALSE,
id,Shopee,758395205,get_category,100919,100668,Toys,Mainan,TRUE,
id,Shopee,758395205,get_category,101680,100919,Others,Lainnya,FALSE,
id,Shopee,758395205,get_category,101679,100919,Bird Toys,Bird Toys,FALSE,
id,Shopee,758395205,get_category,101678,100919,Small Pet Toys,Small Pet Toys,FALSE,
id,Shopee,758395205,get_category,101677,100919,Dog & Cat Toys,Dog & Cat Toys,TRUE,
id,Shopee,758395205,get_category,101928,101677,Others,Lainnya,FALSE,
id,Shopee,758395205,get_category,101927,101677,Frisbees,Frisbees,FALSE,
id,Shopee,758395205,get_category,101926,101677,"Chew, Bones & Balls","Chew, Bones & Balls",FALSE,
id,Shopee,758395205,get_category,101925,101677,Sticks & Chasers,Sticks & Chasers,FALSE,
id,Shopee,758395205,get_category,100918,100668,"Leashes, Collars, Harnesses & Muzzles","Leashes, Collars, Harnesses & Muzzles",FALSE,
id,Shopee,758395205,get_category,100917,100668,Travel Essentials,Travel Essentials,FALSE,
id,Shopee,758395205,get_category,100916,100668,Bowls & Feeders,Bowls & Feeders,FALSE,
id,Shopee,758395205,get_category,100667,100631,Pet Food,Pet Food,TRUE,
id,Shopee,758395205,get_category,100915,100667,Others,Lainnya,FALSE,
id,Shopee,758395205,get_category,100914,100667,Reptile Food,Reptile Food,FALSE,
id,Shopee,758395205,get_category,100913,100667,Bird Feed,Bird Feed,FALSE,
id,Shopee,758395205,get_category,100912,100667,Aquarium Pet Food,Aquarium Pet Food,FALSE,
id,Shopee,758395205,get_category,100911,100667,Small Pet Treats,Small Pet Treats,FALSE,
id,Shopee,758395205,get_category,100910,100667,Small Pet Food,Small Pet Food,FALSE,
id,Shopee,758395205,get_category,100909,100667,Cat Treats,Cat Treats,FALSE,
id,Shopee,758395205,get_category,100908,100667,Cat Food,Cat Food,FALSE,
id,Shopee,758395205,get_category,100907,100667,Dog Treats,Dog Treats,FALSE,
id,Shopee,758395205,get_category,100906,100667,Dog Food,Dog Food,FALSE,
id,Shopee,758395205,get_category,100632,0,Mom & Baby,Mom & Baby,TRUE,
id,Shopee,758395205,get_category,100686,100632,Others,Lainnya,FALSE,
id,Shopee,758395205,get_category,100685,100632,Gift Sets & Packages,Gift Sets & Packages,FALSE,
id,Shopee,758395205,get_category,100684,100632,Toys,Mainan,TRUE,
id,Shopee,758395205,get_category,101015,100684,Others,Lainnya,FALSE,
id,Shopee,758395205,get_category,101014,100684,Slime & Squishy Toys,Slime & Squishy Toys,FALSE,
id,Shopee,758395205,get_category,101013,100684,Robot Toys,Robot Toys,FALSE,
id,Shopee,758395205,get_category,101012,100684,Educational Toys,Educational Toys,TRUE,
id,Shopee,758395205,get_category,101739,101012,Others,Lainnya,FALSE,
id,Shopee,758395205,get_category,101738,101012,Toy Tablets & Computers,Toy Tablets & Computers,FALSE,
id,Shopee,758395205,get_category,101737,101012,Musical Toys,Musical Toys,FALSE,
id,Shopee,758395205,get_category,101736,101012,Puzzles,Puzzles,FALSE,
id,Shopee,758395205,get_category,101735,101012,Shape Sorters,Shape Sorters,FALSE,
id,Shopee,758395205,get_category,101734,101012,Science & Tech Toys,Science & Tech Toys,FALSE,
id,Shopee,758395205,get_category,101733,101012,Math Toys,Math Toys,FALSE,
id,Shopee,758395205,get_category,101732,101012,Arts & Crafts,Arts & Crafts,FALSE,
id,Shopee,758395205,get_category,101011,100684,Sports & Outdoor Play,Sports & Outdoor Play,TRUE,
id,Shopee,758395205,get_category,101731,101011,Others,Lainnya,FALSE,
id,Shopee,758395205,get_category,101730,101011,"Flying Toys, Kites & Wind Spinners","Flying Toys, Kites & Wind Spinners",FALSE,
id,Shopee,758395205,get_category,101729,101011,Sports Toys,Sports Toys,FALSE,
id,Shopee,758395205,get_category,101728,101011,Blasters & Toy Guns,Blasters & Toy Guns,FALSE,
id,Shopee,758395205,get_category,101727,101011,"Pool, Water & Sand Toys","Pool, Water & Sand Toys",FALSE,
id,Shopee,758395205,get_category,101726,101011,"Play Tents, Tunnels & Ball Pits","Play Tents, Tunnels & Ball Pits",FALSE,
id,Shopee,758395205,get_category,101725,101011,Inflatables & Slides,Inflatables & Slides,FALSE,
id,Shopee,758395205,get_category,101724,101011,"Bicycles, Scooters & Ride-ons","Bicycles, Scooters & Ride-ons",FALSE,
id,Shopee,758395205,get_category,101010,100684,Toy Vehicles,Toy Vehicles,FALSE,
id,Shopee,758395205,get_category,101009,100684,Pretend Play,Pretend Play,FALSE,
id,Shopee,758395205,get_category,101008,100684,Dolls & Stuffed Toys,Dolls & Stuffed Toys,TRUE,
id,Shopee,758395205,get_category,101723,101008,Others,Lainnya,FALSE,
id,Shopee,758395205,get_category,101722,101008,Stuffed Toys,Stuffed Toys,FALSE,
id,Shopee,758395205,get_category,101721,101008,Doll Houses & Accessories,Doll Houses & Accessories,FALSE,
id,Shopee,758395205,get_category,101720,101008,Dolls & Accessories,Dolls & Accessories,FALSE,
id,Shopee,758395205,get_category,101007,100684,Block Toys,Block Toys,FALSE,
id,Shopee,758395205,get_category,101006,100684,Baby & Toddler Toys,Baby & Toddler Toys,TRUE,
id,Shopee,758395205,get_category,101719,101006,Others,Lainnya,FALSE,
id,Shopee,758395205,get_category,101718,101006,Teethers,Teethers,FALSE,
id,Shopee,758395205,get_category,101717,101006,Crib Mobiles & Rattles,Crib Mobiles & Rattles,FALSE,
id,Shopee,758395205,get_category,101716,101006,Bath Toys,Bath Toys,FALSE,
id,Shopee,758395205,get_category,101715,101006,Playards & Playpens,Playards & Playpens,FALSE,
id,Shopee,758395205,get_category,101714,101006,Playgym & Playmats,Playgym & Playmats,FALSE,
id,Shopee,758395205,get_category,100683,100632,Diapering & Potty,Diapering & Potty,TRUE,
id,Shopee,758395205,get_category,101005,100683,Others,Lainnya,FALSE,
id,Shopee,758395205,get_category,101004,100683,Cloth Diapers & Accessories,Cloth Diapers & Accessories,FALSE,
id,Shopee,758395205,get_category,101003,100683,Disposable Diapers,Disposable Diapers,FALSE,
id,Shopee,758395205,get_category,101002,100683,Potty Training & Commode Chairs,Potty Training & Commode Chairs,FALSE,
id,Shopee,758395205,get_category,101001,100683,Changing Pads & Kits,Changing Pads & Kits,FALSE,
id,Shopee,758395205,get_category,100682,100632,Baby Healthcare,Baby Healthcare,TRUE,
id,Shopee,758395205,get_category,101000,100682,Others,Lainnya,FALSE,
id,Shopee,758395205,get_category,100999,100682,Sun Care,Sun Care,FALSE,
id,Shopee,758395205,get_category,100998,100682,Baby Oral Care,Baby Oral Care,FALSE,
id,Shopee,758395205,get_category,100997,100682,Baby Skincare,Baby Skincare,TRUE,
id,Shopee,758395205,get_category,101713,100997,Others,Lainnya,FALSE,
id,Shopee,758395205,get_category,101712,100997,Powders,Powders,FALSE,
id,Shopee,758395205,get_category,101711,100997,Oils,Oli / Minyak,FALSE,
id,Shopee,758395205,get_category,101710,100997,Lotion & Creams,Lotion & Creams,FALSE,
id,Shopee,758395205,get_category,100996,100682,Nasal Care,Perawatan Hidung,FALSE,
id,Shopee,758395205,get_category,100995,100682,Baby Vitamins & Supplements,Baby Vitamins & Supplements,FALSE,
id,Shopee,758395205,get_category,100681,100632,Milk Formula & Baby Food,Milk Formula & Baby Food,TRUE,
id,Shopee,758395205,get_category,102070,100681,Ready-to-Drink Milk,Ready-to-Drink Milk,FALSE,
id,Shopee,758395205,get_category,100994,100681,Others,Lainnya,FALSE,
id,Shopee,758395205,get_category,100993,100681,Baby Snack,Baby Snack,FALSE,
id,Shopee,758395205,get_category,100992,100681,"Baby Porridge, Puree & Cereal","Baby Porridge, Puree & Cereal",FALSE,
id,Shopee,758395205,get_category,100991,100681,Milk Formula,Milk Formula,FALSE,
id,Shopee,758395205,get_category,100680,100632,Baby Safety,Baby Safety,TRUE,
id,Shopee,758395205,get_category,100990,100680,Others,Lainnya,FALSE,
id,Shopee,758395205,get_category,100989,100680,Safety Locks & Straps,Safety Locks & Straps,FALSE,
id,Shopee,758395205,get_category,100988,100680,Baby Gates & Doorways,Baby Gates & Doorways,FALSE,
id,Shopee,758395205,get_category,100987,100680,Edge & Corner Guards,Edge & Corner Guards,FALSE,
id,Shopee,758395205,get_category,100986,100680,"Bumpers, Rails & Guards","Bumpers, Rails & Guards",FALSE,
id,Shopee,758395205,get_category,100985,100680,Mosquito Netting,Mosquito Netting,FALSE,
id,Shopee,758395205,get_category,100984,100680,Monitors,Monitor,FALSE,
id,Shopee,758395205,get_category,100679,100632,Nursery,Nursery,TRUE,
id,Shopee,758395205,get_category,100983,100679,Others,Lainnya,FALSE,
id,Shopee,758395205,get_category,100982,100679,Storage & Organization,Storage & Organization,FALSE,
id,Shopee,758395205,get_category,100981,100679,Mattresses & Bedding,Mattresses & Bedding,TRUE,
id,Shopee,758395205,get_category,101709,100981,Others,Lainnya,FALSE,
id,Shopee,758395205,get_category,101708,100981,Bedsheets,Bedsheets,FALSE,
id,Shopee,758395205,get_category,101707,100981,Pillows & Bolsters,Pillows & Bolsters,FALSE,
id,Shopee,758395205,get_category,101706,100981,Blankets & Wrappers,Blankets & Wrappers,FALSE,
id,Shopee,758395205,get_category,100980,100679,Walkers,Walkers,FALSE,
id,Shopee,758395205,get_category,100979,100679,"Bouncers, Rockers & Jumpers","Bouncers, Rockers & Jumpers",FALSE,
id,Shopee,758395205,get_category,100978,100679,Cribs & Cradles & Beds,Cribs & Cradles & Beds,FALSE,
id,Shopee,758395205,get_category,100678,100632,Bath & Body Care,Perawatan Mandi & Tubuh,TRUE,
id,Shopee,758395205,get_category,100977,100678,Others,Lainnya,FALSE,
id,Shopee,758395205,get_category,100976,100678,Baby Laundry Detergent,Baby Laundry Detergent,FALSE,
id,Shopee,758395205,get_category,100975,100678,Wipes,Wipes,FALSE,
id,Shopee,758395205,get_category,100974,100678,Baby Grooming Tools,Baby Grooming Tools,FALSE,
id,Shopee,758395205,get_category,100973,100678,Baby Colognes & Fragrances,Baby Colognes & Fragrances,FALSE,
id,Shopee,758395205,get_category,100972,100678,Hair Care & Body Wash,Hair Care & Body Wash,FALSE,
id,Shopee,758395205,get_category,100971,100678,Bathing Tools & Accessories,Bathing Tools & Accessories,FALSE,
id,Shopee,758395205,get_category,100970,100678,Shower Caps,Penutup Rambut Mandi,FALSE,
id,Shopee,758395205,get_category,100969,100678,"Bath Robes, Towels & Wash Cloths","Bath Robes, Towels & Wash Cloths",FALSE,
id,Shopee,758395205,get_category,100968,100678,Bathing Tubs & Seats,Bathing Tubs & Seats,FALSE,
id,Shopee,758395205,get_category,100677,100632,Maternity Healthcare,Maternity Healthcare,TRUE,
id,Shopee,758395205,get_category,100967,100677,Others,Lainnya,FALSE,
id,Shopee,758395205,get_category,100966,100677,Moisturizers & Creams,Moisturizers & Creams,FALSE,
id,Shopee,758395205,get_category,100965,100677,Maternity Vitamins & Supplement,Maternity Vitamins & Supplement,FALSE,
id,Shopee,758395205,get_category,100964,100677,Maternity Milk,Maternity Milk,FALSE,
id,Shopee,758395205,get_category,100676,100632,Maternity Accessories,Maternity Accessories,TRUE,
id,Shopee,758395205,get_category,100963,100676,Others,Lainnya,FALSE,
id,Shopee,758395205,get_category,100962,100676,Maternity Pillows,Maternity Pillows,FALSE,
id,Shopee,758395205,get_category,100961,100676,Supporting Belts,Supporting Belts,FALSE,
id,Shopee,758395205,get_category,100675,100632,Feeding Essentials,Feeding Essentials,TRUE,
id,Shopee,758395205,get_category,100960,100675,Others,Lainnya,FALSE,
id,Shopee,758395205,get_category,100959,100675,Food Processors,Food Processors,FALSE,
id,Shopee,758395205,get_category,100958,100675,Pacifiers,Pacifiers,FALSE,
id,Shopee,758395205,get_category,100957,100675,Bibs,Bibs,FALSE,
id,Shopee,758395205,get_category,100956,100675,Utensils,Utensils,TRUE,
id,Shopee,758395205,get_category,101705,100956,Others,Lainnya,FALSE,
id,Shopee,758395205,get_category,101704,100956,Baby Food Containers,Baby Food Containers,FALSE,
id,Shopee,758395205,get_category,101703,100956,Baby Tableware,Baby Tableware,FALSE,
id,Shopee,758395205,get_category,101702,100956,Baby Cups,Baby Cups,FALSE,
id,Shopee,758395205,get_category,100955,100675,Highchairs & Booster Seats,Highchairs & Booster Seats,FALSE,
id,Shopee,758395205,get_category,100954,100675,Breastfeeding,Breastfeeding,TRUE,
id,Shopee,758395205,get_category,101701,100954,Others,Lainnya,FALSE,
id,Shopee,758395205,get_category,101700,100954,Breastmilk Storage Bags,Breastmilk Storage Bags,FALSE,
id,Shopee,758395205,get_category,101699,100954,Nursing Covers,Nursing Covers,FALSE,
id,Shopee,758395205,get_category,101698,100954,"Breast Pads, Shells & Shields","Breast Pads, Shells & Shields",FALSE,
id,Shopee,758395205,get_category,101697,100954,Breast Pump & Accessories,Breast Pump & Accessories,FALSE,
id,Shopee,758395205,get_category,100953,100675,Bottle-feeding,Bottle-feeding,TRUE,
id,Shopee,758395205,get_category,101696,100953,Others,Lainnya,FALSE,
id,Shopee,758395205,get_category,101695,100953,Sterilizers,Sterilizers,FALSE,
id,Shopee,758395205,get_category,101694,100953,Warmers,Warmers,FALSE,
id,Shopee,758395205,get_category,101693,100953,Bottle Cleansing,Bottle Cleansing,FALSE,
id,Shopee,758395205,get_category,101692,100953,Bottles & Bottle accessories,Bottles & Bottle accessories,FALSE,
id,Shopee,758395205,get_category,101691,100953,Bottle Cooler Bag,Bottle Cooler Bag,FALSE,
id,Shopee,758395205,get_category,100674,100632,Baby Travel Essentials,Baby Travel Essentials,TRUE,
id,Shopee,758395205,get_category,100952,100674,Others,Lainnya,FALSE,
id,Shopee,758395205,get_category,100951,100674,Child Harnesses & Leashes,Child Harnesses & Leashes,FALSE,
id,Shopee,758395205,get_category,100950,100674,Diaper Bags,Diaper Bags,FALSE,
id,Shopee,758395205,get_category,100949,100674,Car & Motorbike Seats Accessories,Car & Motorbike Seats Accessories,FALSE,
id,Shopee,758395205,get_category,100948,100674,Car & Motorbike Seats,Car & Motorbike Seats,FALSE,
id,Shopee,758395205,get_category,100947,100674,Stroller Accessories,Stroller Accessories,FALSE,
id,Shopee,758395205,get_category,100946,100674,Strollers & Travel Systems,Strollers & Travel Systems,FALSE,
id,Shopee,758395205,get_category,100945,100674,Baby Carrier,Baby Carrier,FALSE,
id,Shopee,758395205,get_category,100633,0,Baby & Kids Fashion,Baby & Kids Fashion,TRUE,
id,Shopee,758395205,get_category,100694,100633,Others,Lainnya,FALSE,
id,Shopee,758395205,get_category,100693,100633,Girl Shoes,Girl Shoes,TRUE,
id,Shopee,758395205,get_category,101072,100693,Others,Lainnya,FALSE,
id,Shopee,758395205,get_category,101071,100693,Flats,Sepatu Teplek (Flats),FALSE,
id,Shopee,758395205,get_category,101070,100693,Flip Flops,Sandal Jepit,FALSE,
id,Shopee,758395205,get_category,101069,100693,Loafers,Sepatu Loafers,FALSE,
id,Shopee,758395205,get_category,101068,100693,Sneakers,Sepatu Kets (Sneakers),FALSE,
id,Shopee,758395205,get_category,101067,100693,Sandals,Sandal,FALSE,
id,Shopee,758395205,get_category,101066,100693,Boots,Sepatu Bot,FALSE,
id,Shopee,758395205,get_category,100692,100633,Boy Shoes,Boy Shoes,TRUE,
id,Shopee,758395205,get_category,101065,100692,Others,Lainnya,FALSE,
id,Shopee,758395205,get_category,101064,100692,Loafers,Sepatu Loafers,FALSE,
id,Shopee,758395205,get_category,101063,100692,Formal Shoes,Formal Shoes,FALSE,
id,Shopee,758395205,get_category,101062,100692,Flip Flops,Sandal Jepit,FALSE,
id,Shopee,758395205,get_category,101061,100692,Sneakers,Sepatu Kets (Sneakers),FALSE,
id,Shopee,758395205,get_category,101060,100692,Sandals,Sandal,FALSE,
id,Shopee,758395205,get_category,101059,100692,Boots,Sepatu Bot,FALSE,
id,Shopee,758395205,get_category,100691,100633,Girl Clothes,Girl Clothes,TRUE,
id,Shopee,758395205,get_category,101058,100691,Others,Lainnya,FALSE,
id,Shopee,758395205,get_category,101057,100691,Suits & Sets,Jas & Setelan,FALSE,
id,Shopee,758395205,get_category,101056,100691,Dresses,Gaun / Dress,FALSE,
id,Shopee,758395205,get_category,101055,100691,"Rompers, Jumpsuits & Overalls","Rompers, Jumpsuits & Overalls",FALSE,
id,Shopee,758395205,get_category,101054,100691,Bottoms,Bawahan,TRUE,
id,Shopee,758395205,get_category,101789,101054,Others,Lainnya,FALSE,
id,Shopee,758395205,get_category,101788,101054,Leggings,Legging,FALSE,
id,Shopee,758395205,get_category,101787,101054,Skirts,Rok,FALSE,
id,Shopee,758395205,get_category,101786,101054,Shorts,Celana Pendek,FALSE,
id,Shopee,758395205,get_category,101785,101054,Pants,Celana Panjang,FALSE,
id,Shopee,758395205,get_category,101784,101054,Jeans,Jeans,FALSE,
id,Shopee,758395205,get_category,101053,100691,Outerwear,Pakaian Luar (Outerwear),TRUE,
id,Shopee,758395205,get_category,101783,101053,Others,Lainnya,FALSE,
id,Shopee,758395205,get_category,101782,101053,Hoodies,Hoodie,FALSE,
id,Shopee,758395205,get_category,101781,101053,Blazers,Blazer,FALSE,
id,Shopee,758395205,get_category,101780,101053,Sweaters & Cardigans,Sweter & Kardigan,FALSE,
id,Shopee,758395205,get_category,101779,101053,Vests,Rompi,FALSE,
id,Shopee,758395205,get_category,101778,101053,Winter Outerwear,Pakaian Luar Musim Dingin,FALSE,
id,Shopee,758395205,get_category,101777,101053,Regular Jackets & Coats,Jaket & Mantel Biasa,FALSE,
id,Shopee,758395205,get_category,101052,100691,Tops,Atasan,TRUE,
id,Shopee,758395205,get_category,101776,101052,Others,Lainnya,FALSE,
id,Shopee,758395205,get_category,101775,101052,Shirts & Blouses,Shirts & Blouses,FALSE,
id,Shopee,758395205,get_category,101774,101052,Polo Shirts,Kaus Polo,FALSE,
id,Shopee,758395205,get_category,101773,101052,T-shirts,Kaus / T-Shirt,FALSE,
id,Shopee,758395205,get_category,101051,100691,Swimwear,Pakaian Renang,FALSE,
id,Shopee,758395205,get_category,101050,100691,Sleepwear,Pakaian Tidur,FALSE,
id,Shopee,758395205,get_category,101049,100691,Underwear & Innerwear,Underwear & Innerwear,FALSE,
id,Shopee,758395205,get_category,101048,100691,Costumes,Kostum,FALSE,
id,Shopee,758395205,get_category,100690,100633,Boy Clothes,Boy Clothes,TRUE,
id,Shopee,758395205,get_category,101047,100690,Others,Lainnya,FALSE,
id,Shopee,758395205,get_category,101046,100690,Suits & Sets,Jas & Setelan,FALSE,
id,Shopee,758395205,get_category,101045,100690,Bottoms,Bawahan,TRUE,
id,Shopee,758395205,get_category,101772,101045,Others,Lainnya,FALSE,
id,Shopee,758395205,get_category,101771,101045,Overalls,Overalls,FALSE,
id,Shopee,758395205,get_category,101770,101045,Shorts,Celana Pendek,FALSE,
id,Shopee,758395205,get_category,101769,101045,Pants,Celana Panjang,FALSE,
id,Shopee,758395205,get_category,101768,101045,Jeans,Jeans,FALSE,
id,Shopee,758395205,get_category,101044,100690,Outerwear,Pakaian Luar (Outerwear),TRUE,
id,Shopee,758395205,get_category,101767,101044,Others,Lainnya,FALSE,
id,Shopee,758395205,get_category,101766,101044,Hoodies,Hoodie,FALSE,
id,Shopee,758395205,get_category,101765,101044,Blazers,Blazer,FALSE,
id,Shopee,758395205,get_category,101764,101044,Sweaters & Cardigans,Sweter & Kardigan,FALSE,
id,Shopee,758395205,get_category,101763,101044,Vests,Rompi,FALSE,
id,Shopee,758395205,get_category,101762,101044,Winter Outerwear,Pakaian Luar Musim Dingin,FALSE,
id,Shopee,758395205,get_category,101761,101044,Regular Jackets & Coats,Jaket & Mantel Biasa,FALSE,
id,Shopee,758395205,get_category,101043,100690,Tops,Atasan,TRUE,
id,Shopee,758395205,get_category,101760,101043,Others,Lainnya,FALSE,
id,Shopee,758395205,get_category,101759,101043,Shirts,Shirts,FALSE,
id,Shopee,758395205,get_category,101758,101043,Polo Shirts,Kaus Polo,FALSE,
id,Shopee,758395205,get_category,101757,101043,T-shirts,Kaus / T-Shirt,FALSE,
id,Shopee,758395205,get_category,101042,100690,Swimwear,Pakaian Renang,FALSE,
id,Shopee,758395205,get_category,101041,100690,Sleepwear,Pakaian Tidur,FALSE,
id,Shopee,758395205,get_category,101040,100690,Underwear & Innerwear,Underwear & Innerwear,FALSE,
id,Shopee,758395205,get_category,101039,100690,Costumes,Kostum,FALSE,
id,Shopee,758395205,get_category,100689,100633,Baby & Kids Accessories,Baby & Kids Accessories,TRUE,
id,Shopee,758395205,get_category,101038,100689,Others,Lainnya,FALSE,
id,Shopee,758395205,get_category,101037,100689,Earmuffs,Earmuffs,FALSE,
id,Shopee,758395205,get_category,101036,100689,Rain Gear,Rain Gear,TRUE,
id,Shopee,758395205,get_category,101756,101036,Others,Lainnya,FALSE,
id,Shopee,758395205,get_category,101755,101036,Rain Boots,Sepatu Bot Hujan,FALSE,
id,Shopee,758395205,get_category,101754,101036,Raincoats,Raincoats,FALSE,
id,Shopee,758395205,get_category,101035,100689,Jewelry,Perhiasan,TRUE,
id,Shopee,758395205,get_category,101753,101035,Others,Lainnya,FALSE,
id,Shopee,758395205,get_category,101752,101035,Rings,Cincin,FALSE,
id,Shopee,758395205,get_category,101751,101035,Necklaces,Kalung,FALSE,
id,Shopee,758395205,get_category,101750,101035,Earrings,Anting,FALSE,
id,Shopee,758395205,get_category,101749,101035,Bracelets,Gelang,FALSE,
id,Shopee,758395205,get_category,101034,100689,Watches,Jam Tangan,FALSE,
id,Shopee,758395205,get_category,101033,100689,Scarves,Scarves,FALSE,
id,Shopee,758395205,get_category,101032,100689,Socks,Kaos Kaki,FALSE,
id,Shopee,758395205,get_category,101031,100689,Belts,Ikat Pinggang,FALSE,
id,Shopee,758395205,get_category,101030,100689,Gloves,Sarung Tangan,FALSE,
id,Shopee,758395205,get_category,101029,100689,Hair Accessories,Aksesoris Rambut,FALSE,
id,Shopee,758395205,get_category,101028,100689,Eyewear,Kacamata,FALSE,
id,Shopee,758395205,get_category,101027,100689,Hats & Caps,Topi,FALSE,
id,Shopee,758395205,get_category,101026,100689,Bags & Luggage,Bags & Luggage,TRUE,
id,Shopee,758395205,get_category,101748,101026,Others,Lainnya,FALSE,
id,Shopee,758395205,get_category,101747,101026,Wallets,Dompet,FALSE,
id,Shopee,758395205,get_category,101746,101026,Luggage & Trolley Bags,Luggage & Trolley Bags,FALSE,
id,Shopee,758395205,get_category,101745,101026,Crossbody & Shoulder Bags,Tas Selempang & Bahu,FALSE,
id,Shopee,758395205,get_category,101744,101026,Backpacks,Ransel,FALSE,
id,Shopee,758395205,get_category,100688,100633,Baby Mittens & Footwear,Baby Mittens & Footwear,FALSE,
id,Shopee,758395205,get_category,100687,100633,Baby Clothes,Baby Clothes,TRUE,
id,Shopee,758395205,get_category,101025,100687,Others,Lainnya,FALSE,
id,Shopee,758395205,get_category,101024,100687,Swimwear,Pakaian Renang,FALSE,
id,Shopee,758395205,get_category,101023,100687,Sets,Setelan,FALSE,
id,Shopee,758395205,get_category,101022,100687,Bodysuits & Jumpsuits,Bodysuits & Jumpsuits,FALSE,
id,Shopee,758395205,get_category,101021,100687,Tops,Atasan,FALSE,
id,Shopee,758395205,get_category,101020,100687,Sleepwear,Pakaian Tidur,FALSE,
id,Shopee,758395205,get_category,101019,100687,Bottoms,Bawahan,TRUE,
id,Shopee,758395205,get_category,101743,101019,Others,Lainnya,FALSE,
id,Shopee,758395205,get_category,101742,101019,Skirts,Rok,FALSE,
id,Shopee,758395205,get_category,101741,101019,Shorts,Celana Pendek,FALSE,
id,Shopee,758395205,get_category,101740,101019,Pants & Leggings,Pants & Leggings,FALSE,
id,Shopee,758395205,get_category,101018,100687,Dresses,Gaun / Dress,FALSE,
id,Shopee,758395205,get_category,101017,100687,Winter Outerwear,Pakaian Luar Musim Dingin,FALSE,
id,Shopee,758395205,get_category,101016,100687,Regular Outerwear,Regular Outerwear,FALSE,
id,Shopee,758395205,get_category,100634,0,Gaming & Consoles,Gaming & Consoles,TRUE,
id,Shopee,758395205,get_category,100698,100634,Others,Lainnya,FALSE,
id,Shopee,758395205,get_category,100697,100634,Video Games,Video Games,TRUE,
id,Shopee,758395205,get_category,101091,100697,Others,Lainnya,FALSE,
id,Shopee,758395205,get_category,101090,100697,PC Game,PC Game,FALSE,
id,Shopee,758395205,get_category,101089,100697,PSP,PSP,FALSE,
id,Shopee,758395205,get_category,101088,100697,PS Vita,PS Vita,FALSE,
id,Shopee,758395205,get_category,101087,100697,Switch,Switch,FALSE,
id,Shopee,758395205,get_category,101086,100697,Gameboy,Gameboy,FALSE,
id,Shopee,758395205,get_category,101085,100697,Nintendo DS,Nintendo DS,FALSE,
id,Shopee,758395205,get_category,101084,100697,Wii,Wii,FALSE,
id,Shopee,758395205,get_category,101083,100697,Xbox,Xbox,FALSE,
id,Shopee,758395205,get_category,101082,100697,Playstation,Playstation,FALSE,
id,Shopee,758395205,get_category,100696,100634,Console Accessories,Console Accessories,FALSE,
id,Shopee,758395205,get_category,100695,100634,Console Machines,Console Machines,TRUE,
id,Shopee,758395205,get_category,101081,100695,Others,Lainnya,FALSE,
id,Shopee,758395205,get_category,101080,100695,PSP,PSP,FALSE,
id,Shopee,758395205,get_category,101079,100695,PS Vita,PS Vita,FALSE,
id,Shopee,758395205,get_category,101078,100695,Switch,Switch,FALSE,
id,Shopee,758395205,get_category,101077,100695,Gameboy,Gameboy,FALSE,
id,Shopee,758395205,get_category,101076,100695,Nintendo DS,Nintendo DS,FALSE,
id,Shopee,758395205,get_category,101075,100695,Wii,Wii,FALSE,
id,Shopee,758395205,get_category,101074,100695,Xbox,Xbox,FALSE,
id,Shopee,758395205,get_category,101073,100695,Playstation,Playstation,FALSE,
id,Shopee,758395205,get_category,100635,0,Cameras & Drones,Cameras & Drones,TRUE,
id,Shopee,758395205,get_category,100707,100635,Others,Lainnya,FALSE,
id,Shopee,758395205,get_category,100706,100635,Drone Accessories,Drone Accessories,FALSE,
id,Shopee,758395205,get_category,100705,100635,Drones,Drones,FALSE,
id,Shopee,758395205,get_category,100704,100635,Camera Care,Camera Care,TRUE,
id,Shopee,758395205,get_category,101126,100704,Others,Lainnya,FALSE,
id,Shopee,758395205,get_category,101125,100704,Lenspens & Brushes,Lenspens & Brushes,FALSE,
id,Shopee,758395205,get_category,101124,100704,Blowers,Blowers,FALSE,
id,Shopee,758395205,get_category,101123,100704,Silica Gel,Silica Gel,FALSE,
id,Shopee,758395205,get_category,101122,100704,Cleaning Kit,Cleaning Kit,FALSE,
id,Shopee,758395205,get_category,101121,100704,Dry Boxes & Cabinets,Dry Boxes & Cabinets,FALSE,
id,Shopee,758395205,get_category,100703,100635,Camera Accessories,Camera Accessories,TRUE,
id,Shopee,758395205,get_category,101120,100703,Others,Lainnya,FALSE,
id,Shopee,758395205,get_category,101119,100703,"Tripods, Monopods, & Accessories","Tripods, Monopods, & Accessories",FALSE,
id,Shopee,758395205,get_category,101118,100703,Batteries & Battery Grips,Batteries & Battery Grips,FALSE,
id,Shopee,758395205,get_category,101117,100703,Battery Chargers,Battery Chargers,FALSE,
id,Shopee,758395205,get_category,101116,100703,Camera Cases & Bags,Camera Cases & Bags,FALSE,
id,Shopee,758395205,get_category,101115,100703,Photo Printers,Photo Printers,FALSE,
id,Shopee,758395205,get_category,101114,100703,Photo Films & Papers,Photo Films & Papers,FALSE,
id,Shopee,758395205,get_category,101113,100703,Lighting & Studio Equipments,Lighting & Studio Equipments,FALSE,
id,Shopee,758395205,get_category,101112,100703,Gimbals & Stabilizers,Gimbals & Stabilizers,FALSE,
id,Shopee,758395205,get_category,101111,100703,Flash Accessories,Flash Accessories,TRUE,
id,Shopee,758395205,get_category,102023,101111,Others,Lainnya,FALSE,
id,Shopee,758395205,get_category,102022,101111,Flash Diffusers,Flash Diffusers,FALSE,
id,Shopee,758395205,get_category,102021,101111,Flash Triggers,Flash Triggers,FALSE,
id,Shopee,758395205,get_category,101110,100703,Flashes,Flashes,FALSE,
id,Shopee,758395205,get_category,100702,100635,Lens Accessories,Lens Accessories,TRUE,
id,Shopee,758395205,get_category,101109,100702,Others,Lainnya,FALSE,
id,Shopee,758395205,get_category,101108,100702,Lens Hoods,Lens Hoods,FALSE,
id,Shopee,758395205,get_category,101107,100702,Filters,Filter,FALSE,
id,Shopee,758395205,get_category,101106,100702,Lens Caps,Lens Caps,FALSE,
id,Shopee,758395205,get_category,101105,100702,Lens Mount & Adaptors,Lens Mount & Adaptors,FALSE,
id,Shopee,758395205,get_category,100701,100635,Lenses,Lenses,FALSE,
id,Shopee,758395205,get_category,100700,100635,Security Cameras & Systems,Security Cameras & Systems,TRUE,
id,Shopee,758395205,get_category,101104,100700,Others,Lainnya,FALSE,
id,Shopee,758395205,get_category,101102,100700,Dummy Cameras,Dummy Cameras,FALSE,
id,Shopee,758395205,get_category,101101,100700,DVRs,DVRs,FALSE,
id,Shopee,758395205,get_category,101100,100700,CCTV Security Cameras,CCTV Security Cameras,FALSE,
id,Shopee,758395205,get_category,100699,100635,Cameras,Cameras,TRUE,
id,Shopee,758395205,get_category,101099,100699,Others,Lainnya,FALSE,
id,Shopee,758395205,get_category,101098,100699,DSLRs,DSLRs,FALSE,
id,Shopee,758395205,get_category,101097,100699,Analog Cameras,Analog Cameras,FALSE,
id,Shopee,758395205,get_category,101096,100699,Instant Cameras,Instant Cameras,FALSE,
id,Shopee,758395205,get_category,101095,100699,Video Camcorders,Video Camcorders,FALSE,
id,Shopee,758395205,get_category,101094,100699,Action Cameras,Action Cameras,FALSE,
id,Shopee,758395205,get_category,101093,100699,Mirrorless Cameras,Mirrorless Cameras,FALSE,
id,Shopee,758395205,get_category,101092,100699,Point & Shoot,Point & Shoot,FALSE,
id,Shopee,758395205,get_category,100636,0,Home & Living,Home & Living,TRUE,
id,Shopee,758395205,get_category,100724,100636,Others,Lainnya,FALSE,
id,Shopee,758395205,get_category,100723,100636,Fengshui & Religious Supplies,Fengshui & Religious Supplies,FALSE,
id,Shopee,758395205,get_category,100722,100636,Party Supplies,Party Supplies,TRUE,
id,Shopee,758395205,get_category,101270,100722,Others,Lainnya,FALSE,
id,Shopee,758395205,get_category,101269,100722,Sashes,Sashes,FALSE,
id,Shopee,758395205,get_category,101268,100722,Party Hats & Masks,Party Hats & Masks,FALSE,
id,Shopee,758395205,get_category,101267,100722,Disposable Tableware,Disposable Tableware,FALSE,
id,Shopee,758395205,get_category,101266,100722,Cards,Cards,FALSE,
id,Shopee,758395205,get_category,101265,100722,Backdrops & Banners,Backdrops & Banners,FALSE,
id,Shopee,758395205,get_category,101264,100722,Wooden Clips,Wooden Clips,FALSE,
id,Shopee,758395205,get_category,101263,100722,Balloons,Balloons,FALSE,
id,Shopee,758395205,get_category,100721,100636,Home Organizers,Home Organizers,TRUE,
id,Shopee,758395205,get_category,101262,100721,Others,Lainnya,FALSE,
id,Shopee,758395205,get_category,101261,100721,Tissue Holders,Tissue Holders,FALSE,
id,Shopee,758395205,get_category,101260,100721,Jewelry Organizers,Jewelry Organizers,FALSE,
id,Shopee,758395205,get_category,101259,100721,Wardrobe Organizers,Wardrobe Organizers,FALSE,
id,Shopee,758395205,get_category,101258,100721,Desk Organizers,Desk Organizers,FALSE,
id,Shopee,758395205,get_category,101257,100721,Laundry Bags & Baskets,Laundry Bags & Baskets,FALSE,
id,Shopee,758395205,get_category,101256,100721,Hooks,Hooks,FALSE,
id,Shopee,758395205,get_category,101255,100721,Shoe Storage Boxes,Shoe Storage Boxes,FALSE,
id,Shopee,758395205,get_category,101254,100721,"Storage Boxes, Bags & Baskets","Storage Boxes, Bags & Baskets",FALSE,
id,Shopee,758395205,get_category,101253,100721,Hangers & Pegs,Hangers & Pegs,FALSE,
id,Shopee,758395205,get_category,100720,100636,Safety & Security,Safety & Security,TRUE,
id,Shopee,758395205,get_category,101252,100720,Others,Lainnya,FALSE,
id,Shopee,758395205,get_category,101251,100720,Door Hardware & Locks,Door Hardware & Locks,FALSE,
id,Shopee,758395205,get_category,101250,100720,Fire Fighting Equipments,Fire Fighting Equipments,FALSE,
id,Shopee,758395205,get_category,101249,100720,Safes,Safes,FALSE,
id,Shopee,758395205,get_category,100719,100636,Lighting,Pencahayaan,FALSE,
id,Shopee,758395205,get_category,100718,100636,Dinnerware,Dinnerware,TRUE,
id,Shopee,758395205,get_category,101248,100718,Others,Lainnya,FALSE,
id,Shopee,758395205,get_category,101247,100718,Placemats & Coasters,Placemats & Coasters,FALSE,
id,Shopee,758395205,get_category,101246,100718,Food Covers,Food Covers,FALSE,
id,Shopee,758395205,get_category,101245,100718,Straws,Straws,FALSE,
id,Shopee,758395205,get_category,101244,100718,Cutleries,Cutleries,FALSE,
id,Shopee,758395205,get_category,101243,100718,Plates,Plates,FALSE,
id,Shopee,758395205,get_category,101242,100718,Bowls,Bowls,FALSE,
id,Shopee,758395205,get_category,101241,100718,Water Bottles & Accessories,Water Bottles & Accessories,FALSE,
id,Shopee,758395205,get_category,101240,100718,"Cups, Mugs & Glasses","Cups, Mugs & Glasses",FALSE,
id,Shopee,758395205,get_category,101239,100718,Tea Pots & Sets,Tea Pots & Sets,FALSE,
id,Shopee,758395205,get_category,101238,100718,"Jugs, Pitchers & Accessories","Jugs, Pitchers & Accessories",FALSE,
id,Shopee,758395205,get_category,100717,100636,Kitchenware,Kitchenware,TRUE,
id,Shopee,758395205,get_category,101237,100717,Others,Lainnya,FALSE,
id,Shopee,758395205,get_category,101235,100717,Sealers,Sealers,FALSE,
id,Shopee,758395205,get_category,101234,100717,Kitchen Weighing Scales,Kitchen Weighing Scales,FALSE,
id,Shopee,758395205,get_category,101233,100717,"Graters, Peelers & Cutters","Graters, Peelers & Cutters",FALSE,
id,Shopee,758395205,get_category,101232,100717,Strainers,Strainers,FALSE,
id,Shopee,758395205,get_category,101231,100717,Measuring Glasses & Spoons,Measuring Glasses & Spoons,FALSE,
id,Shopee,758395205,get_category,101230,100717,Can & Bottle Openers,Can & Bottle Openers,FALSE,
id,Shopee,758395205,get_category,101229,100717,Whisks & Beaters,Whisks & Beaters,FALSE,
id,Shopee,758395205,get_category,101228,100717,Knives & Kitchen Scissors,Knives & Kitchen Scissors,FALSE,
id,Shopee,758395205,get_category,101227,100717,Chopping Boards,Chopping Boards,FALSE,
id,Shopee,758395205,get_category,101226,100717,Spatulas & Cooking Tweezers,Spatulas & Cooking Tweezers,FALSE,
id,Shopee,758395205,get_category,101225,100717,Aprons & Kitchen Gloves,Aprons & Kitchen Gloves,FALSE,
id,Shopee,758395205,get_category,101224,100717,Kitchen Racks,Kitchen Racks,FALSE,
id,Shopee,758395205,get_category,101223,100717,"Tea, Coffee & Bartending Equipments","Tea, Coffee & Bartending Equipments",FALSE,
id,Shopee,758395205,get_category,101222,100717,Aluminium Foil,Aluminium Foil,FALSE,
id,Shopee,758395205,get_category,101221,100717,Cling Wrap,Cling Wrap,FALSE,
id,Shopee,758395205,get_category,101220,100717,Food Storage,Food Storage,FALSE,
id,Shopee,758395205,get_category,101219,100717,Pots,Pots,FALSE,
id,Shopee,758395205,get_category,101218,100717,Pans,Pans,FALSE,
id,Shopee,758395205,get_category,101217,100717,Bakewares & Decorations,Bakewares & Decorations,FALSE,
id,Shopee,758395205,get_category,101216,100717,Grills & Accessories,Grills & Accessories,FALSE,
id,Shopee,758395205,get_category,100716,100636,Home Care Supplies,Home Care Supplies,TRUE,
id,Shopee,758395205,get_category,101215,100716,Others,Lainnya,FALSE,
id,Shopee,758395205,get_category,101214,100716,Laundry Care,Laundry Care,TRUE,
id,Shopee,758395205,get_category,101815,101214,Others,Lainnya,FALSE,
id,Shopee,758395205,get_category,101814,101214,Detergents,Detergents,FALSE,
id,Shopee,758395205,get_category,101813,101214,Fabric Conditioners & Softeners,Fabric Conditioners & Softeners,FALSE,
id,Shopee,758395205,get_category,101812,101214,Fabric Fragrances,Fabric Fragrances,FALSE,
id,Shopee,758395205,get_category,101213,100716,Cleaning Agents,Cleaning Agents,FALSE,
id,Shopee,758395205,get_category,101212,100716,Toilet Paper,Toilet Paper,FALSE,
id,Shopee,758395205,get_category,101211,100716,Tissue & Paper Towels,Tissue & Paper Towels,FALSE,
id,Shopee,758395205,get_category,101210,100716,Pest & Weed Control,Pest & Weed Control,FALSE,
id,Shopee,758395205,get_category,101209,100716,Cleaning Cloths,Cleaning Cloths,FALSE,
id,Shopee,758395205,get_category,101208,100716,Plastic Bags & Trash Bags,Plastic Bags & Trash Bags,FALSE,
id,Shopee,758395205,get_category,101207,100716,Trash & Recycling Bins,Trash & Recycling Bins,FALSE,
id,Shopee,758395205,get_category,101206,100716,Sponges & Scouring Pads,Sponges & Scouring Pads,FALSE,
id,Shopee,758395205,get_category,101205,100716,"Basins, Buckets & Water Dippers","Basins, Buckets & Water Dippers",FALSE,
id,Shopee,758395205,get_category,101204,100716,Mops,Mops,FALSE,
id,Shopee,758395205,get_category,101203,100716,Dusters,Dusters,FALSE,
id,Shopee,758395205,get_category,101202,100716,Brooms,Brooms,FALSE,
id,Shopee,758395205,get_category,101201,100716,Cleaning Brushes,Cleaning Brushes,FALSE,
id,Shopee,758395205,get_category,101200,100716,Clotheslines & Drying Racks,Clotheslines & Drying Racks,FALSE,
id,Shopee,758395205,get_category,100715,100636,Tools & Home Improvement,Tools & Home Improvement,TRUE,
id,Shopee,758395205,get_category,101199,100715,Others,Lainnya,FALSE,
id,Shopee,758395205,get_category,101198,100715,Doors & Windows,Doors & Windows,FALSE,
id,Shopee,758395205,get_category,101197,100715,Construction Materials,Construction Materials,FALSE,
id,Shopee,758395205,get_category,101196,100715,"Shades, Awnings & Tarpaulins","Shades, Awnings & Tarpaulins",FALSE,
id,Shopee,758395205,get_category,101195,100715,Trollies,Trollies,FALSE,
id,Shopee,758395205,get_category,101194,100715,Ladders,Ladders,FALSE,
id,Shopee,758395205,get_category,101193,100715,"Air Pumps, Parts & Accessories","Air Pumps, Parts & Accessories",FALSE,
id,Shopee,758395205,get_category,101192,100715,"Water Pumps, Parts & Accessories","Water Pumps, Parts & Accessories",FALSE,
id,Shopee,758395205,get_category,101191,100715,Tools,Tools,TRUE,
id,Shopee,758395205,get_category,101811,101191,Others,Lainnya,FALSE,
id,Shopee,758395205,get_category,101810,101191,Blowers,Blowers,FALSE,
id,Shopee,758395205,get_category,101809,101191,Power Welding Tools,Power Welding Tools,FALSE,
id,Shopee,758395205,get_category,101808,101191,"Sandpaper, Power Sanders & Accessories","Sandpaper, Power Sanders & Accessories",FALSE,
id,Shopee,758395205,get_category,101807,101191,Air Compressors,Air Compressors,FALSE,
id,Shopee,758395205,get_category,101806,101191,Rangefinders,Rangefinders,FALSE,
id,Shopee,758395205,get_category,101805,101191,Levels & Measuring Wheels,Levels & Measuring Wheels,FALSE,
id,Shopee,758395205,get_category,101804,101191,Electrical Testers & Multimeters,Electrical Testers & Multimeters,FALSE,
id,Shopee,758395205,get_category,101803,101191,Power Generators,Power Generators,FALSE,
id,Shopee,758395205,get_category,101802,101191,Pressure Washers,Pressure Washers,FALSE,
id,Shopee,758395205,get_category,101801,101191,"Saws, Cut-off Machines & Grinders","Saws, Cut-off Machines & Grinders",FALSE,
id,Shopee,758395205,get_category,101800,101191,"Drills, Screwdrivers & Accessories","Drills, Screwdrivers & Accessories",FALSE,
id,Shopee,758395205,get_category,101799,101191,"Nails, Screws & Fasteners","Nails, Screws & Fasteners",FALSE,
id,Shopee,758395205,get_category,101798,101191,Pliers,Pliers,FALSE,
id,Shopee,758395205,get_category,101797,101191,Hammers,Hammers,FALSE,
id,Shopee,758395205,get_category,101796,101191,Spanner Sets,Spanner Sets,FALSE,
id,Shopee,758395205,get_category,101795,101191,Measuring Tapes,Measuring Tapes,FALSE,
id,Shopee,758395205,get_category,101794,101191,Tool Boxes,Tool Boxes,FALSE,
id,Shopee,758395205,get_category,101190,100715,Wall Paints & Coatings,Wall Paints & Coatings,FALSE,
id,Shopee,758395205,get_category,101189,100715,Roofing & Flooring,Roofing & Flooring,FALSE,
id,Shopee,758395205,get_category,101188,100715,Sinks & Water Taps,Sinks & Water Taps,FALSE,
id,Shopee,758395205,get_category,101187,100715,"Protective Gloves, Goggles & Masks","Protective Gloves, Goggles & Masks",FALSE,
id,Shopee,758395205,get_category,101186,100715,Industrial Adhesives & Tapes,Industrial Adhesives & Tapes,FALSE,
id,Shopee,758395205,get_category,100714,100636,Gardening,Gardening,TRUE,
id,Shopee,758395205,get_category,101185,100714,Lawn Mowers,Lawn Mowers,FALSE,
id,Shopee,758395205,get_category,101184,100714,Others,Lainnya,FALSE,
id,Shopee,758395205,get_category,101183,100714,Gardening Tools,Gardening Tools,FALSE,
id,Shopee,758395205,get_category,101182,100714,Irrigation Systems,Irrigation Systems,FALSE,
id,Shopee,758395205,get_category,101181,100714,Pots & Planters,Pots & Planters,FALSE,
id,Shopee,758395205,get_category,101180,100714,Seeds & Bulbs,Seeds & Bulbs,FALSE,
id,Shopee,758395205,get_category,101179,100714,Fertilizer,Fertilizer,FALSE,
id,Shopee,758395205,get_category,101178,100714,Garden Soils & Growing Media,Garden Soils & Growing Media,FALSE,
id,Shopee,758395205,get_category,101177,100714,Garden Decorations,Garden Decorations,FALSE,
id,Shopee,758395205,get_category,101176,100714,Plants,Plants,FALSE,
id,Shopee,758395205,get_category,100713,100636,Furniture,Furniture,TRUE,
id,Shopee,758395205,get_category,101175,100713,Others,Lainnya,FALSE,
id,Shopee,758395205,get_category,101174,100713,Shelves & Racks,Shelves & Racks,FALSE,
id,Shopee,758395205,get_category,101173,100713,Cupboards & Cabinets,Cupboards & Cabinets,FALSE,
id,Shopee,758395205,get_category,101172,100713,Sofas,Sofas,FALSE,
id,Shopee,758395205,get_category,101171,100713,"Benches, Chairs & Stools","Benches, Chairs & Stools",FALSE,
id,Shopee,758395205,get_category,101170,100713,Wardrobes,Wardrobes,FALSE,
id,Shopee,758395205,get_category,101169,100713,Desks & Tables,Desks & Tables,FALSE,
id,Shopee,758395205,get_category,101168,100713,Bed Frames & Headboards,Bed Frames & Headboards,FALSE,
id,Shopee,758395205,get_category,101167,100713,Doorstoppers,Doorstoppers,FALSE,
id,Shopee,758395205,get_category,101166,100713,Cushions,Cushions,FALSE,
id,Shopee,758395205,get_category,100712,100636,"Hand Warmers, Hot Water Bags & Ice Bags","Hand Warmers, Hot Water Bags & Ice Bags",FALSE,
id,Shopee,758395205,get_category,100711,100636,Decoration,Decoration,TRUE,
id,Shopee,758395205,get_category,101165,100711,Others,Lainnya,FALSE,
id,Shopee,758395205,get_category,101164,100711,Table Cloths,Table Cloths,FALSE,
id,Shopee,758395205,get_category,101163,100711,Mirrors,Cermin / Spion,FALSE,
id,Shopee,758395205,get_category,101162,100711,Candles & Candleholders,Candles & Candleholders,FALSE,
id,Shopee,758395205,get_category,101161,100711,Vases & Vessels,Vases & Vessels,FALSE,
id,Shopee,758395205,get_category,101160,100711,Carpets & Rugs,Carpets & Rugs,FALSE,
id,Shopee,758395205,get_category,101159,100711,Floor Mats,Floor Mats,FALSE,
id,Shopee,758395205,get_category,101158,100711,Clocks,Clocks,FALSE,
id,Shopee,758395205,get_category,101157,100711,Wallpapers & Wall Stickers,Wallpapers & Wall Stickers,FALSE,
id,Shopee,758395205,get_category,101156,100711,Photo Frames & Wall Decoration,Photo Frames & Wall Decoration,FALSE,
id,Shopee,758395205,get_category,101155,100711,Curtains & Blinds,Curtains & Blinds,FALSE,
id,Shopee,758395205,get_category,101154,100711,Furniture & Appliance Covers,Furniture & Appliance Covers,FALSE,
id,Shopee,758395205,get_category,101153,100711,Flowers,Flowers,FALSE,
id,Shopee,758395205,get_category,100710,100636,Bedding,Bedding,TRUE,
id,Shopee,758395205,get_category,101152,100710,Others,Lainnya,FALSE,
id,Shopee,758395205,get_category,101151,100710,Bolsters,Bolsters,FALSE,
id,Shopee,758395205,get_category,101150,100710,Mosquito Nets,Mosquito Nets,FALSE,
id,Shopee,758395205,get_category,101149,100710,Mattresses,Mattresses,FALSE,
id,Shopee,758395205,get_category,101148,100710,"Bedsheets, Pillowcases & Bolster Cases","Bedsheets, Pillowcases & Bolster Cases",FALSE,
id,Shopee,758395205,get_category,101147,100710,Pillows,Pillows,FALSE,
id,Shopee,758395205,get_category,101146,100710,"Blankets, Comforters & Quilts","Blankets, Comforters & Quilts",FALSE,
id,Shopee,758395205,get_category,101145,100710,Mattress Protectors & Toppers,Mattress Protectors & Toppers,FALSE,
id,Shopee,758395205,get_category,101144,100710,Cooling Mats,Cooling Mats,FALSE,
id,Shopee,758395205,get_category,100709,100636,Bathrooms,Bathrooms,TRUE,
id,Shopee,758395205,get_category,101143,100709,Others,Lainnya,FALSE,
id,Shopee,758395205,get_category,101142,100709,Shower Caps,Penutup Rambut Mandi,FALSE,
id,Shopee,758395205,get_category,101141,100709,Safety Handles,Safety Handles,FALSE,
id,Shopee,758395205,get_category,101140,100709,Shower Seats & Commodes,Shower Seats & Commodes,FALSE,
id,Shopee,758395205,get_category,101139,100709,Shower Curtains,Shower Curtains,FALSE,
id,Shopee,758395205,get_category,101138,100709,Bath Brushes & Loofahs,Bath Brushes & Loofahs,FALSE,
id,Shopee,758395205,get_category,101137,100709,Showerheads & Bidet Sprays,Showerheads & Bidet Sprays,FALSE,
id,Shopee,758395205,get_category,101136,100709,Towels & Bathrobes,Towels & Bathrobes,TRUE,
id,Shopee,758395205,get_category,101793,101136,Others,Lainnya,FALSE,
id,Shopee,758395205,get_category,101792,101136,Bath Robes,Bath Robes,FALSE,
id,Shopee,758395205,get_category,101791,101136,Face & Hand Towels,Face & Hand Towels,FALSE,
id,Shopee,758395205,get_category,101790,101136,Bath Towels,Bath Towels,FALSE,
id,Shopee,758395205,get_category,101135,100709,Bathtubs,Bathtubs,FALSE,
id,Shopee,758395205,get_category,101134,100709,Bathroom Racks & Cabinets,Bathroom Racks & Cabinets,FALSE,
id,Shopee,758395205,get_category,101133,100709,"Soap Dispensers, Holders & Boxes","Soap Dispensers, Holders & Boxes",FALSE,
id,Shopee,758395205,get_category,101132,100709,Toothbrush Holders & Toothpaste Dispensers,Toothbrush Holders & Toothpaste Dispensers,FALSE,
id,Shopee,758395205,get_category,101131,100709,"Toilet Bowls, Seats & Covers","Toilet Bowls, Seats & Covers",FALSE,
id,Shopee,758395205,get_category,100708,100636,Home Fragrance & Aromatherapy,Home Fragrance & Aromatherapy,TRUE,
id,Shopee,758395205,get_category,101130,100708,Others,Lainnya,FALSE,
id,Shopee,758395205,get_category,101129,100708,"Diffusers, Humidifiers & Oil Burners","Diffusers, Humidifiers & Oil Burners",FALSE,
id,Shopee,758395205,get_category,101128,100708,Essential Oils,Essential Oils,FALSE,
id,Shopee,758395205,get_category,101127,100708,Air Fresheners & Home Fragrance,Air Fresheners & Home Fragrance,FALSE,
id,Shopee,758395205,get_category,100637,0,Sports & Outdoors,Sports & Outdoors,TRUE,
id,Shopee,758395205,get_category,100729,100637,Others,Lainnya,FALSE,
id,Shopee,758395205,get_category,100728,100637,Sports & Outdoor Accessories,Sports & Outdoor Accessories,TRUE,
id,Shopee,758395205,get_category,101329,100728,Others,Lainnya,FALSE,
id,Shopee,758395205,get_category,101328,100728,Gym Protective Gears,Gym Protective Gears,FALSE,
id,Shopee,758395205,get_category,101327,100728,Training Equipments,Training Equipments,FALSE,
id,Shopee,758395205,get_category,101326,100728,Mouthguards & Sport Tapes,Mouthguards & Sport Tapes,FALSE,
id,Shopee,758395205,get_category,101325,100728,Umbrellas,Umbrellas,FALSE,
id,Shopee,758395205,get_category,101324,100728,Rain Coats,Rain Coats,FALSE,
id,Shopee,758395205,get_category,101323,100728,Dry Bags,Dry Bags,FALSE,
id,Shopee,758395205,get_category,101322,100728,Sports & Outdoor Hats,Sports & Outdoor Hats,FALSE,
id,Shopee,758395205,get_category,101321,100728,Sports Headbands,Sports Headbands,FALSE,
id,Shopee,758395205,get_category,101320,100728,Sports Wristbands,Sports Wristbands,FALSE,
id,Shopee,758395205,get_category,101319,100728,Shoe Bags,Shoe Bags,FALSE,
id,Shopee,758395205,get_category,101318,100728,Stopwatches & Pedometers,Stopwatches & Pedometers,FALSE,
id,Shopee,758395205,get_category,100727,100637,Sports & Outdoor Apparels,Sports & Outdoor Apparels,TRUE,
id,Shopee,758395205,get_category,101317,100727,Others,Lainnya,FALSE,
id,Shopee,758395205,get_category,101316,100727,Kid's Sports Apparel,Kid's Sports Apparel,FALSE,
id,Shopee,758395205,get_category,101315,100727,Sports Bras,Sports Bras,FALSE,
id,Shopee,758395205,get_category,101314,100727,Swimming Attire,Swimming Attire,TRUE,
id,Shopee,758395205,get_category,101901,101314,Others,Lainnya,FALSE,
id,Shopee,758395205,get_category,101900,101314,Rash Guards,Rash Guards,FALSE,
id,Shopee,758395205,get_category,101899,101314,One-Piece Swimsuits,One-Piece Swimsuits,FALSE,
id,Shopee,758395205,get_category,101898,101314,Bikini Sets,Bikini Sets,FALSE,
id,Shopee,758395205,get_category,101897,101314,Swimming Trunks,Swimming Trunks,FALSE,
id,Shopee,758395205,get_category,101313,100727,Bottoms,Bawahan,FALSE,
id,Shopee,758395205,get_category,101312,100727,Jerseys,Jerseys,FALSE,
id,Shopee,758395205,get_category,101311,100727,T-shirts,Kaus / T-Shirt,FALSE,
id,Shopee,758395205,get_category,101310,100727,Jackets,Jaket,FALSE,
id,Shopee,758395205,get_category,101309,100727,Sets,Setelan,FALSE,
id,Shopee,758395205,get_category,100726,100637,Sports Footwear,Sports Footwear,TRUE,
id,Shopee,758395205,get_category,101308,100726,Others,Lainnya,FALSE,
id,Shopee,758395205,get_category,101307,100726,Kid's Sport Shoes,Kid's Sport Shoes,FALSE,
id,Shopee,758395205,get_category,101306,100726,Soccer Shoes,Soccer Shoes,FALSE,
id,Shopee,758395205,get_category,101305,100726,Hiking Shoes,Hiking Shoes,FALSE,
id,Shopee,758395205,get_category,101304,100726,Futsal Shoes,Futsal Shoes,FALSE,
id,Shopee,758395205,get_category,101303,100726,Badminton Shoes,Badminton Shoes,FALSE,
id,Shopee,758395205,get_category,101302,100726,Volleyball Shoes,Volleyball Shoes,FALSE,
id,Shopee,758395205,get_category,101301,100726,Tennis Shoes,Tennis Shoes,FALSE,
id,Shopee,758395205,get_category,101300,100726,Training Shoes,Training Shoes,FALSE,
id,Shopee,758395205,get_category,101299,100726,Running Shoes,Running Shoes,FALSE,
id,Shopee,758395205,get_category,101298,100726,Basketball Shoes,Basketball Shoes,FALSE,
id,Shopee,758395205,get_category,100725,100637,Sports & Outdoor Recreation Equipments,Sports & Outdoor Recreation Equipments,TRUE,
id,Shopee,758395205,get_category,101297,100725,Others,Lainnya,FALSE,
id,Shopee,758395205,get_category,101296,100725,Darts,Darts,FALSE,
id,Shopee,758395205,get_category,101295,100725,Fitness Equipment,Fitness Equipment,TRUE,
id,Shopee,758395205,get_category,101896,101295,Others,Lainnya,FALSE,
id,Shopee,758395205,get_category,101895,101295,Pull Up & Push Up Bars,Pull Up & Push Up Bars,FALSE,
id,Shopee,758395205,get_category,101894,101295,Ab Rollers,Ab Rollers,FALSE,
id,Shopee,758395205,get_category,101893,101295,Fitness Machines,Fitness Machines,FALSE,
id,Shopee,758395205,get_category,101892,101295,Gym Balls,Gym Balls,FALSE,
id,Shopee,758395205,get_category,101891,101295,Skipping Ropes,Skipping Ropes,FALSE,
id,Shopee,758395205,get_category,101890,101295,Weight Training,Weight Training,FALSE,
id,Shopee,758395205,get_category,101294,100725,Yoga & Pilates,Yoga & Pilates,TRUE,
id,Shopee,758395205,get_category,101889,101294,Others,Lainnya,FALSE,
id,Shopee,758395205,get_category,101888,101294,Resistance Bands,Resistance Bands,FALSE,
id,Shopee,758395205,get_category,101887,101294,"Yoga Blocks, Rings & Foam Rollers","Yoga Blocks, Rings & Foam Rollers",FALSE,
id,Shopee,758395205,get_category,101886,101294,Yoga Mats,Yoga Mats,FALSE,
id,Shopee,758395205,get_category,101293,100725,Boating,Boating,FALSE,
id,Shopee,758395205,get_category,101292,100725,Swimming & Diving,Swimming & Diving,TRUE,
id,Shopee,758395205,get_category,101885,101292,Others,Lainnya,FALSE,
id,Shopee,758395205,get_category,101884,101292,Life Jackets,Life Jackets,FALSE,
id,Shopee,758395205,get_category,101883,101292,Flippers,Flippers,FALSE,
id,Shopee,758395205,get_category,101882,101292,Diving Masks,Diving Masks,FALSE,
id,Shopee,758395205,get_category,101881,101292,Diving Flashlights,Diving Flashlights,FALSE,
id,Shopee,758395205,get_category,101880,101292,Swimming Boards,Swimming Boards,FALSE,
id,Shopee,758395205,get_category,101879,101292,Swimming Goggles,Swimming Goggles,FALSE,
id,Shopee,758395205,get_category,101878,101292,Swimming Caps,Swimming Caps,FALSE,
id,Shopee,758395205,get_category,101291,100725,Ice Skating & Winter Sports,Ice Skating & Winter Sports,FALSE,
id,Shopee,758395205,get_category,101290,100725,Surfing & Wakeboarding,Surfing & Wakeboarding,FALSE,
id,Shopee,758395205,get_category,101289,100725,Billiards,Billiards,FALSE,
id,Shopee,758395205,get_category,101288,100725,Rugby,Rugby,FALSE,
id,Shopee,758395205,get_category,101287,100725,Shooting & Survival Games,Shooting & Survival Games,FALSE,
id,Shopee,758395205,get_category,101286,100725,Squash,Squash,FALSE,
id,Shopee,758395205,get_category,101285,100725,Baseball & Softball,Baseball & Softball,FALSE,
id,Shopee,758395205,get_category,101284,100725,Golf,Golf,TRUE,
id,Shopee,758395205,get_category,101877,101284,Others,Lainnya,FALSE,
id,Shopee,758395205,get_category,101876,101284,Golf Bags & Organizers,Golf Bags & Organizers,FALSE,
id,Shopee,758395205,get_category,101875,101284,Gears &Training Equipment,Gears &Training Equipment,FALSE,
id,Shopee,758395205,get_category,101874,101284,Golf Clubs,Golf Clubs,FALSE,
id,Shopee,758395205,get_category,101873,101284,Golf Balls,Golf Balls,FALSE,
id,Shopee,758395205,get_category,101283,100725,Boxing & Martial Arts,Boxing & Martial Arts,TRUE,
id,Shopee,758395205,get_category,101872,101283,Others,Lainnya,FALSE,
id,Shopee,758395205,get_category,101871,101283,"Gloves, Wraps & Helmets","Gloves, Wraps & Helmets",FALSE,
id,Shopee,758395205,get_category,101870,101283,Martial Arts Belts,Martial Arts Belts,FALSE,
id,Shopee,758395205,get_category,101869,101283,Punching Bags & Paddings,Punching Bags & Paddings,FALSE,
id,Shopee,758395205,get_category,101282,100725,Table Tennis,Table Tennis,TRUE,
id,Shopee,758395205,get_category,101868,101282,Others,Lainnya,FALSE,
id,Shopee,758395205,get_category,101867,101282,Table Tennis Nets,Table Tennis Nets,FALSE,
id,Shopee,758395205,get_category,101866,101282,Table Tennis Bats,Table Tennis Bats,FALSE,
id,Shopee,758395205,get_category,101865,101282,Table Tennis Balls,Table Tennis Balls,FALSE,
id,Shopee,758395205,get_category,101281,100725,Tennis,Tennis,TRUE,
id,Shopee,758395205,get_category,101864,101281,Others,Lainnya,FALSE,
id,Shopee,758395205,get_category,101863,101281,Tennis Nets,Tennis Nets,FALSE,
id,Shopee,758395205,get_category,101862,101281,Tennis Balls,Tennis Balls,FALSE,
id,Shopee,758395205,get_category,101861,101281,Tennis Rackets,Tennis Rackets,FALSE,
id,Shopee,758395205,get_category,101280,100725,Badminton,Badminton,TRUE,
id,Shopee,758395205,get_category,101860,101280,Others,Lainnya,FALSE,
id,Shopee,758395205,get_category,101859,101280,Badminton Nets,Badminton Nets,FALSE,
id,Shopee,758395205,get_category,101858,101280,Shuttlecocks,Shuttlecocks,FALSE,
id,Shopee,758395205,get_category,101857,101280,Badminton Rackets,Badminton Rackets,FALSE,
id,Shopee,758395205,get_category,101279,100725,Volleyball,Volleyball,TRUE,
id,Shopee,758395205,get_category,101856,101279,Others,Lainnya,FALSE,
id,Shopee,758395205,get_category,101855,101279,Volley Nets,Volley Nets,FALSE,
id,Shopee,758395205,get_category,101854,101279,Volley Balls,Volley Balls,FALSE,
id,Shopee,758395205,get_category,101278,100725,Basketball,Basketball,TRUE,
id,Shopee,758395205,get_category,101853,101278,Others,Lainnya,FALSE,
id,Shopee,758395205,get_category,101852,101278,Basketball Rings,Basketball Rings,FALSE,
id,Shopee,758395205,get_category,101851,101278,Basket Balls,Basket Balls,FALSE,
id,Shopee,758395205,get_category,101277,100725,"Soccer, Futsal & Sepak Takraw","Soccer, Futsal & Sepak Takraw",TRUE,
id,Shopee,758395205,get_category,101850,101277,Others,Lainnya,FALSE,
id,Shopee,758395205,get_category,101849,101277,Goal Posts & Nets,Goal Posts & Nets,FALSE,
id,Shopee,758395205,get_category,101848,101277,Goalkeeper Gloves & Shin Guards,Goalkeeper Gloves & Shin Guards,FALSE,
id,Shopee,758395205,get_category,101847,101277,Balls,Balls,FALSE,
id,Shopee,758395205,get_category,101275,100725,Boardsports,Boardsports,TRUE,
id,Shopee,758395205,get_category,101843,101275,Others,Lainnya,FALSE,
id,Shopee,758395205,get_category,101842,101275,Helmets & Protective Gears,Helmets & Protective Gears,FALSE,
id,Shopee,758395205,get_category,101841,101275,Segways & Hoverboards,Segways & Hoverboards,FALSE,
id,Shopee,758395205,get_category,101840,101275,Scooters & Unicycles,Scooters & Unicycles,FALSE,
id,Shopee,758395205,get_category,101839,101275,Skateboards & Roller Blades,Skateboards & Roller Blades,FALSE,
id,Shopee,758395205,get_category,101274,100725,Rock Climbing,Rock Climbing,FALSE,
id,Shopee,758395205,get_category,101273,100725,Camping & Hiking,Camping & Hiking,TRUE,
id,Shopee,758395205,get_category,101838,101273,Others,Lainnya,FALSE,
id,Shopee,758395205,get_category,101837,101273,Picnic Mats & Baskets,Picnic Mats & Baskets,FALSE,
id,Shopee,758395205,get_category,101836,101273,Hiking Sticks,Hiking Sticks,FALSE,
id,Shopee,758395205,get_category,101835,101273,Hammocks,Hammocks,FALSE,
id,Shopee,758395205,get_category,101834,101273,Camping Knives & Survival Kits,Camping Knives & Survival Kits,FALSE,
id,Shopee,758395205,get_category,101833,101273,Compasses,Compasses,FALSE,
id,Shopee,758395205,get_category,101832,101273,"Binoculars, Monoculars & Telescopes","Binoculars, Monoculars & Telescopes",FALSE,
id,Shopee,758395205,get_category,101831,101273,Sleeping Bags,Sleeping Bags,FALSE,
id,Shopee,758395205,get_category,101830,101273,Tents & Tent Accessories,Tents & Tent Accessories,FALSE,
id,Shopee,758395205,get_category,101829,101273,Camping Lamps & Flashlights,Camping Lamps & Flashlights,FALSE,
id,Shopee,758395205,get_category,101828,101273,Camping Cookware,Camping Cookware,FALSE,
id,Shopee,758395205,get_category,101272,100725,Cycling,Cycling,TRUE,
id,Shopee,758395205,get_category,101827,101272,Others,Lainnya,FALSE,
id,Shopee,758395205,get_category,101826,101272,Cycling Helmets,Cycling Helmets,FALSE,
id,Shopee,758395205,get_category,101825,101272,Bicycle Parts & Accessories,Bicycle Parts & Accessories,FALSE,
id,Shopee,758395205,get_category,101824,101272,Bicycles,Bicycles,FALSE,
id,Shopee,758395205,get_category,101271,100725,Fishing,Fishing,TRUE,
id,Shopee,758395205,get_category,101823,101271,Others,Lainnya,FALSE,
id,Shopee,758395205,get_category,101822,101271,Fishing Nets,Fishing Nets,FALSE,
id,Shopee,758395205,get_category,101821,101271,Fishing Bags,Fishing Bags,FALSE,
id,Shopee,758395205,get_category,101820,101271,Lures & Baits,Lures & Baits,FALSE,
id,Shopee,758395205,get_category,101819,101271,Fishing Lines,Fishing Lines,FALSE,
id,Shopee,758395205,get_category,101818,101271,Fish Finders,Fish Finders,FALSE,
id,Shopee,758395205,get_category,101817,101271,Fishing Rods & Reels,Fishing Rods & Reels,FALSE,
id,Shopee,758395205,get_category,101816,101271,Fishing Hooks,Fishing Hooks,FALSE,
id,Shopee,758395205,get_category,100638,0,Stationery,Stationery,TRUE,
id,Shopee,758395205,get_category,100736,100638,Others,Lainnya,FALSE,
id,Shopee,758395205,get_category,100735,100638,Letters & Envelopes,Letters & Envelopes,TRUE,
id,Shopee,758395205,get_category,101384,100735,Others,Lainnya,FALSE,
id,Shopee,758395205,get_category,101383,100735,Postage Stamps & Duty Stamps,Postage Stamps & Duty Stamps,FALSE,
id,Shopee,758395205,get_category,101382,100735,Post Cards,Post Cards,FALSE,
id,Shopee,758395205,get_category,101381,100735,Envelopes & Angpao,Envelopes & Angpao,FALSE,
id,Shopee,758395205,get_category,100734,100638,Notebooks & Papers,Notebooks & Papers,TRUE,
id,Shopee,758395205,get_category,101380,100734,Others,Lainnya,FALSE,
id,Shopee,758395205,get_category,101379,100734,Labels & Stickers,Labels & Stickers,FALSE,
id,Shopee,758395205,get_category,101378,100734,Notebooks & Notepads,Notebooks & Notepads,FALSE,
id,Shopee,758395205,get_category,101377,100734,Art Paper & Boards,Art Paper & Boards,FALSE,
id,Shopee,758395205,get_category,101376,100734,Memo & Sticky Notes,Memo & Sticky Notes,FALSE,
id,Shopee,758395205,get_category,101375,100734,Loose Leaf,Loose Leaf,FALSE,
id,Shopee,758395205,get_category,101374,100734,Printing & Photocopy Paper,Printing & Photocopy Paper,FALSE,
id,Shopee,758395205,get_category,101373,100734,Thermal Paper & Continuous Paper,Thermal Paper & Continuous Paper,FALSE,
id,Shopee,758395205,get_category,101372,100734,Book Covers,Book Covers,FALSE,
id,Shopee,758395205,get_category,101371,100734,Bookmarks,Bookmarks,FALSE,
id,Shopee,758395205,get_category,100733,100638,Art Supplies,Art Supplies,TRUE,
id,Shopee,758395205,get_category,101370,100733,Others,Lainnya,FALSE,
id,Shopee,758395205,get_category,101369,100733,Sketch Books,Sketch Books,FALSE,
id,Shopee,758395205,get_category,101368,100733,Canvases & Easels,Canvases & Easels,FALSE,
id,Shopee,758395205,get_category,101367,100733,Paint Palettes,Paint Palettes,FALSE,
id,Shopee,758395205,get_category,101366,100733,Paint Brushes,Paint Brushes,FALSE,
id,Shopee,758395205,get_category,101365,100733,Acrylic Paint,Acrylic Paint,FALSE,
id,Shopee,758395205,get_category,101364,100733,Oil Paint,Oil Paint,FALSE,
id,Shopee,758395205,get_category,101363,100733,Water & Poster Colours,Water & Poster Colours,FALSE,
id,Shopee,758395205,get_category,101362,100733,Crayons & Pastels,Crayons & Pastels,FALSE,
id,Shopee,758395205,get_category,101361,100733,Color Pencils,Color Pencils,FALSE,
id,Shopee,758395205,get_category,100732,100638,School & Office Equipment,School & Office Equipment,TRUE,
id,Shopee,758395205,get_category,101360,100732,Others,Lainnya,FALSE,
id,Shopee,758395205,get_category,101359,100732,Pencil Cases,Pencil Cases,FALSE,
id,Shopee,758395205,get_category,101358,100732,Sharpeners,Sharpeners,FALSE,
id,Shopee,758395205,get_category,101357,100732,"Rulers, Protractors & Stencils","Rulers, Protractors & Stencils",FALSE,
id,Shopee,758395205,get_category,101356,100732,"Folders, Paper Organizers & Accessories","Folders, Paper Organizers & Accessories",FALSE,
id,Shopee,758395205,get_category,101355,100732,Calendars,Calendars,FALSE,
id,Shopee,758395205,get_category,101354,100732,Staplers & Staples,Staplers & Staples,FALSE,
id,Shopee,758395205,get_category,101353,100732,Ink Stamps & Pads,Ink Stamps & Pads,FALSE,
id,Shopee,758395205,get_category,101352,100732,Scissors,Scissors,FALSE,
id,Shopee,758395205,get_category,101351,100732,Hole Punchers,Hole Punchers,FALSE,
id,Shopee,758395205,get_category,101350,100732,"Clips, Pins & Tacks","Clips, Pins & Tacks",FALSE,
id,Shopee,758395205,get_category,101349,100732,Lanyards & Name Tags,Lanyards & Name Tags,FALSE,
id,Shopee,758395205,get_category,101348,100732,Label Printers,Label Printers,FALSE,
id,Shopee,758395205,get_category,101347,100732,Glues,Glues,FALSE,
id,Shopee,758395205,get_category,101346,100732,Strings & Tapes,Strings & Tapes,FALSE,
id,Shopee,758395205,get_category,101345,100732,Pen Knives & Paper Cutters,Pen Knives & Paper Cutters,FALSE,
id,Shopee,758395205,get_category,101344,100732,Calculators,Calculators,FALSE,
id,Shopee,758395205,get_category,101343,100732,Writing Boards & Board Stands,Writing Boards & Board Stands,FALSE,
id,Shopee,758395205,get_category,100731,100638,Writing & Correction,Writing & Correction,TRUE,
id,Shopee,758395205,get_category,101342,100731,Others,Lainnya,FALSE,
id,Shopee,758395205,get_category,101341,100731,Highlighters,Highlighters,FALSE,
id,Shopee,758395205,get_category,101340,100731,Markers,Markers,FALSE,
id,Shopee,758395205,get_category,101339,100731,Eraser & Correction Supplies,Eraser & Correction Supplies,FALSE,
id,Shopee,758395205,get_category,101338,100731,Pencils,Pencils,FALSE,
id,Shopee,758395205,get_category,101337,100731,Pens & Inks,Pens & Inks,FALSE,
id,Shopee,758395205,get_category,100730,100638,Gift & Wrapping,Gift & Wrapping,TRUE,
id,Shopee,758395205,get_category,101336,100730,Others,Lainnya,FALSE,
id,Shopee,758395205,get_category,101335,100730,Carton Boxes,Carton Boxes,FALSE,
id,Shopee,758395205,get_category,101334,100730,Bubble Wraps,Bubble Wraps,FALSE,
id,Shopee,758395205,get_category,101333,100730,Ribbons,Ribbons,FALSE,
id,Shopee,758395205,get_category,101332,100730,Gift Bags,Gift Bags,FALSE,
id,Shopee,758395205,get_category,101331,100730,Gift Boxes,Gift Boxes,FALSE,
id,Shopee,758395205,get_category,101330,100730,Gift Wrappers,Gift Wrappers,FALSE,
id,Shopee,758395205,get_category,100639,0,Hobbies & Collections,Hobbies & Collections,TRUE,
id,Shopee,758395205,get_category,100745,100639,Others,Lainnya,FALSE,
id,Shopee,758395205,get_category,100744,100639,Needlework,Needlework,FALSE,
id,Shopee,758395205,get_category,100743,100639,Photo Albums,Photo Albums,FALSE,
id,Shopee,758395205,get_category,100742,100639,Vinyl Records,Vinyl Records,FALSE,
id,Shopee,758395205,get_category,100741,100639,Musical Instruments & Accessories,Musical Instruments & Accessories,TRUE,
id,Shopee,758395205,get_category,102017,100741,String Instruments,String Instruments,TRUE,
id,Shopee,758395205,get_category,102020,102017,Others,Lainnya,FALSE,
id,Shopee,758395205,get_category,102019,102017,Guitars & Bass Guitars,Guitars & Bass Guitars,FALSE,
id,Shopee,758395205,get_category,102018,102017,Ukuleles,Ukuleles,FALSE,
id,Shopee,758395205,get_category,101414,100741,Others,Lainnya,FALSE,
id,Shopee,758395205,get_category,101413,100741,Music Accessories,Music Accessories,FALSE,
id,Shopee,758395205,get_category,101412,100741,Wind Instruments,Wind Instruments,FALSE,
id,Shopee,758395205,get_category,101411,100741,Percussion Instruments,Percussion Instruments,FALSE,
id,Shopee,758395205,get_category,101410,100741,Keyboards & Pianos,Keyboards & Pianos,FALSE,
id,Shopee,758395205,get_category,100740,100639,"CD, DVD & Bluray","CD, DVD & Bluray",FALSE,
id,Shopee,758395205,get_category,100739,100639,Toys & Games,Toys & Games,TRUE,
id,Shopee,758395205,get_category,101409,100739,Others,Lainnya,FALSE,
id,Shopee,758395205,get_category,101408,100739,Capsule Toys,Capsule Toys,FALSE,
id,Shopee,758395205,get_category,101407,100739,Remote Control Toys & Accessories,Remote Control Toys & Accessories,FALSE,
id,Shopee,758395205,get_category,101406,100739,Yo-yos,Yo-yos,FALSE,
id,Shopee,758395205,get_category,101405,100739,Kendamas,Kendamas,FALSE,
id,Shopee,758395205,get_category,101404,100739,Spinning Tops,Spinning Tops,FALSE,
id,Shopee,758395205,get_category,101403,100739,Rubik's Cubes,Rubik's Cubes,FALSE,
id,Shopee,758395205,get_category,101402,100739,Prank Toys,Prank Toys,FALSE,
id,Shopee,758395205,get_category,101401,100739,Magic Toys,Magic Toys,FALSE,
id,Shopee,758395205,get_category,101400,100739,"Dice, Board & Card Games","Dice, Board & Card Games",FALSE,
id,Shopee,758395205,get_category,100738,100639,Souvenirs,Souvenirs,TRUE,
id,Shopee,758395205,get_category,101399,100738,Others,Lainnya,FALSE,
id,Shopee,758395205,get_category,101398,100738,Fridge Magnets,Fridge Magnets,FALSE,
id,Shopee,758395205,get_category,101397,100738,Coin Banks,Coin Banks,FALSE,
id,Shopee,758395205,get_category,101396,100738,Keychains,Keychains,FALSE,
id,Shopee,758395205,get_category,101395,100738,Hand Fans,Hand Fans,FALSE,
id,Shopee,758395205,get_category,100737,100639,Collectible Items,Collectible Items,TRUE,
id,Shopee,758395205,get_category,101394,100737,Others,Lainnya,FALSE,
id,Shopee,758395205,get_category,101393,100737,Coins,Coins,FALSE,
id,Shopee,758395205,get_category,101392,100737,Anime & Manga Collectibles,Anime & Manga Collectibles,FALSE,
id,Shopee,758395205,get_category,101391,100737,Sports Collectibles,Sports Collectibles,FALSE,
id,Shopee,758395205,get_category,101390,100737,Idol Collectibles,Idol Collectibles,FALSE,
id,Shopee,758395205,get_category,101388,100737,Vehicle Models & Diecast,Vehicle Models & Diecast,FALSE,
id,Shopee,758395205,get_category,101387,100737,Mecha Models & Diecast,Mecha Models & Diecast,FALSE,
id,Shopee,758395205,get_category,101386,100737,Statues & Sculptures,Statues & Sculptures,FALSE,
id,Shopee,758395205,get_category,101385,100737,Action Figurines,Action Figurines,FALSE,
id,Shopee,758395205,get_category,100640,0,Automobiles,Automobiles,TRUE,
id,Shopee,758395205,get_category,100753,100640,Automotive Keychains & Key Covers,Automotive Keychains & Key Covers,FALSE,
id,Shopee,758395205,get_category,100752,100640,Automotive Oils & Lubes,Automotive Oils & Lubes,TRUE,
id,Shopee,758395205,get_category,101472,100752,Others,Lainnya,FALSE,
id,Shopee,758395205,get_category,101471,100752,Automotive Fluids,Automotive Fluids,TRUE,
id,Shopee,758395205,get_category,101912,101471,Others,Lainnya,FALSE,
id,Shopee,758395205,get_category,101911,101471,Transmissions Fluids,Transmissions Fluids,FALSE,
id,Shopee,758395205,get_category,101910,101471,Brake Fluids,Brake Fluids,FALSE,
id,Shopee,758395205,get_category,101470,100752,Antifreezes & Coolants,Antifreezes & Coolants,FALSE,
id,Shopee,758395205,get_category,101469,100752,Greases & Lubricants,Greases & Lubricants,FALSE,
id,Shopee,758395205,get_category,101468,100752,Fuel Additives & Savers,Fuel Additives & Savers,FALSE,
id,Shopee,758395205,get_category,101467,100752,Oils,Oli / Minyak,FALSE,
id,Shopee,758395205,get_category,100751,100640,Automotive Care,Automotive Care,TRUE,
id,Shopee,758395205,get_category,101466,100751,Others,Lainnya,FALSE,
id,Shopee,758395205,get_category,101465,100751,"Polish, Coating & Sealants","Polish, Coating & Sealants",FALSE,
id,Shopee,758395205,get_category,101464,100751,Tire & Wheel Care,Tire & Wheel Care,FALSE,
id,Shopee,758395205,get_category,101463,100751,Interior Care,Interior Care,FALSE,
id,Shopee,758395205,get_category,101462,100751,Glass Care & Water Repellents,Glass Care & Water Repellents,FALSE,
id,Shopee,758395205,get_category,101461,100751,Wash & Waxes,Wash & Waxes,FALSE,
id,Shopee,758395205,get_category,100750,100640,Automotive Tools,Automotive Tools,TRUE,
id,Shopee,758395205,get_category,101460,100750,Others,Lainnya,FALSE,
id,Shopee,758395205,get_category,101459,100750,Tire Pressure Detectors,Tire Pressure Detectors,FALSE,
id,Shopee,758395205,get_category,101458,100750,"Test, Diagnostic & Repair Tools","Test, Diagnostic & Repair Tools",FALSE,
id,Shopee,758395205,get_category,100749,100640,Automobile Spare Parts,Automobile Spare Parts,TRUE,
id,Shopee,758395205,get_category,101457,100749,Others,Lainnya,FALSE,
id,Shopee,758395205,get_category,101456,100749,Fuel System,Fuel System,FALSE,
id,Shopee,758395205,get_category,101455,100749,Electronics,Electronics,TRUE,
id,Shopee,758395205,get_category,101909,101455,Others,Lainnya,FALSE,
id,Shopee,758395205,get_category,101908,101455,Lighting,Pencahayaan,FALSE,
id,Shopee,758395205,get_category,101907,101455,Batteries & Accessories,Baterai & Aksesoris,FALSE,
id,Shopee,758395205,get_category,101906,101455,Ignition,Pengapian,TRUE,
id,Shopee,758395205,get_category,101931,101906,Others,Lainnya,FALSE,
id,Shopee,758395205,get_category,101930,101906,Spark Plugs,Busi,FALSE,
id,Shopee,758395205,get_category,101929,101906,Ignition Coils,Koil Pengapian,FALSE,
id,Shopee,758395205,get_category,101454,100749,"Belts, Hoses & Pulleys","Belts, Hoses & Pulleys",FALSE,
id,Shopee,758395205,get_category,101453,100749,Brake System,Sistem Rem,FALSE,
id,Shopee,758395205,get_category,101452,100749,Engine Parts,Engine Parts,TRUE,
id,Shopee,758395205,get_category,101905,101452,Others,Lainnya,FALSE,
id,Shopee,758395205,get_category,101904,101452,Oil Filters,Filter Oli,FALSE,
id,Shopee,758395205,get_category,101903,101452,Air Filters,Filter Udara,FALSE,
id,Shopee,758395205,get_category,101902,101452,Pistons,Piston,FALSE,
id,Shopee,758395205,get_category,101451,100749,Bearing & Seals,Bearing & Seals,FALSE,
id,Shopee,758395205,get_category,101450,100749,"Drivetrain, Transmission & Clutches","Drivetrain, Transmisi & Kopling",FALSE,
id,Shopee,758395205,get_category,101449,100749,"Radiators, Engine Cooling & Climate Control","Radiators, Engine Cooling & Climate Control",FALSE,
id,Shopee,758395205,get_category,101448,100749,"Shocks, Struts & Suspension",Shockbreaker & Suspensi,FALSE,
id,Shopee,758395205,get_category,101447,100749,Tires & Accessories,Ban & Aksesoris,FALSE,
id,Shopee,758395205,get_category,101446,100749,"Wheels, Rims & Accessories","Roda, Velg & Aksesoris",FALSE,
id,Shopee,758395205,get_category,101445,100749,Exhaust & Emissions,Knalpot & Emisi,FALSE,
id,Shopee,758395205,get_category,101444,100749,Windshield Wipers & Washers,Windshield Wipers & Washers,FALSE,
id,Shopee,758395205,get_category,101443,100749,"Body, Frame & Bumpers","Body, Frame & Bumpers",FALSE,
id,Shopee,758395205,get_category,100748,100640,Automobile Exterior Accessories,Automobile Exterior Accessories,TRUE,
id,Shopee,758395205,get_category,101442,100748,Others,Lainnya,FALSE,
id,Shopee,758395205,get_category,101441,100748,License Plate Accessories,License Plate Accessories,FALSE,
id,Shopee,758395205,get_category,101440,100748,Mirrors & Accessories,Spion & Aksesoris,FALSE,
id,Shopee,758395205,get_category,101439,100748,Horns & Accessories,Klakson & Aksesoris,FALSE,
id,Shopee,758395205,get_category,101438,100748,Gutters,Gutters,FALSE,
id,Shopee,758395205,get_category,101437,100748,Sill Plates,Sill Plates,FALSE,
id,Shopee,758395205,get_category,101436,100748,Mud Flaps & Splash Guards,Tahanan Lumpur,FALSE,
id,Shopee,758395205,get_category,101435,100748,"Stickers, Logos & Emblems","Stiker, Logo & Lambang",FALSE,
id,Shopee,758395205,get_category,101434,100748,Covers,Sarung / Cover,FALSE,
id,Shopee,758395205,get_category,101433,100748,Antennas,Antena,FALSE,
id,Shopee,758395205,get_category,101432,100748,Garnish,Garnish,FALSE,
id,Shopee,758395205,get_category,100747,100640,Automobile Interior Accessories,Automobile Interior Accessories,TRUE,
id,Shopee,758395205,get_category,101431,100747,Others,Lainnya,FALSE,
id,Shopee,758395205,get_category,101430,100747,"HUD, Speedometers & Gauges","HUD, Speedometers & Gauges",FALSE,
id,Shopee,758395205,get_category,101429,100747,Camcorders & Parking Cameras,Camcorders & Parking Cameras,FALSE,
id,Shopee,758395205,get_category,101428,100747,Locks & Security,Locks & Security,FALSE,
id,Shopee,758395205,get_category,101427,100747,Sun Shields & Dash Covers,Sun Shields & Dash Covers,FALSE,
id,Shopee,758395205,get_category,101426,100747,Pedals & Gear Sticks,Pedals & Gear Sticks,FALSE,
id,Shopee,758395205,get_category,101425,100747,"USB Chargers, FM & Bluetooth Transmitters","USB Chargers, FM & Bluetooth Transmitters",FALSE,
id,Shopee,758395205,get_category,101424,100747,Phone Holders,Dudukan Ponsel,FALSE,
id,Shopee,758395205,get_category,101423,100747,Seats & Seat Covers,Seats & Seat Covers,FALSE,
id,Shopee,758395205,get_category,101422,100747,Steering Wheels & Covers,Steering Wheels & Covers,FALSE,
id,Shopee,758395205,get_category,101421,100747,Car Mattresses,Car Mattresses,FALSE,
id,Shopee,758395205,get_category,101420,100747,Seat Headrests & Back Supports,Seat Headrests & Back Supports,FALSE,
id,Shopee,758395205,get_category,101419,100747,Carpets & Mats,Carpets & Mats,FALSE,
id,Shopee,758395205,get_category,101418,100747,"Perfumes, Air Fresheners & Purifiers","Perfumes, Air Fresheners & Purifiers",FALSE,
id,Shopee,758395205,get_category,101417,100747,Organizers & Compartments,Organizers & Compartments,FALSE,
id,Shopee,758395205,get_category,101416,100747,"Amplifiers, Speakers & Subwoofers","Amplifiers, Speakers & Subwoofers",FALSE,
id,Shopee,758395205,get_category,101415,100747,Navigation & AV Receivers,Navigation & AV Receivers,FALSE,
id,Shopee,758395205,get_category,100641,0,Motorcycles,Motorcycles,TRUE,
id,Shopee,758395205,get_category,100758,100641,Motorcycle Helmets & Accessories,Motorcycle Helmets & Accessories,FALSE,
id,Shopee,758395205,get_category,100757,100641,Motorcycle Spare Parts,Motorcycle Spare Parts,TRUE,
id,Shopee,758395205,get_category,101497,100757,Others,Lainnya,FALSE,
id,Shopee,758395205,get_category,101496,100757,Lighting,Pencahayaan,FALSE,
id,Shopee,758395205,get_category,101495,100757,Tires & Accessories,Ban & Aksesoris,FALSE,
id,Shopee,758395205,get_category,101494,100757,"Wheels, Rims & Accessories","Roda, Velg & Aksesoris",FALSE,
id,Shopee,758395205,get_category,101493,100757,Exhaust & Emissions,Knalpot & Emisi,FALSE,
id,Shopee,758395205,get_category,101492,100757,Body & Frame,Body & Frame,FALSE,
id,Shopee,758395205,get_category,101491,100757,Cables & Tubes,Cables & Tubes,FALSE,
id,Shopee,758395205,get_category,101490,100757,Horns & Accessories,Klakson & Aksesoris,FALSE,
id,Shopee,758395205,get_category,101489,100757,Batteries & Accessories,Baterai & Aksesoris,FALSE,
id,Shopee,758395205,get_category,101488,100757,"Drivetrain, Transmission & Clutches","Drivetrain, Transmisi & Kopling",TRUE,
id,Shopee,758395205,get_category,101924,101488,Others,Lainnya,FALSE,
id,Shopee,758395205,get_category,101923,101488,Bearings,Bearings,FALSE,
id,Shopee,758395205,get_category,101922,101488,Clutches,Tas Tangan (Clutch),FALSE,
id,Shopee,758395205,get_category,101921,101488,Chains & Gears,Chains & Gears,FALSE,
id,Shopee,758395205,get_category,101487,100757,"Shocks, Struts & Suspension",Shockbreaker & Suspensi,FALSE,
id,Shopee,758395205,get_category,101486,100757,Brake System,Sistem Rem,FALSE,
id,Shopee,758395205,get_category,101485,100757,Fuel System,Fuel System,FALSE,
id,Shopee,758395205,get_category,101484,100757,Ignition & Engine Parts,Ignition & Engine Parts,TRUE,
id,Shopee,758395205,get_category,101920,101484,Others,Lainnya,FALSE,
id,Shopee,758395205,get_category,101919,101484,Air Filters,Filter Udara,FALSE,
id,Shopee,758395205,get_category,101918,101484,V-Belts,V-Belts,FALSE,
id,Shopee,758395205,get_category,101917,101484,Ignition Coils,Koil Pengapian,FALSE,
id,Shopee,758395205,get_category,101916,101484,Spark Plugs,Busi,FALSE,
id,Shopee,758395205,get_category,101915,101484,CDI & ECU,CDI & ECU,FALSE,
id,Shopee,758395205,get_category,101914,101484,Pistons,Piston,FALSE,
id,Shopee,758395205,get_category,101913,101484,Radiators,Radiators,FALSE,
id,Shopee,758395205,get_category,100756,100641,Motorcycle Accessories,Motorcycle Accessories,TRUE,
id,Shopee,758395205,get_category,101483,100756,Others,Lainnya,FALSE,
id,Shopee,758395205,get_category,101482,100756,Mud Flaps & Splash Guards,Tahanan Lumpur,FALSE,
id,Shopee,758395205,get_category,101481,100756,Phone Holders,Dudukan Ponsel,FALSE,
id,Shopee,758395205,get_category,101480,100756,Boxes & Cases,Boxes & Cases,FALSE,
id,Shopee,758395205,get_category,101479,100756,Locks & Security,Locks & Security,FALSE,
id,Shopee,758395205,get_category,101478,100756,Mirrors & Accessories,Spion & Aksesoris,FALSE,
id,Shopee,758395205,get_category,101477,100756,Seats & Seat Covers,Seats & Seat Covers,FALSE,
id,Shopee,758395205,get_category,101476,100756,"Stickers, Logos & Emblems","Stiker, Logo & Lambang",FALSE,
id,Shopee,758395205,get_category,101475,100756,Covers,Sarung / Cover,FALSE,
id,Shopee,758395205,get_category,101474,100756,"Speedometers, Odometers & Gauges","Speedometers, Odometers & Gauges",FALSE,
id,Shopee,758395205,get_category,101473,100756,Carpets,Carpets,FALSE,
id,Shopee,758395205,get_category,100643,0,Books & Magazines,Books & Magazines,TRUE,
id,Shopee,758395205,get_category,100778,100643,E-Books,E-Books,FALSE,
id,Shopee,758395205,get_category,100777,100643,Books,Books,TRUE,
id,Shopee,758395205,get_category,101572,100777,Audio Books,Audio Books,FALSE,
id,Shopee,758395205,get_category,101571,100777,Baby & Soft Books,Baby & Soft Books,FALSE,
id,Shopee,758395205,get_category,100644,0,Computers & Accessories,Computers & Accessories,TRUE,
id,Shopee,758395205,get_category,101943,100644,Others,Lainnya,FALSE,
id,Shopee,758395205,get_category,101942,100644,Laptops,Laptops,FALSE,
id,Shopee,758395205,get_category,101941,100644,Keyboards & Mice,Keyboards & Mice,TRUE,
id,Shopee,758395205,get_category,102001,101941,Others,Lainnya,FALSE,
id,Shopee,758395205,get_category,102000,101941,Drawing Tablets,Drawing Tablets,FALSE,
id,Shopee,758395205,get_category,101999,101941,Keyboards,Keyboards,FALSE,
id,Shopee,758395205,get_category,101998,101941,Mice,Mice,FALSE,
id,Shopee,758395205,get_category,101940,100644,Peripherals & Accessories,Peripherals & Accessories,TRUE,
id,Shopee,758395205,get_category,101997,101940,Others,Lainnya,FALSE,
id,Shopee,758395205,get_category,101996,101940,Mouse Pads,Mouse Pads,FALSE,
id,Shopee,758395205,get_category,101995,101940,Video Conference Devices,Video Conference Devices,FALSE,
id,Shopee,758395205,get_category,101994,101940,Laptop Chargers & Adaptors,Laptop Chargers & Adaptors,FALSE,
id,Shopee,758395205,get_category,101993,101940,Laptop Batteries,Laptop Batteries,FALSE,
id,Shopee,758395205,get_category,101992,101940,Keyboard & Trackpad Covers,Keyboard & Trackpad Covers,FALSE,
id,Shopee,758395205,get_category,101991,101940,Laptop Stands & Foldable Laptop Desks,Laptop Stands & Foldable Laptop Desks,FALSE,
id,Shopee,758395205,get_category,101990,101940,Cooling Pads,Cooling Pads,FALSE,
id,Shopee,758395205,get_category,101989,101940,Laptop Skins & Covers,Laptop Skins & Covers,FALSE,
id,Shopee,758395205,get_category,101988,101940,Webcams,Webcams,FALSE,
id,Shopee,758395205,get_category,101987,101940,USB Hubs & Card Readers,USB Hubs & Card Readers,FALSE,
id,Shopee,758395205,get_category,101939,100644,Printers & Scanners,Printers & Scanners,TRUE,
id,Shopee,758395205,get_category,101986,101939,Others,Lainnya,FALSE,
id,Shopee,758395205,get_category,101985,101939,3D Printers,3D Printers,FALSE,
id,Shopee,758395205,get_category,101984,101939,Inks & Toners,Inks & Toners,FALSE,
id,Shopee,758395205,get_category,101983,101939,Thermal & Barcode Printers,Thermal & Barcode Printers,FALSE,
id,Shopee,758395205,get_category,101982,101939,"Printers, Scanners & Photocopy Machines","Printers, Scanners & Photocopy Machines",FALSE,
id,Shopee,758395205,get_category,101938,100644,Office Equipment,Office Equipment,TRUE,
id,Shopee,758395205,get_category,101981,101938,Others,Lainnya,FALSE,
id,Shopee,758395205,get_category,101980,101938,Money Counters,Money Counters,FALSE,
id,Shopee,758395205,get_category,101979,101938,Paper Shredders,Paper Shredders,FALSE,
id,Shopee,758395205,get_category,101978,101938,Absence Machines,Absence Machines,FALSE,
id,Shopee,758395205,get_category,101977,101938,Typewriters,Typewriters,FALSE,
id,Shopee,758395205,get_category,101937,100644,Softwares,Softwares,FALSE,
id,Shopee,758395205,get_category,101936,100644,Network Components,Network Components,TRUE,
id,Shopee,758395205,get_category,101976,101936,Others,Lainnya,FALSE,
id,Shopee,758395205,get_category,101975,101936,Print Servers,Print Servers,FALSE,
id,Shopee,758395205,get_category,101974,101936,KVM Switches,KVM Switches,FALSE,
id,Shopee,758395205,get_category,101973,101936,Network Cables & Connectors,Network Cables & Connectors,FALSE,
id,Shopee,758395205,get_category,101972,101936,Network Switches & PoE,Network Switches & PoE,FALSE,
id,Shopee,758395205,get_category,101971,101936,Powerline Adapters,Powerline Adapters,FALSE,
id,Shopee,758395205,get_category,101970,101936,Wireless Adapters & Network Cards,Wireless Adapters & Network Cards,FALSE,
id,Shopee,758395205,get_category,101969,101936,Repeaters,Repeaters,FALSE,
id,Shopee,758395205,get_category,101968,101936,Modems & Wireless Routers,Modems & Wireless Routers,FALSE,
id,Shopee,758395205,get_category,101935,100644,Data Storage,Data Storage,TRUE,
id,Shopee,758395205,get_category,101967,101935,Others,Lainnya,FALSE,
id,Shopee,758395205,get_category,101966,101935,Compact Discs,Compact Discs,FALSE,
id,Shopee,758395205,get_category,101965,101935,Hard Disk Casings & Dockings,Hard Disk Casings & Dockings,FALSE,
id,Shopee,758395205,get_category,101964,101935,Flash Drives & OTG,Flash Drives & OTG,FALSE,
id,Shopee,758395205,get_category,101963,101935,Network Attached Storage (NAS),Network Attached Storage (NAS),FALSE,
id,Shopee,758395205,get_category,101962,101935,SSD,SSD,FALSE,
id,Shopee,758395205,get_category,101961,101935,Hard Drives,Hard Drives,FALSE,
id,Shopee,758395205,get_category,101934,100644,Desktop & Laptop Components,Desktop & Laptop Components,TRUE,
id,Shopee,758395205,get_category,101960,101934,Others,Lainnya,FALSE,
id,Shopee,758395205,get_category,101959,101934,Sound Cards,Sound Cards,FALSE,
id,Shopee,758395205,get_category,101958,101934,Optical Drives,Optical Drives,FALSE,
id,Shopee,758395205,get_category,101957,101934,PC Cases,PC Cases,FALSE,
id,Shopee,758395205,get_category,101956,101934,UPS & Stabilizers,UPS & Stabilizers,FALSE,
id,Shopee,758395205,get_category,101955,101934,RAM,RAM,FALSE,
id,Shopee,758395205,get_category,101954,101934,Power Supply Units,Power Supply Units,FALSE,
id,Shopee,758395205,get_category,101953,101934,Thermal Paste,Thermal Paste,FALSE,
id,Shopee,758395205,get_category,101952,101934,Graphics Cards,Graphics Cards,FALSE,
id,Shopee,758395205,get_category,101951,101934,Motherboards,Motherboards,FALSE,
id,Shopee,758395205,get_category,101950,101934,Processors,Processors,FALSE,
id,Shopee,758395205,get_category,101949,101934,Fans & Heatsinks,Fans & Heatsinks,FALSE,
id,Shopee,758395205,get_category,101933,100644,Monitors,Monitor,FALSE,
id,Shopee,758395205,get_category,101932,100644,Desktop Computers,Desktop Computers,TRUE,
id,Shopee,758395205,get_category,101948,101932,Others,Lainnya,FALSE,
id,Shopee,758395205,get_category,101947,101932,All-in-One Desktops,All-in-One Desktops,FALSE,
id,Shopee,758395205,get_category,101946,101932,Server PC,Server PC,FALSE,
id,Shopee,758395205,get_category,101945,101932,Mini PC,Mini PC,FALSE,
id,Shopee,758395205,get_category,101944,101932,Desktop PC,Desktop PC,FALSE,
id,Shopee,758395205,get_category,102187,0,Spare Parts and Accessories for Vehicles,Spare Parts and Accessories for Vehicles,TRUE,
id,Shopee,758395205,get_category,102607,102187,Motorcycles,Motorcycles,FALSE,
id,Shopee,758395205,get_category,102606,102187,Automobiles,Automobiles,FALSE,
id,Shopee,758395205,get_category,102601,102187,Others,Lainnya,FALSE,
id,Shopee,758395205,get_category,102272,102187,Vehicular Care,Vehicular Care,TRUE,
id,Shopee,758395205,get_category,102612,102272,Other tire & wheel care,Other tire & wheel care,FALSE,
id,Shopee,758395205,get_category,102578,102272,Others,Lainnya,FALSE,
id,Shopee,758395205,get_category,102577,102272,Vacuum Cleaner,Vacuum Cleaner,FALSE,
id,Shopee,758395205,get_category,102576,102272,Polisher,Polisher,FALSE,
id,Shopee,758395205,get_category,102575,102272,Towels,Towels,FALSE,
id,Shopee,758395205,get_category,102574,102272,Pads,Pads,FALSE,
id,Shopee,758395205,get_category,102573,102272,Brighteners,Brighteners,FALSE,
id,Shopee,758395205,get_category,102572,102272,Fragrances,Fragrances,FALSE,
id,Shopee,758395205,get_category,102571,102272,Degreasers,Degreasers,FALSE,
id,Shopee,758395205,get_category,102570,102272,Treatments,Treatments,FALSE,
id,Shopee,758395205,get_category,102569,102272,Shampoo,Sampo,FALSE,
id,Shopee,758395205,get_category,102568,102272,Wax,Wax,FALSE,
id,Shopee,758395205,get_category,102271,102187,Vehicular Safety,Vehicular Safety,TRUE,
id,Shopee,758395205,get_category,102584,102271,Others,Lainnya,FALSE,
id,Shopee,758395205,get_category,102583,102271,Remote Control Keys,Remote Control Keys,FALSE,
id,Shopee,758395205,get_category,102582,102271,Power Locks,Power Locks,FALSE,
id,Shopee,758395205,get_category,102581,102271,Locks,Locks,FALSE,
id,Shopee,758395205,get_category,102580,102271,Wheel Nuts,Wheel Nuts,FALSE,
id,Shopee,758395205,get_category,102579,102271,Alarms and Accessories,Alarms and Accessories,FALSE,
id,Shopee,758395205,get_category,102265,102187,Vehicular Tools,Vehicular Tools,TRUE,
id,Shopee,758395205,get_category,102567,102265,Others,Lainnya,FALSE,
id,Shopee,758395205,get_category,102566,102265,Winch,Winch,FALSE,
id,Shopee,758395205,get_category,102565,102265,Tire Changer Machine,Tire Changer Machine,FALSE,
id,Shopee,758395205,get_category,102564,102265,Air Compressors,Air Compressors,FALSE,
id,Shopee,758395205,get_category,102270,102265,Wrench,Kunci Pas,TRUE,
id,Shopee,758395205,get_category,102517,102270,Others,Lainnya,FALSE,
id,Shopee,758395205,get_category,102516,102270,Combination Wrench,Combination Wrench,FALSE,
id,Shopee,758395205,get_category,102515,102270,Tire Iron,Tire Iron,FALSE,
id,Shopee,758395205,get_category,102269,102265,Measurement,Measurement,TRUE,
id,Shopee,758395205,get_category,102514,102269,Others,Lainnya,FALSE,
id,Shopee,758395205,get_category,102513,102269,Pressure Gauges,Pressure Gauges,FALSE,
id,Shopee,758395205,get_category,102268,102265,Scanning,Scanning,TRUE,
id,Shopee,758395205,get_category,102512,102268,Others,Lainnya,FALSE,
id,Shopee,758395205,get_category,102511,102268,Scanners,Scanners,FALSE,
id,Shopee,758395205,get_category,102267,102265,Battery Tools,Battery Tools,TRUE,
id,Shopee,758395205,get_category,102510,102267,Others,Lainnya,FALSE,
id,Shopee,758395205,get_category,102509,102267,Battery Testers,Battery Testers,FALSE,
id,Shopee,758395205,get_category,102508,102267,Battery Chargers,Battery Chargers,FALSE,
id,Shopee,758395205,get_category,102266,102265,Lift,Lift,TRUE,
id,Shopee,758395205,get_category,102507,102266,Others,Lainnya,FALSE,
id,Shopee,758395205,get_category,102506,102266,Automotive Lifts,Automotive Lifts,FALSE,
id,Shopee,758395205,get_category,102505,102266,Jack Stands,Jack Stands,FALSE,
id,Shopee,758395205,get_category,102504,102266,Jacks,Jacks,FALSE,
id,Shopee,758395205,get_category,102264,102187,Tires and Wheels,Tires and Wheels,TRUE,
id,Shopee,758395205,get_category,102563,102264,Others,Lainnya,FALSE,
id,Shopee,758395205,get_category,102562,102264,Truck Wheels,Truck Wheels,FALSE,
id,Shopee,758395205,get_category,102561,102264,Motorcycle Wheels,Motorcycle Wheels,FALSE,
id,Shopee,758395205,get_category,102560,102264,Automobile Wheels,Automobile Wheels,FALSE,
id,Shopee,758395205,get_category,102559,102264,Industrial Tires,Industrial Tires,FALSE,
id,Shopee,758395205,get_category,102558,102264,Bike Tires,Bike Tires,FALSE,
id,Shopee,758395205,get_category,102557,102264,Quad Bike Tires,Quad Bike Tires,FALSE,
id,Shopee,758395205,get_category,102556,102264,Agriculture Tires,Agriculture Tires,FALSE,
id,Shopee,758395205,get_category,102555,102264,Inner Tubes for Tires,Inner Tubes for Tires,FALSE,
id,Shopee,758395205,get_category,102554,102264,Truck Tires,Truck Tires,FALSE,
id,Shopee,758395205,get_category,102553,102264,Motorcycle Tires,Motorcycle Tires,FALSE,
id,Shopee,758395205,get_category,102552,102264,Automobile Tires,Automobile Tires,FALSE,
id,Shopee,758395205,get_category,102260,102187,Accessories for Motorcycles,Accessories for Motorcycles,TRUE,
id,Shopee,758395205,get_category,102611,102260,Motorcycle Helmet Camera,Motorcycle Helmet Camera,FALSE,
id,Shopee,758395205,get_category,102610,102260,Phone Holders,Dudukan Ponsel,FALSE,
id,Shopee,758395205,get_category,102551,102260,Others,Lainnya,FALSE,
id,Shopee,758395205,get_category,102550,102260,Stickers and Emblems,Stickers and Emblems,FALSE,
id,Shopee,758395205,get_category,102549,102260,Backpacks,Ransel,FALSE,
id,Shopee,758395205,get_category,102548,102260,Hand Guards,Hand Guards,FALSE,
id,Shopee,758395205,get_category,102547,102260,Saddlebags,Saddlebags,FALSE,
id,Shopee,758395205,get_category,102546,102260,Frame Sliders,Frame Sliders,FALSE,
id,Shopee,758395205,get_category,102545,102260,Windshield,Kaca Depan,FALSE,
id,Shopee,758395205,get_category,102544,102260,Helmet Visor Shields,Helmet Visor Shields,FALSE,
id,Shopee,758395205,get_category,102543,102260,Intercom,Intercom,FALSE,
id,Shopee,758395205,get_category,102542,102260,Panel and Speedometer,Panel and Speedometer,FALSE,
id,Shopee,758395205,get_category,102541,102260,Helmets,Helmets,FALSE,
id,Shopee,758395205,get_category,102540,102260,Engine Protector,Engine Protector,FALSE,
id,Shopee,758395205,get_category,102263,102260,Covers,Sarung / Cover,TRUE,
id,Shopee,758395205,get_category,102503,102263,Others,Lainnya,FALSE,
id,Shopee,758395205,get_category,102502,102263,Seat Covers,Seat Covers,FALSE,
id,Shopee,758395205,get_category,102501,102263,Motorcycles Covers,Motorcycles Covers,FALSE,
id,Shopee,758395205,get_category,102262,102260,Cases,Cases,TRUE,
id,Shopee,758395205,get_category,102500,102262,Others,Lainnya,FALSE,
id,Shopee,758395205,get_category,102499,102262,Side Cases,Side Cases,FALSE,
id,Shopee,758395205,get_category,102498,102262,Luggage Racks,Luggage Racks,FALSE,
id,Shopee,758395205,get_category,102497,102262,Back Top Cases,Back Top Cases,FALSE,
id,Shopee,758395205,get_category,102261,102260,Clothing and Boots,Clothing and Boots,TRUE,
id,Shopee,758395205,get_category,102496,102261,Others,Lainnya,FALSE,
id,Shopee,758395205,get_category,102495,102261,Protection Gear,Protection Gear,FALSE,
id,Shopee,758395205,get_category,102494,102261,Accessories,Accessories,FALSE,
id,Shopee,758395205,get_category,102493,102261,Boots,Sepatu Bot,FALSE,
id,Shopee,758395205,get_category,102492,102261,Jackets,Jaket,FALSE,
id,Shopee,758395205,get_category,102491,102261,Rain Suit,Rain Suit,FALSE,
id,Shopee,758395205,get_category,102251,102187,Spare Parts for Motorcycles,Spare Parts for Motorcycles,TRUE,
id,Shopee,758395205,get_category,102539,102251,Others,Lainnya,FALSE,
id,Shopee,758395205,get_category,102538,102251,Batteries,Baterai,FALSE,
id,Shopee,758395205,get_category,102537,102251,Side Mirrors,Spion Samping,FALSE,
id,Shopee,758395205,get_category,102259,102251,Additive and Lubricant,Aditif & Pelumas,TRUE,
id,Shopee,758395205,get_category,102490,102259,Engine Oil,Engine Oil,FALSE,
id,Shopee,758395205,get_category,102258,102251,Filters,Filter,TRUE,
id,Shopee,758395205,get_category,102489,102258,Others,Lainnya,FALSE,
id,Shopee,758395205,get_category,102488,102258,Filters Kit,Filters Kit,FALSE,
id,Shopee,758395205,get_category,102487,102258,Oil Filters,Filter Oli,FALSE,
id,Shopee,758395205,get_category,102486,102258,Air Filters,Filter Udara,FALSE,
id,Shopee,758395205,get_category,102257,102251,Ignition,Pengapian,TRUE,
id,Shopee,758395205,get_category,102485,102257,Others,Lainnya,FALSE,
id,Shopee,758395205,get_category,102484,102257,Ignition Coil,Koil Pengapian,FALSE,
id,Shopee,758395205,get_category,102483,102257,Spark Plugs,Busi,FALSE,
id,Shopee,758395205,get_category,102482,102257,Ignition Switches,Ignition Switches,FALSE,
id,Shopee,758395205,get_category,102481,102257,CDI,CDI,FALSE,
id,Shopee,758395205,get_category,102256,102251,Lighting,Pencahayaan,TRUE,
id,Shopee,758395205,get_category,102480,102256,Others,Lainnya,FALSE,
id,Shopee,758395205,get_category,102479,102256,Low Beam Headlights,Low Beam Headlights,FALSE,
id,Shopee,758395205,get_category,102478,102256,Headlights,Headlights,FALSE,
id,Shopee,758395205,get_category,102477,102256,Turn Signal Lights,Turn Signal Lights,FALSE,
id,Shopee,758395205,get_category,102255,102251,Exhaust and Muffler,Exhaust and Muffler,TRUE,
id,Shopee,758395205,get_category,102476,102255,Others,Lainnya,FALSE,
id,Shopee,758395205,get_category,102475,102255,Muffler,Muffler,FALSE,
id,Shopee,758395205,get_category,102474,102255,Exhaust,Knalpot,FALSE,
id,Shopee,758395205,get_category,102254,102251,Transmission,Transmisi,TRUE,
id,Shopee,758395205,get_category,102473,102254,Others,Lainnya,FALSE,
id,Shopee,758395205,get_category,102472,102254,Drive Belts,Drive Belts,FALSE,
id,Shopee,758395205,get_category,102471,102254,Gear Shaft,Gear Shaft,FALSE,
id,Shopee,758395205,get_category,102470,102254,Gear Box,Gear Box,FALSE,
id,Shopee,758395205,get_category,102469,102254,Sprockets,Sprockets,FALSE,
id,Shopee,758395205,get_category,102468,102254,Clutches,Tas Tangan (Clutch),FALSE,
id,Shopee,758395205,get_category,102467,102254,Transmission Kit,Transmission Kit,FALSE,
id,Shopee,758395205,get_category,102253,102251,Engine,Mesin,TRUE,
id,Shopee,758395205,get_category,102466,102253,Others,Lainnya,FALSE,
id,Shopee,758395205,get_category,102465,102253,Oil Pump,Oil Pump,FALSE,
id,Shopee,758395205,get_category,102464,102253,Timing Chain Tensioner,Timing Chain Tensioner,FALSE,
id,Shopee,758395205,get_category,102463,102253,Regulator Rectifier,Regulator Rectifier,FALSE,
id,Shopee,758395205,get_category,102462,102253,Connecting Rod,Connecting Rod,FALSE,
id,Shopee,758395205,get_category,102461,102253,Camshafts,Camshafts,FALSE,
id,Shopee,758395205,get_category,102460,102253,Stators,Stators,FALSE,
id,Shopee,758395205,get_category,102459,102253,Drive Chains,Drive Chains,FALSE,
id,Shopee,758395205,get_category,102458,102253,Pistons,Piston,FALSE,
id,Shopee,758395205,get_category,102457,102253,Starter Motor Spare Parts,Starter Motor Spare Parts,FALSE,
id,Shopee,758395205,get_category,102456,102253,Cylinder Head,Cylinder Head,FALSE,
id,Shopee,758395205,get_category,102455,102253,Carburetors,Karburator,FALSE,
id,Shopee,758395205,get_category,102454,102253,Cylinders,Cylinders,FALSE,
id,Shopee,758395205,get_category,102252,102251,Chassis,Chassis,TRUE,
id,Shopee,758395205,get_category,102453,102252,Others,Lainnya,FALSE,
id,Shopee,758395205,get_category,102452,102252,Fuel Tank,Tangki Bahan Bakar,FALSE,
id,Shopee,758395205,get_category,102451,102252,Seat Handles,Seat Handles,FALSE,
id,Shopee,758395205,get_category,102450,102252,Engine Guards,Engine Guards,FALSE,
id,Shopee,758395205,get_category,102449,102252,Handlebar Grips,Handlebar Grips,FALSE,
id,Shopee,758395205,get_category,102448,102252,Foot Pegs,Foot Pegs,FALSE,
id,Shopee,758395205,get_category,102447,102252,Spokes,Spokes,FALSE,
id,Shopee,758395205,get_category,102446,102252,Wheel Hub,Hub Roda,FALSE,
id,Shopee,758395205,get_category,102445,102252,Fuel Tank Cap,Fuel Tank Cap,FALSE,
id,Shopee,758395205,get_category,102444,102252,License Plate Mount,License Plate Mount,FALSE,
id,Shopee,758395205,get_category,102443,102252,Seats,Seats,FALSE,
id,Shopee,758395205,get_category,102442,102252,Wires,Kabel,FALSE,
id,Shopee,758395205,get_category,102441,102252,Handles,Handles,FALSE,
id,Shopee,758395205,get_category,102440,102252,Wrench,Kunci Pas,FALSE,
id,Shopee,758395205,get_category,102439,102252,Fork Tubes,Fork Tubes,FALSE,
id,Shopee,758395205,get_category,102438,102252,Stands,Stands,FALSE,
id,Shopee,758395205,get_category,102437,102252,Fenders,Spakbor (Fender),FALSE,
id,Shopee,758395205,get_category,102436,102252,Handlebars and Components,Handlebars and Components,FALSE,
id,Shopee,758395205,get_category,102435,102252,Brakes,Rem,FALSE,
id,Shopee,758395205,get_category,102434,102252,Shock Absorbers,Peredam Kejut (Shockbreaker),FALSE,
id,Shopee,758395205,get_category,102433,102252,Plastics Kit,Plastics Kit,FALSE,
id,Shopee,758395205,get_category,102249,102187,Internal Accessories for Automobiles,Internal Accessories for Automobiles,TRUE,
id,Shopee,758395205,get_category,102528,102249,Others,Lainnya,FALSE,
id,Shopee,758395205,get_category,102527,102249,GPS Navigators,GPS Navigators,FALSE,
id,Shopee,758395205,get_category,102526,102249,Car Cameras,Car Cameras,FALSE,
id,Shopee,758395205,get_category,102525,102249,Bluetooth Transmitters,Bluetooth Transmitters,FALSE,
id,Shopee,758395205,get_category,102524,102249,Phone Chargers and Holders,Phone Chargers and Holders,FALSE,
id,Shopee,758395205,get_category,102523,102249,Keychain and Key Covers,Keychain and Key Covers,FALSE,
id,Shopee,758395205,get_category,102522,102249,Steering Wheel Cover,Steering Wheel Cover,FALSE,
id,Shopee,758395205,get_category,102521,102249,Sun Shade,Sun Shade,FALSE,
id,Shopee,758395205,get_category,102520,102249,Cup Holder and Organizers,Cup Holder and Organizers,FALSE,
id,Shopee,758395205,get_category,102519,102249,Seat Cover,Seat Cover,FALSE,
id,Shopee,758395205,get_category,102518,102249,Car Mat,Car Mat,FALSE,
id,Shopee,758395205,get_category,102250,102249,Car Audio System,Car Audio System,TRUE,
id,Shopee,758395205,get_category,102595,102250,Speakers & Boxes,Speakers & Boxes,FALSE,
id,Shopee,758395205,get_category,102414,102250,Others,Lainnya,FALSE,
id,Shopee,758395205,get_category,102413,102250,Remote Control,Remote Control,FALSE,
id,Shopee,758395205,get_category,102412,102250,Antennas,Antena,FALSE,
id,Shopee,758395205,get_category,102411,102250,Drivers,Drivers,FALSE,
id,Shopee,758395205,get_category,102410,102250,Speakers,Speaker,FALSE,
id,Shopee,758395205,get_category,102409,102250,Amplifier Modules,Amplifier Modules,FALSE,
id,Shopee,758395205,get_category,102408,102250,Players,Players,FALSE,
id,Shopee,758395205,get_category,102243,102187,External Accessories for Automobiles,External Accessories for Automobiles,TRUE,
id,Shopee,758395205,get_category,102536,102243,Others,Lainnya,FALSE,
id,Shopee,758395205,get_category,102535,102243,Parking Cameras and Sensors,Parking Cameras and Sensors,FALSE,
id,Shopee,758395205,get_category,102534,102243,Wheel Spacer,Wheel Spacer,FALSE,
id,Shopee,758395205,get_category,102533,102243,Mud Flaps,Mud Flaps,FALSE,
id,Shopee,758395205,get_category,102532,102243,Fender Flares,Fender Flares,FALSE,
id,Shopee,758395205,get_category,102531,102243,Deflectors,Deflectors,FALSE,
id,Shopee,758395205,get_category,102530,102243,Running Boards,Running Boards,FALSE,
id,Shopee,758395205,get_category,102529,102243,Wheel Cover,Wheel Cover,FALSE,
id,Shopee,758395205,get_category,102248,102243,Tuning,Tuning,TRUE,
id,Shopee,758395205,get_category,102432,102248,Others,Lainnya,FALSE,
id,Shopee,758395205,get_category,102431,102248,Internal Tuning,Internal Tuning,FALSE,
id,Shopee,758395205,get_category,102430,102248,Paints,Paints,FALSE,
id,Shopee,758395205,get_category,102429,102248,Stickers,Stickers,FALSE,
id,Shopee,758395205,get_category,102428,102248,Lighting,Pencahayaan,FALSE,
id,Shopee,758395205,get_category,102247,102243,Racks and Cargo Carrier,Racks and Cargo Carrier,TRUE,
id,Shopee,758395205,get_category,102427,102247,Others,Lainnya,FALSE,
id,Shopee,758395205,get_category,102426,102247,Cargo Carriers,Cargo Carriers,FALSE,
id,Shopee,758395205,get_category,102425,102247,Racks and Crossbars,Racks and Crossbars,FALSE,
id,Shopee,758395205,get_category,102246,102243,Covers,Sarung / Cover,TRUE,
id,Shopee,758395205,get_category,102424,102246,Others,Lainnya,FALSE,
id,Shopee,758395205,get_category,102423,102246,Front End Covers,Front End Covers,FALSE,
id,Shopee,758395205,get_category,102422,102246,Car Covers,Car Covers,FALSE,
id,Shopee,758395205,get_category,102245,102243,Hitch,Hitch,TRUE,
id,Shopee,758395205,get_category,102421,102245,Others,Lainnya,FALSE,
id,Shopee,758395205,get_category,102420,102245,Hitch Ball,Hitch Ball,FALSE,
id,Shopee,758395205,get_category,102419,102245,Hitch Latch,Hitch Latch,FALSE,
id,Shopee,758395205,get_category,102418,102245,Hitch Kits,Hitch Kits,FALSE,
id,Shopee,758395205,get_category,102244,102243,Tailgate Accessories,Tailgate Accessories,TRUE,
id,Shopee,758395205,get_category,102417,102244,Others,Lainnya,FALSE,
id,Shopee,758395205,get_category,102416,102244,Roll Bar,Roll Bar,FALSE,
id,Shopee,758395205,get_category,102415,102244,Bed Tonneau Cover,Bed Tonneau Cover,FALSE,
id,Shopee,758395205,get_category,102224,102187,Spare Parts for Automobiles,Spare Parts for Automobiles,TRUE,
id,Shopee,758395205,get_category,102242,102224,Others,Lainnya,FALSE,
id,Shopee,758395205,get_category,102241,102224,CNG,CNG,TRUE,
id,Shopee,758395205,get_category,102407,102241,Others,Lainnya,FALSE,
id,Shopee,758395205,get_category,102406,102241,Gas Kit,Gas Kit,FALSE,
id,Shopee,758395205,get_category,102405,102241,Spare Parts,Spare Parts,FALSE,
id,Shopee,758395205,get_category,102240,102224,External Parts,External Parts,TRUE,
id,Shopee,758395205,get_category,102404,102240,Others,Lainnya,FALSE,
id,Shopee,758395205,get_category,102403,102240,Wiper Fluid Reservoir,Wiper Fluid Reservoir,FALSE,
id,Shopee,758395205,get_category,102402,102240,Nut Covers,Nut Covers,FALSE,
id,Shopee,758395205,get_category,102401,102240,Wiper Arms,Wiper Arms,FALSE,
id,Shopee,758395205,get_category,102400,102240,Wiper Motor,Wiper Motor,FALSE,
id,Shopee,758395205,get_category,102399,102240,Horns,Horns,FALSE,
id,Shopee,758395205,get_category,102398,102240,Gas Struts,Gas Struts,FALSE,
id,Shopee,758395205,get_category,102397,102240,Emblems,Emblems,FALSE,
id,Shopee,758395205,get_category,102396,102240,Wiper Blades,Wiper Blades,FALSE,
id,Shopee,758395205,get_category,102395,102240,Rubbers,Rubbers,FALSE,
id,Shopee,758395205,get_category,102239,102224,Internal Parts,Internal Parts,TRUE,
id,Shopee,758395205,get_category,102394,102239,Others,Lainnya,FALSE,
id,Shopee,758395205,get_category,102393,102239,Pedals,Pedals,FALSE,
id,Shopee,758395205,get_category,102392,102239,Rear View Mirror,Rear View Mirror,FALSE,
id,Shopee,758395205,get_category,102391,102239,Glove Compartment,Glove Compartment,FALSE,
id,Shopee,758395205,get_category,102390,102239,Interior Lights,Interior Lights,FALSE,
id,Shopee,758395205,get_category,102389,102239,Gear Boot Cover,Gear Boot Cover,FALSE,
id,Shopee,758395205,get_category,102388,102239,Stick Shift,Tuas Transmisi,FALSE,
id,Shopee,758395205,get_category,102387,102239,Wires,Kabel,FALSE,
id,Shopee,758395205,get_category,102386,102239,Handbrake Lever,Handbrake Lever,FALSE,
id,Shopee,758395205,get_category,102385,102239,Levers and Handles,Levers and Handles,FALSE,
id,Shopee,758395205,get_category,102384,102239,Door Panel,Door Panel,FALSE,
id,Shopee,758395205,get_category,102383,102239,Trunk Interior Cover,Trunk Interior Cover,FALSE,
id,Shopee,758395205,get_category,102382,102239,Shift Knobs,Shift Knobs,FALSE,
id,Shopee,758395205,get_category,102381,102239,Air Vents,Air Vents,FALSE,
id,Shopee,758395205,get_category,102380,102239,Arm Rest,Arm Rest,FALSE,
id,Shopee,758395205,get_category,102379,102239,Steering Wheel,Steering Wheel,FALSE,
id,Shopee,758395205,get_category,102378,102239,Switches and Buttons,Switches and Buttons,FALSE,
id,Shopee,758395205,get_category,102238,102224,Additive and Lubricant,Aditif & Pelumas,TRUE,
id,Shopee,758395205,get_category,102377,102238,Others,Lainnya,FALSE,
id,Shopee,758395205,get_category,102376,102238,Lubricant,Lubricant,FALSE,
id,Shopee,758395205,get_category,102375,102238,Additive,Additive,FALSE,
id,Shopee,758395205,get_category,102237,102224,Glass,Glass,TRUE,
id,Shopee,758395205,get_category,102374,102237,Others,Lainnya,FALSE,
id,Shopee,758395205,get_category,102373,102237,Windshield,Kaca Depan,FALSE,
id,Shopee,758395205,get_category,102372,102237,Rear Windshield,Rear Windshield,FALSE,
id,Shopee,758395205,get_category,102371,102237,Door Glass,Door Glass,FALSE,
id,Shopee,758395205,get_category,102370,102237,Electric Power Window Roll-up,Electric Power Window Roll-up,FALSE,
id,Shopee,758395205,get_category,102236,102224,Transmission,Transmisi,TRUE,
id,Shopee,758395205,get_category,102369,102236,Others,Lainnya,FALSE,
id,Shopee,758395205,get_category,102368,102236,Tripod Joint,Tripod Joint,FALSE,
id,Shopee,758395205,get_category,102367,102236,Bearings and Half-axles,Bearings and Half-axles,FALSE,
id,Shopee,758395205,get_category,102366,102236,Bearing Retainer,Bearing Retainer,FALSE,
id,Shopee,758395205,get_category,102365,102236,Selector Valve and Wires,Selector Valve and Wires,FALSE,
id,Shopee,758395205,get_category,102364,102236,Stick Shift,Tuas Transmisi,FALSE,
id,Shopee,758395205,get_category,102363,102236,Clutches,Tas Tangan (Clutch),FALSE,
id,Shopee,758395205,get_category,102235,102224,Air Conditioning,Air Conditioning,TRUE,
id,Shopee,758395205,get_category,102362,102235,Others,Lainnya,FALSE,
id,Shopee,758395205,get_category,102361,102235,Heating,Heating,FALSE,
id,Shopee,758395205,get_category,102360,102235,Air Conditioner,Air Conditioner,FALSE,
id,Shopee,758395205,get_category,102234,102224,Filters,Filter,TRUE,
id,Shopee,758395205,get_category,102359,102234,Others,Lainnya,FALSE,
id,Shopee,758395205,get_category,102358,102234,Oil Filters,Filter Oli,FALSE,
id,Shopee,758395205,get_category,102357,102234,Fuel Filters,Fuel Filters,FALSE,
id,Shopee,758395205,get_category,102356,102234,Air Filters,Filter Udara,FALSE,
id,Shopee,758395205,get_category,102355,102234,Filters Kit,Filters Kit,FALSE,
id,Shopee,758395205,get_category,102233,102224,Exhaust,Knalpot,TRUE,
id,Shopee,758395205,get_category,102354,102233,Others,Lainnya,FALSE,
id,Shopee,758395205,get_category,102353,102233,Exhaust Tip,Exhaust Tip,FALSE,
id,Shopee,758395205,get_category,102352,102233,Catalytic Converter,Catalytic Converter,FALSE,
id,Shopee,758395205,get_category,102232,102224,Ignition,Pengapian,TRUE,
id,Shopee,758395205,get_category,102351,102232,Others,Lainnya,FALSE,
id,Shopee,758395205,get_category,102350,102232,Distributors,Distributors,FALSE,
id,Shopee,758395205,get_category,102349,102232,Spark Plugs Wires,Spark Plugs Wires,FALSE,
id,Shopee,758395205,get_category,102348,102232,Spark Plugs,Busi,FALSE,
id,Shopee,758395205,get_category,102347,102232,Starter Motor,Starter Motor,FALSE,
id,Shopee,758395205,get_category,102346,102232,Alternators,Alternators,FALSE,
id,Shopee,758395205,get_category,102345,102232,Ignition Coil,Koil Pengapian,FALSE,
id,Shopee,758395205,get_category,102231,102224,Injection,Injection,TRUE,
id,Shopee,758395205,get_category,102344,102231,Others,Lainnya,FALSE,
id,Shopee,758395205,get_category,102343,102231,Idle Air Control Actuator,Idle Air Control Actuator,FALSE,
id,Shopee,758395205,get_category,102342,102231,EGR Valve,EGR Valve,FALSE,
id,Shopee,758395205,get_category,102341,102231,Pressure Regulator,Pressure Regulator,FALSE,
id,Shopee,758395205,get_category,102340,102231,Lambda Sensor,Lambda Sensor,FALSE,
id,Shopee,758395205,get_category,102339,102231,Throttle Body,Throttle Body,FALSE,
id,Shopee,758395205,get_category,102338,102231,Injection Control Module,Injection Control Module,FALSE,
id,Shopee,758395205,get_category,102337,102231,Sensors,Sensors,FALSE,
id,Shopee,758395205,get_category,102336,102231,Fuel Injectors,Fuel Injectors,FALSE,
id,Shopee,758395205,get_category,102230,102224,Suspension and Steering,Suspension and Steering,TRUE,
id,Shopee,758395205,get_category,102335,102230,Others,Lainnya,FALSE,
id,Shopee,758395205,get_category,102334,102230,Tie Rod End,Tie Rod End,FALSE,
id,Shopee,758395205,get_category,102333,102230,Sway Bars,Sway Bars,FALSE,
id,Shopee,758395205,get_category,102332,102230,Stabilizer Links,Stabilizer Links,FALSE,
id,Shopee,758395205,get_category,102331,102230,Bearings,Bearings,FALSE,
id,Shopee,758395205,get_category,102330,102230,Rubber-metal Buffer,Rubber-metal Buffer,FALSE,
id,Shopee,758395205,get_category,102329,102230,Wheel Hub,Hub Roda,FALSE,
id,Shopee,758395205,get_category,102328,102230,Ball Joint,Ball Joint,FALSE,
id,Shopee,758395205,get_category,102327,102230,Hydraulic Pump,Hydraulic Pump,FALSE,
id,Shopee,758395205,get_category,102326,102230,Springs,Springs,FALSE,
id,Shopee,758395205,get_category,102325,102230,Drive shafts,Drive shafts,FALSE,
id,Shopee,758395205,get_category,102324,102230,Suspension Mounts,Suspension Mounts,FALSE,
id,Shopee,758395205,get_category,102323,102230,Control and Suspension Arms,Control and Suspension Arms,FALSE,
id,Shopee,758395205,get_category,102322,102230,Bushes,Bushes,FALSE,
id,Shopee,758395205,get_category,102321,102230,Steering Gear,Steering Gear,FALSE,
id,Shopee,758395205,get_category,102320,102230,Shock Absorbers,Peredam Kejut (Shockbreaker),FALSE,
id,Shopee,758395205,get_category,102229,102224,Brakes,Rem,TRUE,
id,Shopee,758395205,get_category,102319,102229,Others,Lainnya,FALSE,
id,Shopee,758395205,get_category,102318,102229,Brake Pumps,Brake Pumps,FALSE,
id,Shopee,758395205,get_category,102317,102229,Brake Hoses,Brake Hoses,FALSE,
id,Shopee,758395205,get_category,102316,102229,Brake Drum,Brake Drum,FALSE,
id,Shopee,758395205,get_category,102315,102229,Brake Kit,Brake Kit,FALSE,
id,Shopee,758395205,get_category,102314,102229,Brake Calipers,Brake Calipers,FALSE,
id,Shopee,758395205,get_category,102313,102229,Handbrake Cable,Handbrake Cable,FALSE,
id,Shopee,758395205,get_category,102312,102229,Brake Shoe,Brake Shoe,FALSE,
id,Shopee,758395205,get_category,102311,102229,Brake Servo,Brake Servo,FALSE,
id,Shopee,758395205,get_category,102310,102229,ABS Sensor,ABS Sensor,FALSE,
id,Shopee,758395205,get_category,102309,102229,Brake Discs,Brake Discs,FALSE,
id,Shopee,758395205,get_category,102308,102229,Brake Cylinders,Brake Cylinders,FALSE,
id,Shopee,758395205,get_category,102307,102229,Brake Pads,Brake Pads,FALSE,
id,Shopee,758395205,get_category,102228,102224,Electrical System,Electrical System,TRUE,
id,Shopee,758395205,get_category,102306,102228,Others,Lainnya,FALSE,
id,Shopee,758395205,get_category,102305,102228,Batteries,Baterai,FALSE,
id,Shopee,758395205,get_category,102304,102228,Fuses,Fuses,FALSE,
id,Shopee,758395205,get_category,102303,102228,Electrical System,Electrical System,FALSE,
id,Shopee,758395205,get_category,102227,102224,Lighting,Pencahayaan,TRUE,
id,Shopee,758395205,get_category,102302,102227,Others,Lainnya,FALSE,
id,Shopee,758395205,get_category,102301,102227,Bulbs,Bulbs,FALSE,
id,Shopee,758395205,get_category,102300,102227,Lenses,Lenses,FALSE,
id,Shopee,758395205,get_category,102299,102227,Fog Lights,Fog Lights,FALSE,
id,Shopee,758395205,get_category,102298,102227,Taillights,Taillights,FALSE,
id,Shopee,758395205,get_category,102297,102227,Headlights and Front Kit,Headlights and Front Kit,FALSE,
id,Shopee,758395205,get_category,102226,102224,Body,Body,TRUE,
id,Shopee,758395205,get_category,102296,102226,Others,Lainnya,FALSE,
id,Shopee,758395205,get_category,102295,102226,Fog Light Covers,Fog Light Covers,FALSE,
id,Shopee,758395205,get_category,102294,102226,Body Side Molding,Body Side Molding,FALSE,
id,Shopee,758395205,get_category,102293,102226,Fenders,Spakbor (Fender),FALSE,
id,Shopee,758395205,get_category,102292,102226,Fuel Tank,Tangki Bahan Bakar,FALSE,
id,Shopee,758395205,get_category,102291,102226,Car Door Handle,Car Door Handle,FALSE,
id,Shopee,758395205,get_category,102290,102226,Door and Dashboard,Door and Dashboard,FALSE,
id,Shopee,758395205,get_category,102289,102226,Bumper Racks,Bumper Racks,FALSE,
id,Shopee,758395205,get_category,102288,102226,Bumper Support Brackets,Bumper Support Brackets,FALSE,
id,Shopee,758395205,get_category,102287,102226,Bumper Grilles,Bumper Grilles,FALSE,
id,Shopee,758395205,get_category,102286,102226,Bumpers,Bumpers,FALSE,
id,Shopee,758395205,get_category,102285,102226,Side Mirrors,Spion Samping,FALSE,
id,Shopee,758395205,get_category,102225,102224,Engine,Mesin,TRUE,
id,Shopee,758395205,get_category,102284,102225,Others,Lainnya,FALSE,
id,Shopee,758395205,get_category,102283,102225,Pistons,Piston,FALSE,
id,Shopee,758395205,get_category,102282,102225,Carburetors,Karburator,FALSE,
id,Shopee,758395205,get_category,102281,102225,Turbines,Turbines,FALSE,
id,Shopee,758395205,get_category,102280,102225,Engine Mounts,Engine Mounts,FALSE,
id,Shopee,758395205,get_category,102279,102225,Hoses,Hoses,FALSE,
id,Shopee,758395205,get_category,102278,102225,Distribution and Belts,Distribution and Belts,FALSE,
id,Shopee,758395205,get_category,102277,102225,Gasket Sets,Gasket Sets,FALSE,
id,Shopee,758395205,get_category,102276,102225,Pumps,Pumps,FALSE,
id,Shopee,758395205,get_category,102275,102225,Thermatic Fans,Thermatic Fans,FALSE,
id,Shopee,758395205,get_category,102274,102225,Radiators,Radiators,FALSE,
id,Shopee,758395205,get_category,102273,102225,Engine Components,Engine Components,FALSE,
id,Shopee,758395205,get_category,102188,102187,Heavy Duty and Boats,Heavy Duty and Boats,TRUE,
id,Shopee,758395205,get_category,102211,102188,Accessories for Boats,Accessories for Boats,TRUE,
id,Shopee,758395205,get_category,102221,102211,Others,Lainnya,FALSE,
id,Shopee,758395205,get_category,102220,102211,Cleaning and Maintenance,Cleaning and Maintenance,FALSE,
id,Shopee,758395205,get_category,102219,102211,Safety and Rescue,Safety and Rescue,FALSE,
id,Shopee,758395205,get_category,102218,102211,Navigation Systems,Navigation Systems,FALSE,
id,Shopee,758395205,get_category,102217,102211,Cabin Interior,Cabin Interior,FALSE,
id,Shopee,758395205,get_category,102216,102211,Protection and Transport,Protection and Transport,FALSE,
id,Shopee,758395205,get_category,102215,102211,Lighting,Pencahayaan,FALSE,
id,Shopee,758395205,get_category,102214,102211,Anchoring and Mooring,Anchoring and Mooring,FALSE,
id,Shopee,758395205,get_category,102212,102211,Water Pumps and Filters,Water Pumps and Filters,FALSE,
id,Shopee,758395205,get_category,102204,102188,Spare Parts for Boats,Spare Parts for Boats,TRUE,
id,Shopee,758395205,get_category,102603,102204,Sailing,Sailing,FALSE,
id,Shopee,758395205,get_category,102210,102204,Others,Lainnya,FALSE,
id,Shopee,758395205,get_category,102209,102204,Hardware and Fasteners,Hardware and Fasteners,FALSE,
id,Shopee,758395205,get_category,102207,102204,Control and Navigation,Control and Navigation,FALSE,
id,Shopee,758395205,get_category,102206,102204,Deck and Cabin,Deck and Cabin,FALSE,
id,Shopee,758395205,get_category,102205,102204,Engine and Spare Parts,Engine and Spare Parts,FALSE,
id,Shopee,758395205,get_category,102200,102188,Accessories for Heavy Duty Vehicles,Accessories for Heavy Duty Vehicles,TRUE,
id,Shopee,758395205,get_category,102203,102200,Others,Lainnya,FALSE,
id,Shopee,758395205,get_category,102202,102200,Cabin Exterior,Cabin Exterior,FALSE,
id,Shopee,758395205,get_category,102201,102200,Cabin Interior,Cabin Interior,FALSE,
id,Shopee,758395205,get_category,102189,102188,Spare Parts for Heavy Duty Vehicles,Spare Parts for Heavy Duty Vehicles,TRUE,
id,Shopee,758395205,get_category,102199,102189,Others,Lainnya,FALSE,
id,Shopee,758395205,get_category,102198,102189,Body,Body,FALSE,
id,Shopee,758395205,get_category,102197,102189,Filters,Filter,FALSE,
id,Shopee,758395205,get_category,102196,102189,Cooling System,Cooling System,FALSE,
id,Shopee,758395205,get_category,102195,102189,Engine,Mesin,FALSE,
id,Shopee,758395205,get_category,102194,102189,Brakes,Rem,FALSE,
id,Shopee,758395205,get_category,102192,102189,Suspension and Steering,Suspension and Steering,FALSE,
id,Shopee,758395205,get_category,102191,102189,Lighting,Pencahayaan,FALSE,
id,Shopee,758395205,get_category,102190,102189,Exterior Parts,Exterior Parts,FALSE,
vn,Shopee,758395205,get_category,100017,0,Women Clothes,Thời Trang Nữ,True,
vn,Shopee,758395205,get_category,100118,100017,Socks & Stockings,Vớ/ Tất,True,
vn,Shopee,758395205,get_category,100419,100118,Others,Khác,False,
vn,Shopee,758395205,get_category,100418,100118,Pantyhose,Quần tất,False,
vn,Shopee,758395205,get_category,100417,100118,Socks,Tất,False,
vn,Shopee,758395205,get_category,100117,100017,Fabric,Vải,True,
vn,Shopee,758395205,get_category,100416,100117,Others,Khác,False,
vn,Shopee,758395205,get_category,100413,100117,Canvas,Vải canvas,False,
vn,Shopee,758395205,get_category,100412,100117,Denim,Vải denim,False,
vn,Shopee,758395205,get_category,100411,100117,Vinyl & Nylon,Vải nylon,False,
vn,Shopee,758395205,get_category,100410,100117,Leather,Vải da,False,
vn,Shopee,758395205,get_category,100409,100117,"Velvet, Silk & Satin","Vải nhung, lụa, satin",False,
vn,Shopee,758395205,get_category,100408,100117,Wool,Vải len,False,
vn,Shopee,758395205,get_category,100407,100117,Cotton,Vải cotton,False,
vn,Shopee,758395205,get_category,100116,100017,Others,Khác,False,
vn,Shopee,758395205,get_category,100115,100017,Costumes,Đồ hóa trang,False,
vn,Shopee,758395205,get_category,100114,100017,Traditional Wear,Đồ truyền thống,True,
vn,Shopee,758395205,get_category,100404,100114,Others,Khác,False,
vn,Shopee,758395205,get_category,100403,100114,Dresses,Đầm,False,
vn,Shopee,758395205,get_category,100402,100114,Sets,Bộ,False,
vn,Shopee,758395205,get_category,100401,100114,Bottoms,Quần và chân váy,False,
vn,Shopee,758395205,get_category,100400,100114,Tops,Áo,False,
vn,Shopee,758395205,get_category,100113,100017,Maternity Wear,Đồ Bầu,True,
vn,Shopee,758395205,get_category,100399,100113,Others,Khác,False,
vn,Shopee,758395205,get_category,100398,100113,Maternity Bottoms,"Quần bầu, Váy bầu",False,
vn,Shopee,758395205,get_category,100397,100113,Maternity Sets,Bộ đồ bầu,False,
vn,Shopee,758395205,get_category,100396,100113,Breastfeeding Wear,Đồ mặc cho con bú,False,
vn,Shopee,758395205,get_category,100395,100113,Maternity Tops,Áo bầu,False,
vn,Shopee,758395205,get_category,100394,100113,Maternity Dresses,Đầm bầu,False,
vn,Shopee,758395205,get_category,100393,100113,Nursing Bras,Áo ngực cho con bú,False,
vn,Shopee,758395205,get_category,100112,100017,Sleepwear & Pajamas,Đồ ngủ,True,
vn,Shopee,758395205,get_category,100392,100112,Others,Khác,False,
vn,Shopee,758395205,get_category,100391,100112,Kimonos & Robes,"Áo choàng ngủ, Áo khoác kimono",False,
vn,Shopee,758395205,get_category,100390,100112,Night Dresses,Váy ngủ,False,
vn,Shopee,758395205,get_category,100389,100112,Pajamas,Pyjama,False,
vn,Shopee,758395205,get_category,100111,100017,Lingerie & Underwear,Đồ lót,True,
vn,Shopee,758395205,get_category,100388,100111,Others,Khác,False,
vn,Shopee,758395205,get_category,100387,100111,Sexy Lingerie,Đồ lót gợi cảm,False,
vn,Shopee,758395205,get_category,100386,100111,Safety Pants,Đồ lót bảo hộ,False,
vn,Shopee,758395205,get_category,100385,100111,Shapewear,Đồ định hình,False,
vn,Shopee,758395205,get_category,100384,100111,Bra Accessories,Phụ kiện đồ lót,True,
vn,Shopee,758395205,get_category,100526,100384,Others,Khác,False,
vn,Shopee,758395205,get_category,100525,100384,Nipple Stickers,Miếng dán ngực,False,
vn,Shopee,758395205,get_category,100524,100384,Paddings,Miếng mút rời,False,
vn,Shopee,758395205,get_category,100523,100384,Straps,Dây áo lót,False,
vn,Shopee,758395205,get_category,100383,100111,Thermal Innerwear,Đồ lót giữ nhiệt,False,
vn,Shopee,758395205,get_category,100382,100111,Panties,Quần lót,False,
vn,Shopee,758395205,get_category,100381,100111,Bras,Áo ngực,False,
vn,Shopee,758395205,get_category,100380,100111,Sets,Bộ đồ lót,False,
vn,Shopee,758395205,get_category,100110,100017,Sets,Bộ,True,
vn,Shopee,758395205,get_category,100379,100110,Others,Khác,False,
vn,Shopee,758395205,get_category,100378,100110,Individual Sets,Đồ lẻ,False,
vn,Shopee,758395205,get_category,100377,100110,Family Sets,Bộ đồ gia đình,False,
vn,Shopee,758395205,get_category,100376,100110,Couple Sets,Bộ đồ đôi,False,
vn,Shopee,758395205,get_category,100109,100017,Hoodies & Sweatshirts,Hoodie và Áo nỉ,True,
vn,Shopee,758395205,get_category,100375,100109,Others,Khác,False,
vn,Shopee,758395205,get_category,100374,100109,Hoodies,Áo hoodies,False,
vn,Shopee,758395205,get_category,100373,100109,Sweatshirts,Áo khoác nỉ,False,
vn,Shopee,758395205,get_category,100108,100017,Sweaters & Cardigans,Áo len,False,
vn,Shopee,758395205,get_category,100107,100017,"Jackets, Coats & Vests",Áo khoác,True,
vn,Shopee,758395205,get_category,100372,100107,Others,Khác,False,
vn,Shopee,758395205,get_category,100371,100107,Vests,Áo vest,False,
vn,Shopee,758395205,get_category,100370,100107,Jackets,Áo khoác ngoài,False,
vn,Shopee,758395205,get_category,100369,100107,Blazers,Áo blazer,False,
vn,Shopee,758395205,get_category,100368,100107,Capes,Áo choàng,False,
vn,Shopee,758395205,get_category,100367,100107,Winter Jackets & Coats,Áo khoác mùa đông,False,
vn,Shopee,758395205,get_category,100106,100017,"Jumpsuits, Playsuits & Overalls",Đồ liền thân,True,
vn,Shopee,758395205,get_category,100366,100106,Others,Khác,False,
vn,Shopee,758395205,get_category,100365,100106,Overalls,Quần yếm,False,
vn,Shopee,758395205,get_category,100364,100106,Playsuits,Đồ bay ngắn (playsuits),False,
vn,Shopee,758395205,get_category,100363,100106,Jumpsuits,Đồ bay (Jumpsuits),False,
vn,Shopee,758395205,get_category,100105,100017,Wedding Dresses,Váy cưới,False,
vn,Shopee,758395205,get_category,100104,100017,Dresses,Đầm,False,
vn,Shopee,758395205,get_category,100103,100017,Jeans,Quần jeans,False,
vn,Shopee,758395205,get_category,100102,100017,Skirts,Váy,False,
vn,Shopee,758395205,get_category,100101,100017,Shorts,Quần đùi,True,
vn,Shopee,758395205,get_category,100362,100101,Others,Khác,False,
vn,Shopee,758395205,get_category,100361,100101,Skorts,Quần váy,False,
vn,Shopee,758395205,get_category,100360,100101,Shorts,Quần đùi,False,
vn,Shopee,758395205,get_category,100100,100017,Pants & Leggings,Quần,True,
vn,Shopee,758395205,get_category,100359,100100,Others,Khác,False,
vn,Shopee,758395205,get_category,100358,100100,Pants,Quần dài,False,
vn,Shopee,758395205,get_category,100357,100100,Leggings & Treggings,Quần legging,False,
vn,Shopee,758395205,get_category,100099,100017,Tops,Áo,True,
vn,Shopee,758395205,get_category,100356,100099,Others,Khác,False,
vn,Shopee,758395205,get_category,100355,100099,Bodysuits,Áo liền thân,False,
vn,Shopee,758395205,get_category,100354,100099,Polo Shirts,Áo polo,False,
vn,Shopee,758395205,get_category,100353,100099,Shirts & Blouses,Áo sơ mi,False,
vn,Shopee,758395205,get_category,100352,100099,T-shirts,Áo thun,False,
vn,Shopee,758395205,get_category,100351,100099,Tube Tops,Áo ống,False,
vn,Shopee,758395205,get_category,100350,100099,Tanks & Camisoles,Áo hai dây và ba lỗ,False,
vn,Shopee,758395205,get_category,100011,0,Men Clothes,Thời Trang Nam,True,
vn,Shopee,758395205,get_category,100062,100011,Socks,Vớ/ Tất,False,
vn,Shopee,758395205,get_category,100061,100011,Others,Khác,False,
vn,Shopee,758395205,get_category,100060,100011,Occupational Attire,Trang phục ngành nghề,False,
vn,Shopee,758395205,get_category,100059,100011,Costumes,Đồ hóa trang,False,
vn,Shopee,758395205,get_category,100058,100011,Traditional Wear,Trang phục truyền thống,True,
vn,Shopee,758395205,get_category,100254,100058,Others,Khác,False,
vn,Shopee,758395205,get_category,100253,100058,Sets,Bộ,False,
vn,Shopee,758395205,get_category,100252,100058,Bottoms,Quần,False,
vn,Shopee,758395205,get_category,100251,100058,Tops,Áo,False,
vn,Shopee,758395205,get_category,100057,100011,Sets,Bộ,False,
vn,Shopee,758395205,get_category,100056,100011,Sleepwear,Đồ ngủ,False,
vn,Shopee,758395205,get_category,100055,100011,Innerwear & Underwear,Đồ lót,True,
vn,Shopee,758395205,get_category,100250,100055,Others,Khác,False,
vn,Shopee,758395205,get_category,100249,100055,Thermal Innerwear,Đồ lót giữ nhiệt,False,
vn,Shopee,758395205,get_category,100248,100055,Undershirts,Áo lót,False,
vn,Shopee,758395205,get_category,100247,100055,Underwear,Quần lót,False,
vn,Shopee,758395205,get_category,100054,100011,Tops,Áo,True,
vn,Shopee,758395205,get_category,100246,100054,Others,Khác,False,
vn,Shopee,758395205,get_category,100245,100054,Tanks,Áo ba lỗ,False,
vn,Shopee,758395205,get_category,100244,100054,T-Shirts,Áo thun,False,
vn,Shopee,758395205,get_category,100243,100054,Polo Shirts,Áo polo,False,
vn,Shopee,758395205,get_category,100242,100054,Shirts,Áo sơ mi,False,
vn,Shopee,758395205,get_category,100053,100011,Shorts,Quần đùi,False,
vn,Shopee,758395205,get_category,100052,100011,Pants,Quần dài,True,
vn,Shopee,758395205,get_category,100241,100052,Others,Khác,False,
vn,Shopee,758395205,get_category,100240,100052,Pants,Quần dài,False,
vn,Shopee,758395205,get_category,100239,100052,Joggers,Quần jogger,False,
vn,Shopee,758395205,get_category,100238,100052,Cargo,Quần túi hộp,False,
vn,Shopee,758395205,get_category,100051,100011,Suits,Com lê,True,
vn,Shopee,758395205,get_category,100237,100051,Others,Khác,False,
vn,Shopee,758395205,get_category,100236,100051,Suit Vests & Waistcoats,Áo vest & Gi lê,False,
vn,Shopee,758395205,get_category,100235,100051,Suit Pants,Quần âu,False,
vn,Shopee,758395205,get_category,100234,100051,Suit Jackets & Blazers,Áo Khoác & Blazer,False,
vn,Shopee,758395205,get_category,100233,100051,Suit Sets,Bộ Com lê,False,
vn,Shopee,758395205,get_category,100050,100011,"Jackets, Coats & Vests",Áo khoác,True,
vn,Shopee,758395205,get_category,100232,100050,Others,Khác,False,
vn,Shopee,758395205,get_category,100231,100050,Vests,Áo khoác vest,False,
vn,Shopee,758395205,get_category,100230,100050,Jackets,Áo khoác,False,
vn,Shopee,758395205,get_category,100229,100050,Winter Jackets & Coats,Áo khoác mùa đông & Áo choàng,False,
vn,Shopee,758395205,get_category,100049,100011,Sweaters & Cardigans,Áo len,False,
vn,Shopee,758395205,get_category,100048,100011,Hoodies & Sweatshirts,Hoodie & Áo nỉ,True,
vn,Shopee,758395205,get_category,100228,100048,Others,Khác,False,
vn,Shopee,758395205,get_category,100227,100048,Sweatshirts,Áo nỉ,False,
vn,Shopee,758395205,get_category,100226,100048,Hoodies,Áo hoodie,False,
vn,Shopee,758395205,get_category,100047,100011,Jeans,Quần jean,False,
vn,Shopee,758395205,get_category,100630,0,Beauty,Sắc Đẹp,True,
vn,Shopee,758395205,get_category,102002,100630,Bath & Body Care,Tắm & chăm sóc cơ thể,True,
vn,Shopee,758395205,get_category,102013,102002,Others,Khác,False,
vn,Shopee,758395205,get_category,102012,102002,Breast Care,Chăm sóc ngực,False,
vn,Shopee,758395205,get_category,102011,102002,Sun Care,Chống nắng,True,
vn,Shopee,758395205,get_category,102016,102011,Others,Khác,False,
vn,Shopee,758395205,get_category,102015,102011,Tanning Oil & Self Tanners,Thuốc nhuộm da,False,
vn,Shopee,758395205,get_category,102014,102011,Body Sunscreen & After Sun,Chống nắng & chăm sóc sau đi nắng,False,
vn,Shopee,758395205,get_category,102010,102002,Hair Removal Cream & Wax,Kem tẩy lông & wax lông,False,
vn,Shopee,758395205,get_category,102009,102002,Massage Oil,Dầu massage,False,
vn,Shopee,758395205,get_category,102008,102002,Body Deodorants,Khử mùi cơ thể,False,
vn,Shopee,758395205,get_category,102007,102002,"Body Cream, Lotion & Butter",Kem & sữa dưỡng thể,False,
vn,Shopee,758395205,get_category,102006,102002,Body Oil,Dầu dưỡng da,False,
vn,Shopee,758395205,get_category,102005,102002,Body Masks,Mặt nạ ủ cơ thể,False,
vn,Shopee,758395205,get_category,102004,102002,Body Scrub & Peel,Tẩy tế bào chết cơ thể,False,
vn,Shopee,758395205,get_category,102003,102002,Body Wash & Soap,Xà phòng & sữa tắm,False,
vn,Shopee,758395205,get_category,100666,100630,Others,Khác,False,
vn,Shopee,758395205,get_category,100665,100630,Beauty Sets & Packages,Bộ sản phẩm làm đẹp,False,
vn,Shopee,758395205,get_category,100664,100630,Skincare,Chăm sóc da mặt,True,
vn,Shopee,758395205,get_category,100905,100664,Others,Khác,False,
vn,Shopee,758395205,get_category,100904,100664,Acne Treatment,Sản phẩm trị mụn,False,
vn,Shopee,758395205,get_category,100903,100664,Blotting Paper,Giấy thấm dầu,False,
vn,Shopee,758395205,get_category,100902,100664,After Sun Face Care,Kem dưỡng sau chống nắng,False,
vn,Shopee,758395205,get_category,100901,100664,Face Sunscreen,Kem chống nắng cho mặt,False,
vn,Shopee,758395205,get_category,100900,100664,Lip Treatment,Sản phẩm dưỡng môi,True,
vn,Shopee,758395205,get_category,101676,100900,Others,Khác,False,
vn,Shopee,758395205,get_category,101675,100900,Lip Mask,Mặt nạ cho môi,False,
vn,Shopee,758395205,get_category,101674,100900,Lip Scrub & Exfoliator,Tẩy tế bào chết môi,False,
vn,Shopee,758395205,get_category,101673,100900,Lip Balm,Son dưỡng môi,False,
vn,Shopee,758395205,get_category,100899,100664,Eye Treatment,Sản phẩm dưỡng mắt,True,
vn,Shopee,758395205,get_category,101672,100899,Others,Khác,False,
vn,Shopee,758395205,get_category,101671,100899,Eyebrow & Eyelash Serum,Tinh chất dưỡng mày & mi,False,
vn,Shopee,758395205,get_category,101670,100899,Eye Mask & Packs,Mặt nạ cho mắt,False,
vn,Shopee,758395205,get_category,101669,100899,Eye Cream,Kem dưỡng mắt,False,
vn,Shopee,758395205,get_category,100898,100664,Face Mask & Packs,Mặt nạ,False,
vn,Shopee,758395205,get_category,100897,100664,Face Scrub & Peel,Tẩy tế bào chết,False,
vn,Shopee,758395205,get_category,100896,100664,Facial Serum & Essence,Tinh chất dưỡng,False,
vn,Shopee,758395205,get_category,100895,100664,Facial Mist,Xịt khoáng,False,
vn,Shopee,758395205,get_category,100894,100664,Facial Oil,Dầu dưỡng ẩm,False,
vn,Shopee,758395205,get_category,100893,100664,Facial Moisturizer,Kem dưỡng ẩm,False,
vn,Shopee,758395205,get_category,100892,100664,Toner,Nước cân bằng da,False,
vn,Shopee,758395205,get_category,100891,100664,Facial Cleanser,Sữa rửa mặt,False,
vn,Shopee,758395205,get_category,100663,100630,Beauty Tools,Dụng cụ làm đẹp,True,
vn,Shopee,758395205,get_category,100890,100663,Others,Khác,False,
vn,Shopee,758395205,get_category,100889,100663,Hair Tools,Dụng cụ chăm sóc tóc,True,
vn,Shopee,758395205,get_category,101668,100889,Others,Khác,False,
vn,Shopee,758395205,get_category,101667,100889,Heatless Styling Tools,Dụng cụ tạo kiểu không nhiệt,False,
vn,Shopee,758395205,get_category,101666,100889,Hair Styling Appliances,Máy tạo kiểu tóc,False,
vn,Shopee,758395205,get_category,101665,100889,Hair Dryers,Máy sấy tóc,False,
vn,Shopee,758395205,get_category,101664,100889,Brushes & Combs,Lược chải,False,
vn,Shopee,758395205,get_category,100888,100663,Hair Removal Tools,Dụng cụ tẩy lông,False,
vn,Shopee,758395205,get_category,100887,100663,Body Slimming Tools,Dụng cụ làm thon gọn cơ thể,False,
vn,Shopee,758395205,get_category,100886,100663,Facial Care Tools,Dụng cụ chăm sóc da mặt,True,
vn,Shopee,758395205,get_category,101663,100886,Others,Khác,False,
vn,Shopee,758395205,get_category,101662,100886,Facial Cleansing Tools,Dụng cụ rửa mặt,False,
vn,Shopee,758395205,get_category,101661,100886,Facial Slimming & Massage Tools,Dụng cụ làm thon gọn & mát xa mặt,False,
vn,Shopee,758395205,get_category,101660,100886,Facial Steamers,Máy xông mặt,False,
vn,Shopee,758395205,get_category,100885,100663,Makeup Accessories,Dụng cụ trang điểm,True,
vn,Shopee,758395205,get_category,101659,100885,Pencil Sharpeners,Chuốt chì kẻ mày,False,
vn,Shopee,758395205,get_category,101658,100885,Eyelid Tape & Glue,Miếng dán mí & keo dán mí,False,
vn,Shopee,758395205,get_category,101657,100885,False Eyelashes,Mi giả,False,
vn,Shopee,758395205,get_category,101656,100885,Eyebrow Templates,Khuôn kẻ chân mày,False,
vn,Shopee,758395205,get_category,101655,100885,Eyelash Curlers,Kẹp bấm mi,False,
vn,Shopee,758395205,get_category,101654,100885,Sponges & Applicators,Bông mút trang điểm,False,
vn,Shopee,758395205,get_category,101653,100885,Makeup Brushes,Cọ trang điểm,False,
vn,Shopee,758395205,get_category,101652,100885,Makeup Brush Cleaners,Dung dịch làm sạch cọ trang điểm,False,
vn,Shopee,758395205,get_category,101651,100885,Mirrors,Gương,False,
vn,Shopee,758395205,get_category,101650,100885,Makeup Bags & Organizers,Túi đựng đồ trang điểm,False,
vn,Shopee,758395205,get_category,101649,100885,Cotton Pads and Buds,Bông tẩy trang,False,
vn,Shopee,758395205,get_category,101648,100885,Others,Khác,False,
vn,Shopee,758395205,get_category,100662,100630,Makeup,Trang điểm,True,
vn,Shopee,758395205,get_category,100884,100662,Makeup Removers,Tẩy trang,False,
vn,Shopee,758395205,get_category,100883,100662,Lips,Trang điểm môi,True,
vn,Shopee,758395205,get_category,101647,100883,Others,Khác,False,
vn,Shopee,758395205,get_category,101646,100883,Lip Plumper,Son làm căng môi,False,
vn,Shopee,758395205,get_category,101645,100883,Lip Tint & Stain,Son tint,False,
vn,Shopee,758395205,get_category,101644,100883,Lip Liner,Viền môi,False,
vn,Shopee,758395205,get_category,101643,100883,Lip Gloss,Son bóng,False,
vn,Shopee,758395205,get_category,101642,100883,Lipstick,Son môi,False,
vn,Shopee,758395205,get_category,100882,100662,Eyes,Trang điểm mắt,True,
vn,Shopee,758395205,get_category,101641,100882,Others,Khác,False,
vn,Shopee,758395205,get_category,101640,100882,Eyebrows,Kẻ mày,False,
vn,Shopee,758395205,get_category,101639,100882,Mascara,Mascara,False,
vn,Shopee,758395205,get_category,101638,100882,Eyeliner,Bút kẻ mắt,False,
vn,Shopee,758395205,get_category,101637,100882,Eye Primer,Kem lót mắt,False,
vn,Shopee,758395205,get_category,101636,100882,Eyeshadow,Phấn mắt,False,
vn,Shopee,758395205,get_category,100881,100662,Face,Trang điểm mặt,True,
vn,Shopee,758395205,get_category,101635,100881,Others,Khác,False,
vn,Shopee,758395205,get_category,101634,100881,Blush,Má hồng,False,
vn,Shopee,758395205,get_category,101633,100881,Setting & Finishing Spray,Xịt giữ makeup,False,
vn,Shopee,758395205,get_category,101632,100881,"Bronzer,Contour & Highlighter",Tạo khối & bắt sáng,False,
vn,Shopee,758395205,get_category,101631,100881,Concealer & Corrector,Che khuyết điểm,False,
vn,Shopee,758395205,get_category,101630,100881,Powder,Phấn phủ,False,
vn,Shopee,758395205,get_category,101629,100881,BB & CC Cream,Kem BB & CC,False,
vn,Shopee,758395205,get_category,101628,100881,Foundation,Kem nền,False,
vn,Shopee,758395205,get_category,101627,100881,Makeup Base & Primer,Kem lót,False,
vn,Shopee,758395205,get_category,100880,100662,Others,Khác,False,
vn,Shopee,758395205,get_category,100661,100630,Perfumes & Fragrances,Nước hoa,False,
vn,Shopee,758395205,get_category,100660,100630,Men's Care,Chăm sóc nam giới,True,
vn,Shopee,758395205,get_category,100879,100660,Others,Khác,False,
vn,Shopee,758395205,get_category,100878,100660,Hair Care,Chăm sóc tóc,False,
vn,Shopee,758395205,get_category,100877,100660,Shaving & Grooming,Sản phẩm cạo râu & hớt tóc,True,
vn,Shopee,758395205,get_category,101626,100877,Others,Khác,False,
vn,Shopee,758395205,get_category,101625,100877,Shaving Accessories,Phụ kiện hỗ trợ cạo râu,False,
vn,Shopee,758395205,get_category,101624,100877,"Trimmers, Clippers & Multi-functional Groomers",Máy cạo râu đa chức năng,False,
vn,Shopee,758395205,get_category,101623,100877,Shaving Brushes,Cọ cạo râu,False,
vn,Shopee,758395205,get_category,101622,100877,Shavers,Máy cạo râu,False,
vn,Shopee,758395205,get_category,101621,100877,Razors & Blades,Dao cạo râu,False,
vn,Shopee,758395205,get_category,101620,100877,"Creams, Foams & Gels","Kem dưỡng, kem tạo bọt & gel",False,
vn,Shopee,758395205,get_category,101619,100877,Aftershave,Dưỡng da sau cạo râu,False,
vn,Shopee,758395205,get_category,100876,100660,Skincare,Chăm sóc da,True,
vn,Shopee,758395205,get_category,101618,100876,Others,Khác,False,
vn,Shopee,758395205,get_category,101617,100876,Moisturizer & Treatment,Kem dưỡng ẩm & dưỡng da,False,
vn,Shopee,758395205,get_category,101616,100876,Facial Cleanser,Sữa rửa mặt,False,
vn,Shopee,758395205,get_category,100875,100660,Bath & Body Care,Sữa tắm & chăm sóc cơ thể,False,
vn,Shopee,758395205,get_category,100659,100630,Hair Care,Chăm sóc tóc,True,
vn,Shopee,758395205,get_category,100874,100659,Others,Khác,False,
vn,Shopee,758395205,get_category,100873,100659,Hair Styling,Sản phẩm tạo kiểu tóc,False,
vn,Shopee,758395205,get_category,100872,100659,Hair and Scalp Conditioner,Dầu xả,False,
vn,Shopee,758395205,get_category,100871,100659,Hair Treatment,Sản phẩm dưỡng tóc,False,
vn,Shopee,758395205,get_category,100870,100659,Hair Colour,Thuốc nhuộm tóc,False,
vn,Shopee,758395205,get_category,100869,100659,Shampoo,Dầu gội,False,
vn,Shopee,758395205,get_category,100658,100630,"Hand, Foot & Nail Care","Chăm sóc tay, chân & móng",True,
vn,Shopee,758395205,get_category,100868,100658,Others,Khác,False,
vn,Shopee,758395205,get_category,100867,100658,Nail Care,Chăm sóc móng,True,
vn,Shopee,758395205,get_category,102178,100867,Nail Gel,Nail Gel,False,
vn,Shopee,758395205,get_category,102035,100867,Others,Khác,False,
vn,Shopee,758395205,get_category,102034,100867,Manicure Tools & Devices,Dụng cụ & thiết bị làm móng,False,
vn,Shopee,758395205,get_category,102033,100867,Nail Art & Sticker,Hình dán móng,False,
vn,Shopee,758395205,get_category,102032,100867,Artificial Nail,Móng giả,False,
vn,Shopee,758395205,get_category,102031,100867,Nail Treatment,Dưỡng móng,False,
vn,Shopee,758395205,get_category,102030,100867,Nail Polish Remover,Dụng cụ tẩy sơn móng,False,
vn,Shopee,758395205,get_category,102029,100867,Nail Polish,Sơn móng,False,
vn,Shopee,758395205,get_category,101615,100867,Base & Top Coat,Sơn nền & sơn bóng,False,
vn,Shopee,758395205,get_category,100866,100658,Foot Care,Chăm sóc chân,True,
vn,Shopee,758395205,get_category,101614,100866,Others,Khác,False,
vn,Shopee,758395205,get_category,101613,100866,"Lotion, Cream & Scrubs","Kem dưỡng, dầu dưỡng & sữa dưỡng",False,
vn,Shopee,758395205,get_category,101612,100866,Foot Masks,Mặt nạ cho chân,False,
vn,Shopee,758395205,get_category,101611,100866,Foot Deodorant,Khử mùi hôi chân,False,
vn,Shopee,758395205,get_category,100865,100658,Hand Care,Chăm sóc tay,True,
vn,Shopee,758395205,get_category,101610,100865,Others,Khác,False,
vn,Shopee,758395205,get_category,101609,100865,Hand Washes,Xà phòng rửa tay,False,
vn,Shopee,758395205,get_category,101608,100865,"Lotion, Cream & Scrubs","Kem dưỡng, dầu dưỡng & sữa dưỡng",False,
vn,Shopee,758395205,get_category,101607,100865,Hand Masks,Mặt nạ cho tay,False,
vn,Shopee,758395205,get_category,100001,0,Health,Sức Khỏe,True,
vn,Shopee,758395205,get_category,100020,100001,Sexual Wellness,Hỗ trợ tình dục,True,
vn,Shopee,758395205,get_category,100144,100020,Others,Khác,False,
vn,Shopee,758395205,get_category,100143,100020,Performance Enhancement,Tăng cường sinh lý,False,
vn,Shopee,758395205,get_category,100141,100020,Lubricants,Bôi trơn,False,
vn,Shopee,758395205,get_category,100140,100020,Condoms,Bao cao su,False,
vn,Shopee,758395205,get_category,100019,100001,Personal Care,Chăm sóc cá nhân,True,
vn,Shopee,758395205,get_category,100139,100019,Others,Khác,False,
vn,Shopee,758395205,get_category,100138,100019,Insect Repellents,Chống muỗi & xua đuổi côn trùng,False,
vn,Shopee,758395205,get_category,100137,100019,Massage & Therapy Devices,Dụng cụ massage và trị liệu,False,
vn,Shopee,758395205,get_category,100136,100019,Feminine Care,Chăm sóc phụ nữ,True,
vn,Shopee,758395205,get_category,100453,100136,Others,Khác,False,
vn,Shopee,758395205,get_category,100452,100136,Vaginal Cream,Kem dưỡng vùng kín,False,
vn,Shopee,758395205,get_category,100451,100136,Feminine Wash,Dung dịch vệ sinh phụ nữ,False,
vn,Shopee,758395205,get_category,100450,100136,Menstrual Cup,Cốc nguyệt san,False,
vn,Shopee,758395205,get_category,100449,100136,Pregnancy & Fertility Tests,Que thử thai,False,
vn,Shopee,758395205,get_category,100448,100136,Tampons,Tampon,False,
vn,Shopee,758395205,get_category,100447,100136,Sanitary Napkins & Panty Liners,Băng vệ sinh có cánh & không cánh,False,
vn,Shopee,758395205,get_category,100135,100019,Adult Diapers & Incontinence,Tã người lớn,False,
vn,Shopee,758395205,get_category,100134,100019,Oral Care,Vệ sinh răng miệng,True,
vn,Shopee,758395205,get_category,100446,100134,Others,Khác,False,
vn,Shopee,758395205,get_category,100445,100134,Orthodontic Accessories,Dụng cụ hỗ trợ chỉnh nha,False,
vn,Shopee,758395205,get_category,100444,100134,Teeth Whitening,Hỗ trợ trắng răng,False,
vn,Shopee,758395205,get_category,100443,100134,Denture Care,Răng giả và phụ kiện,False,
vn,Shopee,758395205,get_category,100442,100134,Mouth Wash,Nước súc miệng,False,
vn,Shopee,758395205,get_category,100441,100134,Dental Floss,Chỉ nha khoa,False,
vn,Shopee,758395205,get_category,100440,100134,Toothpastes,Kem đánh răng,False,
vn,Shopee,758395205,get_category,100439,100134,Electric Toothbrushes & Accessories,Bàn chải điện & phụ kiện,False,
vn,Shopee,758395205,get_category,100438,100134,Manual Toothbrushes,Bàn chải đánh răng,False,
vn,Shopee,758395205,get_category,100133,100019,Ear Care,Chăm sóc tai,False,
vn,Shopee,758395205,get_category,100132,100019,Eye Care,Chăm sóc mắt,True,
vn,Shopee,758395205,get_category,100437,100132,Others,Khác,False,
vn,Shopee,758395205,get_category,100436,100132,Lens Solutions & Eyedrops,Thuốc nhỏ mắt và ngâm áp tròng,False,
vn,Shopee,758395205,get_category,100435,100132,Contact lens,Kính áp tròng,False,
vn,Shopee,758395205,get_category,100131,100019,Hand Sanitizers,Dung dịch sát khuẩn tay,False,
vn,Shopee,758395205,get_category,100018,100001,Medical Supplies,Vật tư y tế,True,
vn,Shopee,758395205,get_category,100130,100018,Others,Khác,False,
vn,Shopee,758395205,get_category,100129,100018,Injury & Disability Support,Hỗ trợ chấn thương và khuyết tật,True,
vn,Shopee,758395205,get_category,100434,100129,Others,Khác,False,
vn,Shopee,758395205,get_category,100433,100129,Hearing Aids,Trợ thính,False,
vn,Shopee,758395205,get_category,100432,100129,Braces & Supports,Dụng cụ nẹp và hỗ trợ khớp,False,
vn,Shopee,758395205,get_category,100431,100129,Wheelchairs,Xe lăn,False,
vn,Shopee,758395205,get_category,100430,100129,Walking Aids,Nạng chống,False,
vn,Shopee,758395205,get_category,100128,100018,Medical Gloves & Masks,Bao tay và khẩu trang y tế,False,
vn,Shopee,758395205,get_category,100127,100018,Laboratory Tools,Dụng cụ thí nghiệm,False,
vn,Shopee,758395205,get_category,100126,100018,Pain Relievers,Sản phẩm giảm đau dùng ngoài da,False,
vn,Shopee,758395205,get_category,100125,100018,Stethoscopes,Ống nghe y tế,False,
vn,Shopee,758395205,get_category,100124,100018,First Aid Supplies,Dụng cụ sơ cứu,True,
vn,Shopee,758395205,get_category,100429,100124,Others,Khác,False,
vn,Shopee,758395205,get_category,100428,100124,Medical Antiseptics & Disinfectants,Thuốc sát trùng & khử trùng y tế,False,
vn,Shopee,758395205,get_category,100427,100124,Ointments & Creams,Kem và thuốc mỡ,False,
vn,Shopee,758395205,get_category,100426,100124,First Aid Accessories,Phụ kiện sơ cấp cứu,False,
vn,Shopee,758395205,get_category,100425,100124,Plasters & Bandages,Băng gạc y tế,False,
vn,Shopee,758395205,get_category,100123,100018,Nasal Care,Chăm sóc mũi,False,
vn,Shopee,758395205,get_category,100122,100018,Scale & Body Fat Analyzers,Cân sức khỏe và phân tích cơ thể,False,
vn,Shopee,758395205,get_category,100121,100018,Health Monitors & Tests,Kiểm tra và theo dõi sức khỏe,True,
vn,Shopee,758395205,get_category,100424,100121,Others,Khác,False,
vn,Shopee,758395205,get_category,100423,100121,Thermometers,Nhiệt kế,False,
vn,Shopee,758395205,get_category,100422,100121,Pulse Oximeters,Máy đo nồng độ oxy trong máu,False,
vn,Shopee,758395205,get_category,100421,100121,Blood Glucose Monitors,Máy đo lượng đường trong máu,False,
vn,Shopee,758395205,get_category,100420,100121,Blood Pressure Monitors,Máy đo huyết áp,False,
vn,Shopee,758395205,get_category,100008,100001,Others,Khác,False,
vn,Shopee,758395205,get_category,100002,100001,Food Supplement,Thực phẩm chức năng,True,
vn,Shopee,758395205,get_category,100007,100002,Others,Khác,False,
vn,Shopee,758395205,get_category,100006,100002,Well Being,Hỗ trợ sức khỏe,False,
vn,Shopee,758395205,get_category,100005,100002,Fitness,Hỗ trợ tăng cơ,False,
vn,Shopee,758395205,get_category,100004,100002,Beauty Supplements,Hỗ trợ làm đẹp,False,
vn,Shopee,758395205,get_category,100003,100002,Weight Management,Hỗ trợ kiểm soát cân nặng,False,
vn,Shopee,758395205,get_category,100009,0,Fashion Accessories,Phụ Kiện Thời Trang,True,
vn,Shopee,758395205,get_category,100036,100009,Others,Khác,False,
vn,Shopee,758395205,get_category,100035,100009,Accessories Sets & Packages,Bộ phụ kiện,False,
vn,Shopee,758395205,get_category,100034,100009,Additional Accessories,Phụ kiện thêm,True,
vn,Shopee,758395205,get_category,100167,100034,Others,Khác,False,
vn,Shopee,758395205,get_category,100166,100034,Handkerchiefs,Khăn tay,False,
vn,Shopee,758395205,get_category,100165,100034,Masks,Khẩu trang thời trang,False,
vn,Shopee,758395205,get_category,100164,100034,Tattoos,Hình xăm dán,False,
vn,Shopee,758395205,get_category,100163,100034,Cufflinks,Măng sét nam,False,
vn,Shopee,758395205,get_category,100162,100034,"Charms, Pendants & Ornaments",Mặt dây chuyền và Charm,False,
vn,Shopee,758395205,get_category,100161,100034,Patches,Miếng vá áo,False,
vn,Shopee,758395205,get_category,100160,100034,Brooches & Pins,Trâm & Ghim cài áo,False,
vn,Shopee,758395205,get_category,100033,100009,"Neckties, Bow Ties & Cravats",Cà vạt & Nơ cổ,False,
vn,Shopee,758395205,get_category,100032,100009,Belts,Thắt lưng,False,
vn,Shopee,758395205,get_category,100031,100009,Investment Precious Metals,Kim loại quý,True,
vn,Shopee,758395205,get_category,100156,100031,Silver,Bạc,False,
vn,Shopee,758395205,get_category,100030,100009,Eyewear,Kính mắt,True,
vn,Shopee,758395205,get_category,100154,100030,Others,Khác,False,
vn,Shopee,758395205,get_category,100153,100030,Eyewear Cases & Accessories,Hộp kính và phụ kiện,False,
vn,Shopee,758395205,get_category,100152,100030,Frames & Glasses,Gọng kính,False,
vn,Shopee,758395205,get_category,100151,100030,Sunglasses,Kính mát,False,
vn,Shopee,758395205,get_category,100029,100009,Necklaces,Dây chuyền,False,
vn,Shopee,758395205,get_category,100028,100009,Hats & Caps,Mũ,False,
vn,Shopee,758395205,get_category,100027,100009,Anklets,Lắc chân,False,
vn,Shopee,758395205,get_category,100026,100009,Bracelets & Bangles,Vòng tay & Lắc tay,False,
vn,Shopee,758395205,get_category,100025,100009,Hair Accessories,Phụ kiện tóc,True,
vn,Shopee,758395205,get_category,100150,100025,Others,Khác,False,
vn,Shopee,758395205,get_category,100149,100025,"Headpieces, Tiaras & Flower Crowns","Cài tóc, vương miện cài tóc",False,
vn,Shopee,758395205,get_category,100148,100025,Wigs & Extensions,Tóc giả & Tóc nối,False,
vn,Shopee,758395205,get_category,100147,100025,Hair Clips & Hair Pins,Kẹp tóc,False,
vn,Shopee,758395205,get_category,100146,100025,"Hair Ties, Ribbons & Scrunchies",Đồ buộc tóc & Nơ,False,
vn,Shopee,758395205,get_category,100145,100025,Headbands,Băng đô tóc,False,
vn,Shopee,758395205,get_category,100024,100009,Gloves,Găng tay,False,
vn,Shopee,758395205,get_category,100023,100009,Scarves & Shawls,Khăn choàng,False,
vn,Shopee,758395205,get_category,100022,100009,Earrings,Bông tai,False,
vn,Shopee,758395205,get_category,100021,100009,Rings,Nhẫn,False,
vn,Shopee,758395205,get_category,100010,0,Home Appliances,Thiết Bị Điện Gia Dụng,True,
vn,Shopee,758395205,get_category,100046,100010,Others,Khác,False,
vn,Shopee,758395205,get_category,100045,100010,Remote Controls,Thiết bị điều khiển từ xa,False,
vn,Shopee,758395205,get_category,100043,100010,Batteries,Pin,False,
vn,Shopee,758395205,get_category,100042,100010,Electrical Circuitry & Parts,Mạch điện & Phụ tùng,True,
vn,Shopee,758395205,get_category,100220,100042,Others,Khác,False,
vn,Shopee,758395205,get_category,100219,100042,Lightning Protection,Thiết bị chống sấm sét,False,
vn,Shopee,758395205,get_category,100218,100042,House Alarms,Thiết bị báo động nhà ở,False,
vn,Shopee,758395205,get_category,100217,100042,Switches,Công tắc,False,
vn,Shopee,758395205,get_category,100216,100042,Doorbells,Chuông cửa,False,
vn,Shopee,758395205,get_category,100214,100042,Electrical Safety,Thiết bị an toàn điện tử,False,
vn,Shopee,758395205,get_category,100213,100042,Electric Sockets & Extension Cords,Ổ cắm điện & Dây nối,False,
vn,Shopee,758395205,get_category,100041,100010,Kitchen Appliances,Đồ gia dụng nhà bếp,True,
vn,Shopee,758395205,get_category,100212,100041,Others,Khác,False,
vn,Shopee,758395205,get_category,100211,100041,Hoods,Máy hút khói,False,
vn,Shopee,758395205,get_category,100210,100041,Freezers,Tủ đông,False,
vn,Shopee,758395205,get_category,100209,100041,Refrigerators,Tủ lạnh,False,
vn,Shopee,758395205,get_category,100208,100041,Specialty Cookware,Dụng cụ nấu đặc biệt,True,
vn,Shopee,758395205,get_category,100474,100208,Others,Khác,False,
vn,Shopee,758395205,get_category,100473,100208,Soda Makers,Máy làm soda,False,
vn,Shopee,758395205,get_category,100472,100208,Dessert Machine,Máy làm món tráng miệng,False,
vn,Shopee,758395205,get_category,100471,100208,Takoyaki Makers,Máy làm bánh Takoyaki,False,
vn,Shopee,758395205,get_category,100470,100208,Bread Makers,Máy làm bánh mì,False,
vn,Shopee,758395205,get_category,100469,100208,Egg Boilers,Máy luộc trứng,False,
vn,Shopee,758395205,get_category,100468,100208,Waffle & Crepe Makers,Máy làm bánh Waffle & Crepe,False,
vn,Shopee,758395205,get_category,100207,100041,Rice Cookers,Nồi cơm điện,False,
vn,Shopee,758395205,get_category,100206,100041,Slow Cookers & Sous Vide Machines,Nồi nấu chậm & Dụng cụ nấu chân không,False,
vn,Shopee,758395205,get_category,100205,100041,Pressure Cookers,Nồi áp suất,False,
vn,Shopee,758395205,get_category,100204,100041,Multi-function Cookers,Nồi nấu đa năng,False,
vn,Shopee,758395205,get_category,100203,100041,Food Processors & Meat Grinders,Máy chế biến thực phẩm & Xay thịt,False,
vn,Shopee,758395205,get_category,100202,100041,Toasters,Máy nướng bánh,False,
vn,Shopee,758395205,get_category,100201,100041,Ovens,Lò nướng,False,
vn,Shopee,758395205,get_category,100200,100041,Microwaves,Lò vi sóng,False,
vn,Shopee,758395205,get_category,100199,100041,Deep Fryers,Nồi chiên ngập dầu,False,
vn,Shopee,758395205,get_category,100198,100041,Air Fryers,Nồi chiên không dầu,False,
vn,Shopee,758395205,get_category,100197,100041,"Stoves, Hobs & Gas Regulators","Lò sưởi, Bếp từ & Bộ điều chỉnh gas",False,
vn,Shopee,758395205,get_category,100196,100041,Dishwashers,Máy rửa bát đĩa,False,
vn,Shopee,758395205,get_category,100195,100041,Mixers,Máy trộn thực phẩm,False,
vn,Shopee,758395205,get_category,100194,100041,Coffee Machines & Accessories,Máy pha cà phê & Phụ kiện,False,
vn,Shopee,758395205,get_category,100193,100041,"Juicers, Blenders & Soya Bean Machines","Máy ép, Xay sinh tố & Máy làm sữa đậu nành",False,
vn,Shopee,758395205,get_category,100192,100041,Wine Fridges,Tủ ủ rượu,False,
vn,Shopee,758395205,get_category,100191,100041,Kettles,Ấm đun siêu tốc,False,
vn,Shopee,758395205,get_category,100190,100041,"Water Filters, Coolers & Dispensers",Máy lọc nước,False,
vn,Shopee,758395205,get_category,100040,100010,TVs & Accessories,Tivi & Phụ kiện,True,
vn,Shopee,758395205,get_category,100189,100040,Others,Khác,False,
vn,Shopee,758395205,get_category,100188,100040,TV Brackets,Giá treo tivi,False,
vn,Shopee,758395205,get_category,100187,100040,TV Boxes & Receivers,Tivi box & Đầu thu kỹ thuật số,False,
vn,Shopee,758395205,get_category,100186,100040,TV Antennas,Ăng ten Tivi,False,
vn,Shopee,758395205,get_category,100185,100040,TVs,Tivi,False,
vn,Shopee,758395205,get_category,100039,100010,Large Household Appliances,Thiết bị điện gia dụng lớn,True,
vn,Shopee,758395205,get_category,100184,100039,Others,Khác,False,
vn,Shopee,758395205,get_category,100183,100039,Heaters,Máy sưởi,False,
vn,Shopee,758395205,get_category,100182,100039,Futon & Shoe Dryers,Thiết bị sấy khô nệm & Giày,False,
vn,Shopee,758395205,get_category,100181,100039,Cooling,Thiết bị làm mát,True,
vn,Shopee,758395205,get_category,100467,100181,Others,Khác,False,
vn,Shopee,758395205,get_category,100466,100181,Fans,Quạt,False,
vn,Shopee,758395205,get_category,100465,100181,Air Coolers & Portable Aircons,Máy làm mát không khí & Điều hoà cầm tay,False,
vn,Shopee,758395205,get_category,100464,100181,Air-Conditioners,Điều hòa,False,
vn,Shopee,758395205,get_category,100180,100039,Water Heaters,Máy nước nóng,False,
vn,Shopee,758395205,get_category,100179,100039,Washing Machines & Dryers,Máy giặt & Máy sấy,True,
vn,Shopee,758395205,get_category,100463,100179,Others,Khác,False,
vn,Shopee,758395205,get_category,100462,100179,Laundry Dryers,Máy sấy quần áo,False,
vn,Shopee,758395205,get_category,100461,100179,Washing Machines,Máy giặt,False,
vn,Shopee,758395205,get_category,100038,100010,Small Household Appliances,Thiết bị điện gia dụng nhỏ,True,
vn,Shopee,758395205,get_category,100178,100038,Others,Khác,False,
vn,Shopee,758395205,get_category,100177,100038,Vacuum Cleaners & Floor Care Appliances,Máy hút bụi & Thiết bị làm sạch sàn,False,
vn,Shopee,758395205,get_category,100176,100038,Air Treatment,Thiết bị xử lý không khí,True,
vn,Shopee,758395205,get_category,100460,100176,Others,Khác,False,
vn,Shopee,758395205,get_category,100459,100176,Dehumidifiers,Máy hút ẩm,False,
vn,Shopee,758395205,get_category,100458,100176,Purifiers,Máy lọc không khí,False,
vn,Shopee,758395205,get_category,100175,100038,Irons & Steamers,Bàn là khô & Hơi nước,False,
vn,Shopee,758395205,get_category,100174,100038,Telephones,Điện thoại,True,
vn,Shopee,758395205,get_category,100457,100174,Others,Khác,False,
vn,Shopee,758395205,get_category,100456,100174,Fax Machines,Máy fax,False,
vn,Shopee,758395205,get_category,100455,100174,Cordless Phones,Điện thoại không dây,False,
vn,Shopee,758395205,get_category,100454,100174,Corded Phones,Điện thoại có dây,False,
vn,Shopee,758395205,get_category,100173,100038,Sewing Machines & Accessories,Máy may & Phụ kiện,False,
vn,Shopee,758395205,get_category,100172,100038,Water Flossers,Máy tăm nước,False,
vn,Shopee,758395205,get_category,100171,100038,Foot Baths & Spas,Thiết bị vệ sinh chân & Thư giãn,False,
vn,Shopee,758395205,get_category,100037,100010,Projectors & Accessories,Máy chiếu & Phụ kiện,True,
vn,Shopee,758395205,get_category,100170,100037,Others,Khác,False,
vn,Shopee,758395205,get_category,100169,100037,Pointers,Bút trình chiếu,False,
vn,Shopee,758395205,get_category,100168,100037,Projectors & Projector Screens,Máy chiếu & Màn hình chiếu,False,
vn,Shopee,758395205,get_category,100012,0,Men Shoes,Giày Dép Nam,True,
vn,Shopee,758395205,get_category,100070,100012,Others,Khác,False,
vn,Shopee,758395205,get_category,100069,100012,Shoe Care & Accessories,Phụ kiện giày dép,True,
vn,Shopee,758395205,get_category,100269,100069,Others,Khác,False,
vn,Shopee,758395205,get_category,100268,100069,Shoe Insoles,Lót giày,False,
vn,Shopee,758395205,get_category,100267,100069,Shoe Horns & Trees,Cây đón gót & Giữ form giày,False,
vn,Shopee,758395205,get_category,100266,100069,Shoe Laces,Dây giày,False,
vn,Shopee,758395205,get_category,100265,100069,Shoe Deodorizers,Khử mùi giày dép,False,
vn,Shopee,758395205,get_category,100264,100069,Shoe Care & Cleaning Tools,Dụng cụ chăm sóc & Vệ sinh giày,False,
vn,Shopee,758395205,get_category,100068,100012,Sandals & Flip Flops,Xăng-đan & Dép,True,
vn,Shopee,758395205,get_category,100263,100068,Others,Khác,False,
vn,Shopee,758395205,get_category,100262,100068,Health Slippers,Dép mát-xa,False,
vn,Shopee,758395205,get_category,100261,100068,Indoor Slippers,Dép đi trong nhà,False,
vn,Shopee,758395205,get_category,100260,100068,Sandals,Xăng-đan,False,
vn,Shopee,758395205,get_category,100259,100068,Flip Flops,Dép xỏ ngón,False,
vn,Shopee,758395205,get_category,100067,100012,Oxfords & Lace-Ups,Giày Oxfords & Giày buộc dây,False,
vn,Shopee,758395205,get_category,100066,100012,Loafers & Boat Shoes,Giày tây lười,False,
vn,Shopee,758395205,get_category,100065,100012,Slip Ons & Mules,Giày sục,False,
vn,Shopee,758395205,get_category,100064,100012,Sneakers,Giày thể thao/ Sneakers,False,
vn,Shopee,758395205,get_category,100063,100012,Boots,Bốt,True,
vn,Shopee,758395205,get_category,100258,100063,Others,Khác,False,
vn,Shopee,758395205,get_category,100257,100063,Safety Boots,Bốt bảo hộ,False,
vn,Shopee,758395205,get_category,100256,100063,Rain Boots,Bốt đi mưa,False,
vn,Shopee,758395205,get_category,100255,100063,Fashion Boots,Bốt thời trang,False,
vn,Shopee,758395205,get_category,100013,0,Mobile & Gadgets,Điện Thoại & Phụ Kiện,True,
vn,Shopee,758395205,get_category,100077,100013,Others,Khác,False,
vn,Shopee,758395205,get_category,100076,100013,Walkie Talkies,Bộ đàm,False,
vn,Shopee,758395205,get_category,100075,100013,Accessories,Phụ kiện,True,
vn,Shopee,758395205,get_category,100291,100075,Others,Khác,False,
vn,Shopee,758395205,get_category,100290,100075,"Cases, Covers, & Skins","Vỏ bao, Ốp lưng & Miếng dán",True,
vn,Shopee,758395205,get_category,100491,100290,Others,Khác,False,
vn,Shopee,758395205,get_category,100490,100290,"Phone Cases, Covers, & Skins","Vỏ bao, Ốp lưng & Miếng dán điện thoại",False,
vn,Shopee,758395205,get_category,100489,100290,"Tablet Cases, Covers, & Skins","Vỏ bao, Ốp lưng & Miếng dán máy tính bảng",False,
vn,Shopee,758395205,get_category,100289,100075,Screen Protectors,Miếng dán màn hình,False,
vn,Shopee,758395205,get_category,100288,100075,Wearable Accessories,Phụ kiện cho đồng hồ thông minh,False,
vn,Shopee,758395205,get_category,100287,100075,Powerbanks & Batteries,Sạc dự phòng & Pin,True,
vn,Shopee,758395205,get_category,100488,100287,Others,Khác,False,
vn,Shopee,758395205,get_category,100487,100287,Powercases,Vỏ sạc dự phòng,False,
vn,Shopee,758395205,get_category,100486,100287,Powerbanks,Sạc dự phòng,False,
vn,Shopee,758395205,get_category,100485,100287,Batteries,Pin,False,
vn,Shopee,758395205,get_category,100286,100075,Pocket Wifi,Bộ phát Wifi bỏ túi,False,
vn,Shopee,758395205,get_category,100285,100075,USB & Mobile Lights,Đèn USB & Đèn điện thoại,False,
vn,Shopee,758395205,get_category,100284,100075,"Cables, Chargers & Converters","Cáp, sạc & bộ chuyển đổi",True,
vn,Shopee,758395205,get_category,100484,100284,Others,Khác,False,
vn,Shopee,758395205,get_category,100483,100284,Docks & Stands,Đế sạc đứng,False,
vn,Shopee,758395205,get_category,100482,100284,Chargers,Bộ sạc,False,
vn,Shopee,758395205,get_category,100481,100284,Mobile Cables & Converters,Cáp & Bộ chuyển đổi di động,False,
vn,Shopee,758395205,get_category,100480,100284,Travel Adaptors,Bộ sạc du lịch,False,
vn,Shopee,758395205,get_category,100479,100284,"Cable Cases, Protectors, & Winders","Bao đựng cáp, Bảo vệ cáp & Cuộn dây",False,
vn,Shopee,758395205,get_category,100283,100075,Mobile Pouches,Túi đựng điện thoại,False,
vn,Shopee,758395205,get_category,100282,100075,Casting Devices,Thiết bị trình chiếu,False,
vn,Shopee,758395205,get_category,100281,100075,Memory Cards,Thẻ nhớ,False,
vn,Shopee,758395205,get_category,100280,100075,Phone Straps & Keychains,Dây đeo điện thoại & Móc khóa,False,
vn,Shopee,758395205,get_category,100279,100075,Phone Grips,Kẹp điện thoại,False,
vn,Shopee,758395205,get_category,100278,100075,Stylus,Bút cảm ứng,False,
vn,Shopee,758395205,get_category,100277,100075,USB & Mobile Fans,Quạt USB & Quạt điện thoại,False,
vn,Shopee,758395205,get_category,100276,100075,Mobile Flashes & Selfie Lights,Đèn flash điện thoại & Đèn selfie,False,
vn,Shopee,758395205,get_category,100275,100075,Mobile Lens,Ống kính điện thoại,False,
vn,Shopee,758395205,get_category,100274,100075,Selfie Accessories,Phụ kiện selfie,True,
vn,Shopee,758395205,get_category,100478,100274,Others,Khác,False,
vn,Shopee,758395205,get_category,100477,100274,Remote Shutters,Điều khiển chụp hình,False,
vn,Shopee,758395205,get_category,100476,100274,Lazypods,Giá đỡ,False,
vn,Shopee,758395205,get_category,100475,100274,Selfie Sticks,Gậy selfie,False,
vn,Shopee,758395205,get_category,100074,100013,Wearable Devices,Thiết bị đeo thông minh,True,
vn,Shopee,758395205,get_category,100273,100074,Others,Khác,False,
vn,Shopee,758395205,get_category,100272,100074,GPS Trackers,Thiết bị định vị GPS,False,
vn,Shopee,758395205,get_category,100271,100074,VR Devices,Thiết bị thực tế ảo,False,
vn,Shopee,758395205,get_category,100270,100074,Smartwatches & Fitness Trackers,Đồng hồ thông minh & Vòng đeo tay sức khỏe,False,
vn,Shopee,758395205,get_category,100073,100013,Mobile Phones,Điện thoại,False,
vn,Shopee,758395205,get_category,100072,100013,Tablets,Máy tính bảng,False,
vn,Shopee,758395205,get_category,100071,100013,Sim Cards,Thẻ sim,False,
vn,Shopee,758395205,get_category,100015,0,Travel & Luggage,Du lịch & Hành lý,True,
vn,Shopee,758395205,get_category,100088,100015,Others,Khác,False,
vn,Shopee,758395205,get_category,100087,100015,Travel Accessories,Phụ kiện du lịch,True,
vn,Shopee,758395205,get_category,100333,100087,Others,Phụ kiện khác,False,
vn,Shopee,758395205,get_category,100332,100087,Travel Size Bottles & Containers,Bộ chiết mỹ phẩm,False,
vn,Shopee,758395205,get_category,100331,100087,Travel Pillows & Eye Covers,Gối & Bịt mắt,False,
vn,Shopee,758395205,get_category,100330,100087,Luggage Scales,Cân hành lý,False,
vn,Shopee,758395205,get_category,100329,100087,Luggage Locks,Khóa vali,False,
vn,Shopee,758395205,get_category,100328,100087,Luggage Straps,Dây đai vali,False,
vn,Shopee,758395205,get_category,100327,100087,Luggage Tags,Thẻ hành lý,False,
vn,Shopee,758395205,get_category,100326,100087,Luggage Protectors & Covers,Áo trùm vali,False,
vn,Shopee,758395205,get_category,100325,100087,Travel Organizers,Túi du lịch nhiều ngăn,False,
vn,Shopee,758395205,get_category,100324,100087,Passport Holders & Covers,Ví hộ chiếu,False,
vn,Shopee,758395205,get_category,100086,100015,Travel Bags,Túi du lịch,True,
vn,Shopee,758395205,get_category,100323,100086,Others,Túi khác,False,
vn,Shopee,758395205,get_category,100322,100086,Drawstring Bags,Túi dây rút,False,
vn,Shopee,758395205,get_category,100321,100086,Foldable Bags,Túi gấp gọn,False,
vn,Shopee,758395205,get_category,100320,100086,Duffel & Weekender Bags,Túi trống,False,
vn,Shopee,758395205,get_category,100085,100015,Luggage,Vali,False,
vn,Shopee,758395205,get_category,100016,0,Women Bags,Túi Ví Nữ,True,
vn,Shopee,758395205,get_category,100098,100016,Others,Khác,False,
vn,Shopee,758395205,get_category,100097,100016,Bag Accessories,Phụ kiện túi,True,
vn,Shopee,758395205,get_category,100349,100097,Others,Phụ kiện khác,False,
vn,Shopee,758395205,get_category,100348,100097,Cleaning & Care Equipment,Dụng cụ vệ sinh và chăm sóc túi,False,
vn,Shopee,758395205,get_category,100347,100097,Bag Organizers,Túi đa ngăn tiện ích,False,
vn,Shopee,758395205,get_category,100346,100097,Charms & Twillies,Charm và phụ kiện gắn túi,False,
vn,Shopee,758395205,get_category,100345,100097,Bag Holders,Dụng cụ treo/đựng túi,False,
vn,Shopee,758395205,get_category,100344,100097,Bag Straps,Dây đeo túi,False,
vn,Shopee,758395205,get_category,100096,100016,Wallets,Ví,True,
vn,Shopee,758395205,get_category,100343,100096,Others,Ví khác,False,
vn,Shopee,758395205,get_category,100342,100096,Long Wallets,Ví dài,False,
vn,Shopee,758395205,get_category,100341,100096,Bifold & Trifold Wallets,Ví gập,False,
vn,Shopee,758395205,get_category,100340,100096,Phone & Key Wallets,Ví đựng điện thoại & chìa khóa,False,
vn,Shopee,758395205,get_category,100339,100096,Coin Holders & Purses,Ví mini đựng tiền,False,
vn,Shopee,758395205,get_category,100338,100096,Card Holders,Ví đựng thẻ,False,
vn,Shopee,758395205,get_category,100095,100016,Crossbody & Shoulder Bags,Túi đeo chéo & Túi đeo vai,False,
vn,Shopee,758395205,get_category,100094,100016,Top-handle Bags,Túi quai xách,False,
vn,Shopee,758395205,get_category,100093,100016,Tote Bags,Túi tote,False,
vn,Shopee,758395205,get_category,100092,100016,Waist Bags & Chest Bags,Túi đeo hông & Túi đeo ngực,False,
vn,Shopee,758395205,get_category,100091,100016,Clutches & Wristlets,Ví dự tiệc & Ví cầm tay,False,
vn,Shopee,758395205,get_category,100090,100016,Laptop Bags,Cặp laptop,True,
vn,Shopee,758395205,get_category,100337,100090,Others,Khác,False,
vn,Shopee,758395205,get_category,100336,100090,Laptop Backpacks,Ba lô laptop,False,
vn,Shopee,758395205,get_category,100335,100090,Laptop Sleeves,Túi chống sốc laptop,False,
vn,Shopee,758395205,get_category,100334,100090,Laptop Bags & Cases,Túi & cặp đứng laptop,False,
vn,Shopee,758395205,get_category,100089,100016,Backpacks,Ba lô,False,
vn,Shopee,758395205,get_category,100532,0,Women Shoes,Giày Dép Nữ,True,
vn,Shopee,758395205,get_category,100563,100532,Others,Khác,False,
vn,Shopee,758395205,get_category,100562,100532,Shoe Care & Accessories,Phụ kiện & chăm sóc giày,True,
vn,Shopee,758395205,get_category,100603,100562,Others,Khác,False,
vn,Shopee,758395205,get_category,100602,100562,Shoe Laces,Dây giày,False,
vn,Shopee,758395205,get_category,100601,100562,Shoe Care & Cleaning Tools,Đồ chăm sóc và làm sạch giày,False,
vn,Shopee,758395205,get_category,100600,100562,Shoe Horns & Trees,Cây đón gót & Giữ form giày,False,
vn,Shopee,758395205,get_category,100599,100562,Insoles & Heel Liners,Miếng lót giày,False,
vn,Shopee,758395205,get_category,100598,100562,Shoe Deodorizers,Đồ khử mùi giày,False,
vn,Shopee,758395205,get_category,100561,100532,Flat Sandals & Flip Flops,Xăng-đan và dép,True,
vn,Shopee,758395205,get_category,100597,100561,Others,Khác,False,
vn,Shopee,758395205,get_category,100596,100561,Indoor Slippers,Dép đi trong nhà,False,
vn,Shopee,758395205,get_category,100595,100561,Health Slippers,Dép mát-xa,False,
vn,Shopee,758395205,get_category,100594,100561,Flip Flops,Dép kẹp/ dép xỏ ngón,False,
vn,Shopee,758395205,get_category,100593,100561,Flat Sandals,Xăng-đan đế bằng,False,
vn,Shopee,758395205,get_category,100560,100532,Wedges,Giày đế xuồng,False,
vn,Shopee,758395205,get_category,100559,100532,Heels,Giày cao gót,False,
vn,Shopee,758395205,get_category,100558,100532,Flats,Giày đế bằng,True,
vn,Shopee,758395205,get_category,100592,100558,Others,Khác,False,
vn,Shopee,758395205,get_category,100591,100558,"Slip Ons, Mary Janes & Mules",Giày sục & Giày búp bê,False,
vn,Shopee,758395205,get_category,100590,100558,Oxfords & Lace-Ups,Giày Oxford & Giày buộc dây,False,
vn,Shopee,758395205,get_category,100589,100558,Loafers & Boat Shoes,Giày lười,False,
vn,Shopee,758395205,get_category,100588,100558,Ballet Flats,Giày bale,False,
vn,Shopee,758395205,get_category,100557,100532,Sneakers,Giày thể thao/ sneaker,False,
vn,Shopee,758395205,get_category,100556,100532,Boots,Bốt,True,
vn,Shopee,758395205,get_category,100587,100556,Others,Khác,False,
vn,Shopee,758395205,get_category,100586,100556,Fashion Boots,Bốt thời trang,False,
vn,Shopee,758395205,get_category,100585,100556,Rain Boots,Bốt đi mưa,False,
vn,Shopee,758395205,get_category,100533,0,Men Bags,Túi Ví Nam,True,
vn,Shopee,758395205,get_category,100572,100533,Others,Khác,False,
vn,Shopee,758395205,get_category,100571,100533,Wallets,Bóp/ Ví,True,
vn,Shopee,758395205,get_category,100613,100571,Others,Ví khác,False,
vn,Shopee,758395205,get_category,100612,100571,Long Wallets,Ví dài,False,
vn,Shopee,758395205,get_category,100611,100571,Bifold & Trifold Wallets,Ví gập đôi & gập ba,False,
vn,Shopee,758395205,get_category,100610,100571,Phone & Key Wallets,Ví đựng điện thoại & chìa khóa,False,
vn,Shopee,758395205,get_category,100609,100571,Coin Holders & Purses,Ví đựng tiền xu,False,
vn,Shopee,758395205,get_category,100608,100571,Card Holders,Ví đựng thẻ,False,
vn,Shopee,758395205,get_category,100570,100533,Crossbody & Shoulder Bags,Túi đeo chéo,False,
vn,Shopee,758395205,get_category,100569,100533,Waist Bags & Chest Bags,Túi đeo hông & Túi đeo ngực,False,
vn,Shopee,758395205,get_category,100568,100533,Clutches,Ví cầm tay,False,
vn,Shopee,758395205,get_category,100567,100533,Briefcases,Cặp xách công sở,False,
vn,Shopee,758395205,get_category,100566,100533,Tote Bags,Túi tote,False,
vn,Shopee,758395205,get_category,100565,100533,Laptop Bags,Cặp laptop,True,
vn,Shopee,758395205,get_category,100607,100565,Others,Khác,False,
vn,Shopee,758395205,get_category,100606,100565,Laptop Backpacks,Ba lô laptop,False,
vn,Shopee,758395205,get_category,100605,100565,Laptop Sleeves,Túi chống sốc laptop,False,
vn,Shopee,758395205,get_category,100604,100565,Laptop Bags & Cases,Túi & cặp đựng laptop,False,
vn,Shopee,758395205,get_category,100564,100533,Backpacks,Ba lô,False,
vn,Shopee,758395205,get_category,100534,0,Watches,Đồng Hồ,True,
vn,Shopee,758395205,get_category,100577,100534,Others,Khác,False,
vn,Shopee,758395205,get_category,100576,100534,Watches Accessories,Phụ kiện đồng hồ,True,
vn,Shopee,758395205,get_category,100619,100576,Others,Khác,False,
vn,Shopee,758395205,get_category,100618,100576,Boxes,Hộp đựng đồng hồ,False,
vn,Shopee,758395205,get_category,100617,100576,Batteries,Pin đồng hồ,False,
vn,Shopee,758395205,get_category,100616,100576,Buckles,Khóa đồng hồ,False,
vn,Shopee,758395205,get_category,100615,100576,Service Tools,Dụng cụ sửa chữa,False,
vn,Shopee,758395205,get_category,100614,100576,Straps,Dây đồng hồ,False,
vn,Shopee,758395205,get_category,100575,100534,Set & Couple Watches,Bộ đồng hồ & Đồng hồ cặp,False,
vn,Shopee,758395205,get_category,100574,100534,Men Watches,Đồng hồ nam,False,
vn,Shopee,758395205,get_category,100573,100534,Women Watches,Đồng hồ nữ,False,
vn,Shopee,758395205,get_category,100535,0,Audio,Thiết Bị Âm Thanh,True,
vn,Shopee,758395205,get_category,100584,100535,Others,Khác,False,
vn,Shopee,758395205,get_category,100583,100535,Audio & Video Cables & Converters,Cáp âm thanh/ video & Đầu chuyển,False,
vn,Shopee,758395205,get_category,100582,100535,Home Audio & Speakers,Dàn âm thanh,True,
vn,Shopee,758395205,get_category,100628,100582,Others,Khác,False,
vn,Shopee,758395205,get_category,100627,100582,AV Receivers,Thu sóng AV,False,
vn,Shopee,758395205,get_category,100626,100582,Home Theater Systems,Hệ thống âm thanh giải trí tại gia,False,
vn,Shopee,758395205,get_category,100625,100582,Speakers,Loa,False,
vn,Shopee,758395205,get_category,100581,100535,Amplifiers & Mixers,Amply và đầu chỉnh âm,False,
vn,Shopee,758395205,get_category,100580,100535,Microphones,Micro thu âm,False,
vn,Shopee,758395205,get_category,100579,100535,Media Players,Máy nghe nhạc,True,
vn,Shopee,758395205,get_category,100624,100579,Others,Khác,False,
vn,Shopee,758395205,get_category,100623,100579,Radio & Cassette Players,Radio & Cát-sét,False,
vn,Shopee,758395205,get_category,100622,100579,Voice Recorders,Máy ghi âm,False,
vn,Shopee,758395205,get_category,100621,100579,"CD, DVD, & Blu-ray Players","CD, DVD & Bluray",False,
vn,Shopee,758395205,get_category,100620,100579,MP3 & MP4 Players,MP3 & MP4,False,
vn,Shopee,758395205,get_category,100578,100535,"Earphones, Headphones & Headsets",Tai nghe nhét tai & chụp tai,False,
vn,Shopee,758395205,get_category,100629,0,Food & Beverages,Thực phẩm và đồ uống,True,
vn,Shopee,758395205,get_category,100657,100629,Others,Khác,False,
vn,Shopee,758395205,get_category,100656,100629,Gift Set & Hampers,Bộ quà tặng,False,
vn,Shopee,758395205,get_category,100655,100629,Alcoholic Beverages,Đồ uống có cồn,True,
vn,Shopee,758395205,get_category,100864,100655,Others,Khác,False,
vn,Shopee,758395205,get_category,100863,100655,"Sake, Soju & Umeshu","Rượu sake, soju & umeshu",False,
vn,Shopee,758395205,get_category,100862,100655,Liquor & Spirits,Rượu mạnh,False,
vn,Shopee,758395205,get_category,100861,100655,Wine & Champagne,Rượu vang & Sâm panh,False,
vn,Shopee,758395205,get_category,100860,100655,Beer & Cider,Bia và trái cây lên men,False,
vn,Shopee,758395205,get_category,100654,100629,Bakery,Các loại bánh,True,
vn,Shopee,758395205,get_category,100859,100654,Others,Khác,False,
vn,Shopee,758395205,get_category,100858,100654,Pastry,Bánh ngọt/ pastry,False,
vn,Shopee,758395205,get_category,100857,100654,Cakes & Pies,Bánh kem,False,
vn,Shopee,758395205,get_category,100856,100654,Breads,Bánh mì,False,
vn,Shopee,758395205,get_category,100653,100629,Fresh & Frozen Food,Thực phẩm tươi sống & đông lạnh,True,
vn,Shopee,758395205,get_category,100855,100653,Processed Meat & Seafood,Thịt và hải sản chế biến sẵn,False,
vn,Shopee,758395205,get_category,100854,100653,Frozen Processed Food,Thực phẩm đông lạnh chế biến sẵn,False,
vn,Shopee,758395205,get_category,100853,100653,Mushroom,Nấm,False,
vn,Shopee,758395205,get_category,100852,100653,Fruits,Trái cây,True,
vn,Shopee,758395205,get_category,102093,100852,Others,Khác,False,
vn,Shopee,758395205,get_category,102092,100852,Pre-cut & Assorted Fruit Set,Trái cây sơ chế & set trái cây,False,
vn,Shopee,758395205,get_category,102091,100852,Tropical & Exotic Fruits,Trái cây nhiệt đới & ngoại lai,False,
vn,Shopee,758395205,get_category,102090,100852,Stonefruits,Các loại quả hạch,False,
vn,Shopee,758395205,get_category,102089,100852,Melons,Các loại dưa,False,
vn,Shopee,758395205,get_category,102088,100852,Grapes,Nho,False,
vn,Shopee,758395205,get_category,102087,100852,Citrus,Họ cam quýt,False,
vn,Shopee,758395205,get_category,102086,100852,Berries,Các loại quả mọng,False,
vn,Shopee,758395205,get_category,102085,100852,Bananas,Chuối,False,
vn,Shopee,758395205,get_category,102084,100852,Apples & Pears,Táo & Lê,False,
vn,Shopee,758395205,get_category,100851,100653,Vegetables,Rau củ,True,
vn,Shopee,758395205,get_category,102083,100851,Others,Khác,False,
vn,Shopee,758395205,get_category,102082,100851,Pre-cut & Assorted Vegetable Set,Rau củ sơ chế & set rau củ,False,
vn,Shopee,758395205,get_category,102081,100851,Salads Vegetables ,Các loại rau salad,False,
vn,Shopee,758395205,get_category,102080,100851,Sprouts,Rau mầm,False,
vn,Shopee,758395205,get_category,102079,100851,Root & Stem Vegetables,Rau dạng củ & thân,False,
vn,Shopee,758395205,get_category,102078,100851,"Peas, Beans, Nuts & Corn","Đậu, hạt & bắp",False,
vn,Shopee,758395205,get_category,102077,100851,"Garlic, Ginger & Onion ","Tỏi, gừng & củ hành",False,
vn,Shopee,758395205,get_category,102076,100851,Chilli & Capsicum,Ớt,False,
vn,Shopee,758395205,get_category,102075,100851,Broccoli & Cauliflowers,Bông cải & súp lơ,False,
vn,Shopee,758395205,get_category,102074,100851,"Brinjals, Gourds & Squashes","Họ cà tím, họ bầu bí",False,
vn,Shopee,758395205,get_category,102073,100851,Leafy Vegetables,Các loại rau cải,False,
vn,Shopee,758395205,get_category,102072,100851,Fresh Herbs,Rau gia vị,False,
vn,Shopee,758395205,get_category,102071,100851,Cabbage & Brussel Sprouts,Bắp cải,False,
vn,Shopee,758395205,get_category,100850,100653,Others,Khác,False,
vn,Shopee,758395205,get_category,100849,100653,Vegetarian Meat,Thịt chay,False,
vn,Shopee,758395205,get_category,100848,100653,Seafood,Hải sản,True,
vn,Shopee,758395205,get_category,101606,100848,Others,Khác,False,
vn,Shopee,758395205,get_category,101605,100848,Crab,Cua,False,
vn,Shopee,758395205,get_category,101604,100848,Prawn,Tôm,False,
vn,Shopee,758395205,get_category,101603,100848,Fish,Cá,False,
vn,Shopee,758395205,get_category,100847,100653,Meat,Thịt,True,
vn,Shopee,758395205,get_category,101602,100847,Others,Khác,False,
vn,Shopee,758395205,get_category,101601,100847,Lamb,Thịt cừu,False,
vn,Shopee,758395205,get_category,101600,100847,Pork,Thịt lợn,False,
vn,Shopee,758395205,get_category,101599,100847,Poultry,Thịt gia cầm,False,
vn,Shopee,758395205,get_category,101598,100847,Beef,Thịt bò,False,
vn,Shopee,758395205,get_category,100652,100629,Dairy & Eggs,Sữa - trứng,True,
vn,Shopee,758395205,get_category,100846,100652,Others,Khác,False,
vn,Shopee,758395205,get_category,100845,100652,Beancurd,Đậu phụ,False,
vn,Shopee,758395205,get_category,100844,100652,Eggs,Trứng,False,
vn,Shopee,758395205,get_category,100843,100652,Ice cream,Kem,False,
vn,Shopee,758395205,get_category,100842,100652,Cheese & Cheese Powder,Phô mai & bột phô mai,False,
vn,Shopee,758395205,get_category,100841,100652,Butter & Margarine,Bơ động vật & thực vật,False,
vn,Shopee,758395205,get_category,100840,100652,Creamers,Bột kem béo,False,
vn,Shopee,758395205,get_category,100839,100652,Yogurt & Cultured Milk,Sữa chua,False,
vn,Shopee,758395205,get_category,100838,100652,Milk,Sữa,True,
vn,Shopee,758395205,get_category,101597,100838,Others,Khác,False,
vn,Shopee,758395205,get_category,101596,100838,Powdered Milk,Sữa bột,False,
vn,Shopee,758395205,get_category,101595,100838,Condensed & Evaporated Milk,Sữa đặc,False,
vn,Shopee,758395205,get_category,101594,100838,UHT Milk,Sữa tiệt trùng,False,
vn,Shopee,758395205,get_category,101593,100838,Fresh Milk,Sữa tươi,False,
vn,Shopee,758395205,get_category,100651,100629,Beverages,Đồ uống,True,
vn,Shopee,758395205,get_category,100837,100651,Others,Khác,False,
vn,Shopee,758395205,get_category,100836,100651,Non-dairy Milk,Sữa thực vật,False,
vn,Shopee,758395205,get_category,100835,100651,Drink Toppings,Topping,False,
vn,Shopee,758395205,get_category,100834,100651,Traditional & Herbal Drinks,Trà thảo mộc,False,
vn,Shopee,758395205,get_category,100833,100651,Dessert Drink,Đồ tráng miệng,False,
vn,Shopee,758395205,get_category,100832,100651,Powdered Drink Mixes,Bột pha,False,
vn,Shopee,758395205,get_category,100831,100651,Carbonated Drinks & Tonics,Nước có ga,False,
vn,Shopee,758395205,get_category,100830,100651,Cordial & Syrups,Siro pha,False,
vn,Shopee,758395205,get_category,100829,100651,Juice & Juice Vinegar,Nước trái cây lên men,False,
vn,Shopee,758395205,get_category,100828,100651,Water,Nước tinh khiết,False,
vn,Shopee,758395205,get_category,100827,100651,Energy & Isotonic Drinks,Nước tăng lực,False,
vn,Shopee,758395205,get_category,100826,100651,Chocolate Drinks,Thức uống Sô cô la,False,
vn,Shopee,758395205,get_category,100825,100651,Tea & Tea Bags,Trà & trà túi lọc,False,
vn,Shopee,758395205,get_category,100824,100651,Coffee,Cà phê,False,
vn,Shopee,758395205,get_category,100650,100629,Breakfast Cereals & Spread,Ngũ cốc & mứt,True,
vn,Shopee,758395205,get_category,100823,100650,Others,Khác,False,
vn,Shopee,758395205,get_category,100822,100650,Breakfast Bar,Thanh dinh dưỡng,False,
vn,Shopee,758395205,get_category,100821,100650,"Cereal, Granola & Oats",Ngũ cốc,False,
vn,Shopee,758395205,get_category,100820,100650,Jam & Spread,Mứt,False,
vn,Shopee,758395205,get_category,100819,100650,Honey & Maple Syrups,Mật ong và siro,False,
vn,Shopee,758395205,get_category,100649,100629,Baking Needs,Đồ làm bánh,True,
vn,Shopee,758395205,get_category,100818,100649,Others,Khác,False,
vn,Shopee,758395205,get_category,100817,100649,Baking Decoration,Đồ trang trí,False,
vn,Shopee,758395205,get_category,100816,100649,Food Coloring,Chất tạo màu,False,
vn,Shopee,758395205,get_category,100815,100649,Flour,Bột mì,False,
vn,Shopee,758395205,get_category,100814,100649,Baking Premix Flour,Bột pha sẵn,False,
vn,Shopee,758395205,get_category,100813,100649,Baking Powder & Soda,Bột nở và muối nở,False,
vn,Shopee,758395205,get_category,100812,100649,Baking Flavoring,Hương liệu,False,
vn,Shopee,758395205,get_category,100648,100629,Cooking Essentials,Nguyên liệu nấu ăn,True,
vn,Shopee,758395205,get_category,100811,100648,Others,Khác,False,
vn,Shopee,758395205,get_category,100810,100648,Flour Coating,Bột phủ,False,
vn,Shopee,758395205,get_category,100809,100648,Flavour Enhancers,Phụ gia thực phẩm,False,
vn,Shopee,758395205,get_category,100808,100648,Cooking Paste & Kit,Gói/ bột gia vị,False,
vn,Shopee,758395205,get_category,100807,100648,"Stock, Gravy & Instant Soup",Sốt & súp ăn liền,False,
vn,Shopee,758395205,get_category,100806,100648,Sweetener,Chất tạo ngọt,False,
vn,Shopee,758395205,get_category,100805,100648,Sugar,Đường,False,
vn,Shopee,758395205,get_category,100804,100648,Seasonings & Condiments,Gia vị & Hương liệu,True,
vn,Shopee,758395205,get_category,101592,100804,Others,Khác,False,
vn,Shopee,758395205,get_category,101591,100804,Dressing,Nước chấm,False,
vn,Shopee,758395205,get_category,101590,100804,Cooking Wine,Rượu nấu ăn,False,
vn,Shopee,758395205,get_category,101589,100804,Vinegar,Giấm,False,
vn,Shopee,758395205,get_category,101588,100804,Chilli & Sambal,Ớt & sa tế,False,
vn,Shopee,758395205,get_category,101587,100804,Sauce,Các loại sốt,False,
vn,Shopee,758395205,get_category,101586,100804,Herbs & Spices,Gia vị & Thảo mộc,False,
vn,Shopee,758395205,get_category,101585,100804,Salt,Muối,False,
vn,Shopee,758395205,get_category,101584,100804,Pepper,Tiêu,False,
vn,Shopee,758395205,get_category,100803,100648,Oil,Dầu ăn,False,
vn,Shopee,758395205,get_category,100647,100629,Food Staples,Nhu yếu phẩm,True,
vn,Shopee,758395205,get_category,100802,100647,Preserved Vegetables,Rau củ ngâm,False,
vn,Shopee,758395205,get_category,100801,100647,Canned Food,Thực phẩm đóng hộp,True,
vn,Shopee,758395205,get_category,102028,100801,Others,Khác,False,
vn,Shopee,758395205,get_category,102027,100801,Canned Soup,Súp hộp,False,
vn,Shopee,758395205,get_category,102026,100801,Canned Vegetables,Rau củ đóng hộp,False,
vn,Shopee,758395205,get_category,102025,100801,Canned Seafood,Hải sản đóng hộp,False,
vn,Shopee,758395205,get_category,102024,100801,Canned Meat,Thịt hộp,False,
vn,Shopee,758395205,get_category,101583,100801,Canned Fruits,Trái cây đóng hộp,False,
vn,Shopee,758395205,get_category,100800,100647,Others,Khác,False,
vn,Shopee,758395205,get_category,100799,100647,Pasta,Mì Ý,False,
vn,Shopee,758395205,get_category,100798,100647,Rice,Gạo,False,
vn,Shopee,758395205,get_category,100797,100647,Noodles,Mì,False,
vn,Shopee,758395205,get_category,100796,100647,Dried Goods,Thực phẩm khô,True,
vn,Shopee,758395205,get_category,101582,100796,Others,Khác,False,
vn,Shopee,758395205,get_category,101581,100796,Traditional Herbs,Thảo mộc truyền thống,False,
vn,Shopee,758395205,get_category,101580,100796,Dried Seafood,Hải sản sấy khô,False,
vn,Shopee,758395205,get_category,101579,100796,Beans & Grains,Đậu & ngũ cốc,False,
vn,Shopee,758395205,get_category,100646,100629,Snacks,Đồ ăn vặt,True,
vn,Shopee,758395205,get_category,100795,100646,Dried Snacks,Thức ăn khô,True,
vn,Shopee,758395205,get_category,101578,100795,Others,Khác,False,
vn,Shopee,758395205,get_category,101577,100795,Dried Seafood Snacks,Hải sản sấy khô,False,
vn,Shopee,758395205,get_category,101576,100795,Meat Floss,Chà bông,False,
vn,Shopee,758395205,get_category,101575,100795,Dried Fruits,Hoa quả sấy khô,False,
vn,Shopee,758395205,get_category,101574,100795,Meat Jerky and Bakkwa,Thịt khô,False,
vn,Shopee,758395205,get_category,100794,100646,"Pudding, Jellies & Marshmallow","Pudding, thạch & kẹo dẻo",False,
vn,Shopee,758395205,get_category,100793,100646,Others,Khác,False,
vn,Shopee,758395205,get_category,100792,100646,Nuts,Các loại đậu sấy khô,False,
vn,Shopee,758395205,get_category,100791,100646,Seaweed,Các loại rong biển ăn liền,False,
vn,Shopee,758395205,get_category,100790,100646,Popcorn,Bỏng ngô,False,
vn,Shopee,758395205,get_category,100789,100646,Seeds,Các loại hạt sấy khô,False,
vn,Shopee,758395205,get_category,100788,100646,Chips & Crisps,Khoai tây lát,False,
vn,Shopee,758395205,get_category,100787,100646,"Biscuits, Cookies & Wafers",Bánh quy,False,
vn,Shopee,758395205,get_category,100786,100646,Chocolate,Sô cô la,False,
vn,Shopee,758395205,get_category,100785,100646,Sweets & Candy,Kẹo,False,
vn,Shopee,758395205,get_category,100645,100629,Convenience / Ready-to-eat,Đồ chế biến sẵn,True,
vn,Shopee,758395205,get_category,100784,100645,Instant Noodles,Mì ăn liền,False,
vn,Shopee,758395205,get_category,100783,100645,Instant Hotpot,Lẩu ăn liền,False,
vn,Shopee,758395205,get_category,100782,100645,Instant Rice & Porridge,Cơm và cháo ăn liền,False,
vn,Shopee,758395205,get_category,100781,100645,Others,Khác,False,
vn,Shopee,758395205,get_category,100780,100645,Cooked Food,Đồ ăn chế biến sẵn,False,
vn,Shopee,758395205,get_category,100631,0,Pets,Chăm Sóc Thú Cưng,True,
vn,Shopee,758395205,get_category,100673,100631,Others,Khác,False,
vn,Shopee,758395205,get_category,100672,100631,Pet Healthcare,Chăm sóc sức khỏe,True,
vn,Shopee,758395205,get_category,100944,100672,Vitamins & Supplements,Vitamin & chất bổ sung dinh dưỡng,False,
vn,Shopee,758395205,get_category,100943,100672,Others,Khác,False,
vn,Shopee,758395205,get_category,100671,100631,Pet Clothing & Accessories,Quần áo & phụ kiện,True,
vn,Shopee,758395205,get_category,100940,100671,Others,Khác,False,
vn,Shopee,758395205,get_category,100939,100671,Hats,Mũ nón thú cưng,False,
vn,Shopee,758395205,get_category,100938,100671,Hair Accessories,Phụ kiện lông,False,
vn,Shopee,758395205,get_category,100937,100671,Eyewear,Kính mắt,False,
vn,Shopee,758395205,get_category,100936,100671,Neck Accessories,Phụ kiện đeo cổ,False,
vn,Shopee,758395205,get_category,100935,100671,"Boots, Socks & Paw Protectors","Giày, tất & bảo vệ móng",False,
vn,Shopee,758395205,get_category,100934,100671,Wet Weather Gear,Áo mưa chó mèo,False,
vn,Shopee,758395205,get_category,100933,100671,Pet Clothing,Quần áo thú cưng,False,
vn,Shopee,758395205,get_category,100670,100631,Pet Grooming,Làm đẹp cho thú cưng,True,
vn,Shopee,758395205,get_category,100932,100670,Others,Khác,False,
vn,Shopee,758395205,get_category,100931,100670,Claw Care,Chăm sóc móng,False,
vn,Shopee,758395205,get_category,100930,100670,Oral Care,Chăm sóc răng miệng,False,
vn,Shopee,758395205,get_category,100929,100670,Hair Care,Chăm sóc lông,False,
vn,Shopee,758395205,get_category,100669,100631,Litter & Toilet,Vệ sinh cho thú cưng,True,
vn,Shopee,758395205,get_category,100928,100669,Others,Khác,False,
vn,Shopee,758395205,get_category,100927,100669,Poop Bags & Scoopers,Túi & Xẻng dọn vệ sinh,False,
vn,Shopee,758395205,get_category,100926,100669,Dog Training Pads & Trays,Khay huấn luyện vệ sinh cho chó,False,
vn,Shopee,758395205,get_category,100925,100669,Diapers,Tã cho thú cưng,False,
vn,Shopee,758395205,get_category,100924,100669,Small Pet Bedding & Litter,Lót chuồng cho thú nhỏ,False,
vn,Shopee,758395205,get_category,100923,100669,Cat Litter & Boxes,Khay & Bồn vệ sinh cho mèo,False,
vn,Shopee,758395205,get_category,100668,100631,Pet Accessories,Phụ kiện cho thú cưng,True,
vn,Shopee,758395205,get_category,100922,100668,Others,Khác,False,
vn,Shopee,758395205,get_category,100921,100668,Aquarium Needs,Phụ kiện thủy sinh,False,
vn,Shopee,758395205,get_category,100920,100668,Pet Furniture,Nội thất cho thú cưng,True,
vn,Shopee,758395205,get_category,101686,100920,Others,Khác,False,
vn,Shopee,758395205,get_category,101685,100920,Scratching Pads & Posts,Bàn & cây cào móng,False,
vn,Shopee,758395205,get_category,101684,100920,Cages & Crates,Chuồng & lồng,False,
vn,Shopee,758395205,get_category,101683,100920,Habitats & Accessories,Phụ kiện nhà & chuồng,False,
vn,Shopee,758395205,get_category,101682,100920,Houses,Nhà,False,
vn,Shopee,758395205,get_category,101681,100920,Beds & Mats,Đệm & Thảm,False,
vn,Shopee,758395205,get_category,100919,100668,Toys,Đồ chơi,True,
vn,Shopee,758395205,get_category,101680,100919,Others,Khác,False,
vn,Shopee,758395205,get_category,101679,100919,Bird Toys,Đồ chơi cho chim,False,
vn,Shopee,758395205,get_category,101678,100919,Small Pet Toys,Đồ chơi cho thú nhỏ,False,
vn,Shopee,758395205,get_category,101677,100919,Dog & Cat Toys,Đồ chơi cho chó mèo,True,
vn,Shopee,758395205,get_category,101928,101677,Others,Khác,False,
vn,Shopee,758395205,get_category,101927,101677,Frisbees,Đĩa bay huấn luyện,False,
vn,Shopee,758395205,get_category,101926,101677,"Chew, Bones & Balls","Đồ chơi gặm, xương nhai & bóng",False,
vn,Shopee,758395205,get_category,101925,101677,Sticks & Chasers,Đồ chơi đuổi bắt,False,
vn,Shopee,758395205,get_category,100918,100668,"Leashes, Collars, Harnesses & Muzzles","Vòng cổ, dây dắt & rọ mõm",False,
vn,Shopee,758395205,get_category,100917,100668,Travel Essentials,Thiết bị du lịch,False,
vn,Shopee,758395205,get_category,100916,100668,Bowls & Feeders,Bát & dụng cụ ăn,False,
vn,Shopee,758395205,get_category,100667,100631,Pet Food,Thức ăn cho thú cưng,True,
vn,Shopee,758395205,get_category,100915,100667,Others,Khác,False,
vn,Shopee,758395205,get_category,100914,100667,Reptile Food,Thức ăn cho bò sát,False,
vn,Shopee,758395205,get_category,100913,100667,Bird Feed,Thức ăn cho chim,False,
vn,Shopee,758395205,get_category,100912,100667,Aquarium Pet Food,Thức ăn cho cá,False,
vn,Shopee,758395205,get_category,100911,100667,Small Pet Treats,Snack cho thú nhỏ,False,
vn,Shopee,758395205,get_category,100910,100667,Small Pet Food,Thức ăn cho thú nhỏ,False,
vn,Shopee,758395205,get_category,100909,100667,Cat Treats,Snack cho mèo,False,
vn,Shopee,758395205,get_category,100908,100667,Cat Food,Thức ăn cho mèo,False,
vn,Shopee,758395205,get_category,100907,100667,Dog Treats,Snack cho chó,False,
vn,Shopee,758395205,get_category,100906,100667,Dog Food,Thức ăn cho chó,False,
vn,Shopee,758395205,get_category,100632,0,Mom & Baby,Mẹ & Bé,True,
vn,Shopee,758395205,get_category,100686,100632,Others,Khác,False,
vn,Shopee,758395205,get_category,100685,100632,Gift Sets & Packages,Bộ & Gói quà tặng,False,
vn,Shopee,758395205,get_category,100684,100632,Toys,Đồ chơi,True,
vn,Shopee,758395205,get_category,101015,100684,Others,Khác,False,
vn,Shopee,758395205,get_category,101014,100684,Slime & Squishy Toys,Slime & Đồ chơi nhựa dẻo,False,
vn,Shopee,758395205,get_category,101013,100684,Robot Toys,Đồ chơi Robot,False,
vn,Shopee,758395205,get_category,101012,100684,Educational Toys,Đồ chơi giáo dục,True,
vn,Shopee,758395205,get_category,101739,101012,Others,Khác,False,
vn,Shopee,758395205,get_category,101738,101012,Toy Tablets & Computers,Đồ chơi điện tử & Máy tính đồ chơi,False,
vn,Shopee,758395205,get_category,101737,101012,Musical Toys,Đồ chơi âm nhạc,False,
vn,Shopee,758395205,get_category,101736,101012,Puzzles,Đồ chơi xếp hình,False,
vn,Shopee,758395205,get_category,101735,101012,Shape Sorters,Đồ chơi hình khối,False,
vn,Shopee,758395205,get_category,101734,101012,Science & Tech Toys,Đồ chơi khoa học & Công nghệ,False,
vn,Shopee,758395205,get_category,101733,101012,Math Toys,Đồ chơi toán học,False,
vn,Shopee,758395205,get_category,101732,101012,Arts & Crafts,Đồ chơi mỹ thuật & Thủ công,False,
vn,Shopee,758395205,get_category,101011,100684,Sports & Outdoor Play,Đồ chơi vận động & Ngoài trời,True,
vn,Shopee,758395205,get_category,101731,101011,Others,Khác,False,
vn,Shopee,758395205,get_category,101730,101011,"Flying Toys, Kites & Wind Spinners","Đồ chơi mô hình bay, diều & Chong chóng",False,
vn,Shopee,758395205,get_category,101729,101011,Sports Toys,Đồ chơi thể thao,False,
vn,Shopee,758395205,get_category,101728,101011,Blasters & Toy Guns,Súng đồ chơi,False,
vn,Shopee,758395205,get_category,101727,101011,"Pool, Water & Sand Toys","Phao tắm, Đồ chơi nước & Xúc cát",False,
vn,Shopee,758395205,get_category,101726,101011,"Play Tents, Tunnels & Ball Pits","Lều, Ống đường hầm & Nhà banh",False,
vn,Shopee,758395205,get_category,101725,101011,Inflatables & Slides,Nhà hơi & Cầu trượt,False,
vn,Shopee,758395205,get_category,101724,101011,"Bicycles, Scooters & Ride-ons","Xe đạp, Xe chòi chân & Xe điện",False,
vn,Shopee,758395205,get_category,101010,100684,Toy Vehicles,Xe đồ chơi,False,
vn,Shopee,758395205,get_category,101009,100684,Pretend Play,Đồ chơi nhập vai,False,
vn,Shopee,758395205,get_category,101008,100684,Dolls & Stuffed Toys,Búp bê & Thú nhồi bông,True,
vn,Shopee,758395205,get_category,101723,101008,Others,Khác,False,
vn,Shopee,758395205,get_category,101722,101008,Stuffed Toys,Thú nhồi bông,False,
vn,Shopee,758395205,get_category,101721,101008,Doll Houses & Accessories,Nhà búp bê & Phụ kiện,False,
vn,Shopee,758395205,get_category,101720,101008,Dolls & Accessories,Búp bê & Phụ kiện,False,
vn,Shopee,758395205,get_category,101007,100684,Block Toys,Đồ chơi lắp ráp,False,
vn,Shopee,758395205,get_category,101006,100684,Baby & Toddler Toys,Đồ chơi cho trẻ sơ sinh & trẻ nhỏ,True,
vn,Shopee,758395205,get_category,101719,101006,Others,Khác,False,
vn,Shopee,758395205,get_category,101718,101006,Teethers,Gặm nướu,False,
vn,Shopee,758395205,get_category,101717,101006,Crib Mobiles & Rattles,"Đồ chơi treo cũi, nôi & Lục lạc",False,
vn,Shopee,758395205,get_category,101716,101006,Bath Toys,Đồ chơi nhà tắm,False,
vn,Shopee,758395205,get_category,101715,101006,Playards & Playpens,Cũi & Quây em bé,False,
vn,Shopee,758395205,get_category,101714,101006,Playgym & Playmats,Thảm chơi nhạc,False,
vn,Shopee,758395205,get_category,100683,100632,Diapering & Potty,Tã & bô em bé,True,
vn,Shopee,758395205,get_category,101005,100683,Others,Khác,False,
vn,Shopee,758395205,get_category,101004,100683,Cloth Diapers & Accessories,Tã vải & Phụ kiện,False,
vn,Shopee,758395205,get_category,101003,100683,Disposable Diapers,Tã dùng một lần,False,
vn,Shopee,758395205,get_category,101002,100683,Potty Training & Commode Chairs,Bệ thu nhỏ bồn cầu & Bô vệ sinh,False,
vn,Shopee,758395205,get_category,101001,100683,Changing Pads & Kits,Bộ lót thay tã,False,
vn,Shopee,758395205,get_category,100682,100632,Baby Healthcare,Chăm sóc sức khỏe bé,True,
vn,Shopee,758395205,get_category,101000,100682,Others,Khác,False,
vn,Shopee,758395205,get_category,100999,100682,Sun Care,Chống nắng cho bé,False,
vn,Shopee,758395205,get_category,100998,100682,Baby Oral Care,Chăm sóc răng miệng cho bé,False,
vn,Shopee,758395205,get_category,100997,100682,Baby Skincare,Chăm sóc da cho bé,True,
vn,Shopee,758395205,get_category,101713,100997,Others,Khác,False,
vn,Shopee,758395205,get_category,101712,100997,Powders,Phấn cho bé,False,
vn,Shopee,758395205,get_category,101711,100997,Oils,Dầu cho bé,False,
vn,Shopee,758395205,get_category,101710,100997,Lotion & Creams,Sữa & Kem dưỡng da,False,
vn,Shopee,758395205,get_category,100996,100682,Nasal Care,Chăm sóc mũi cho bé,False,
vn,Shopee,758395205,get_category,100995,100682,Baby Vitamins & Supplements,Vitamin & Thực phẩm bổ sung,False,
vn,Shopee,758395205,get_category,100681,100632,Milk Formula & Baby Food,Sữa công thức & Thực phẩm cho bé,True,
vn,Shopee,758395205,get_category,102070,100681,Ready-to-Drink Milk,Sữa pha sẵn,False,
vn,Shopee,758395205,get_category,100994,100681,Others,Khác,False,
vn,Shopee,758395205,get_category,100993,100681,Baby Snack,Đồ ăn nhẹ cho bé,False,
vn,Shopee,758395205,get_category,100992,100681,"Baby Porridge, Puree & Cereal","Cháo, Thực phẩm xay nhuyễn & Ngũ cốc",False,
vn,Shopee,758395205,get_category,100991,100681,Milk Formula,Sữa công thức,False,
vn,Shopee,758395205,get_category,100680,100632,Baby Safety,An toàn cho bé,True,
vn,Shopee,758395205,get_category,100990,100680,Others,Khác,False,
vn,Shopee,758395205,get_category,100989,100680,Safety Locks & Straps,Khóa & Dây đai an toàn,False,
vn,Shopee,758395205,get_category,100988,100680,Baby Gates & Doorways,Thanh chắn cửa & Cầu thang,False,
vn,Shopee,758395205,get_category,100987,100680,Edge & Corner Guards,Bọc góc & Cạnh,False,
vn,Shopee,758395205,get_category,100986,100680,"Bumpers, Rails & Guards","Bộ đệm cũi, Quây cũi & Thanh chắn giường",False,
vn,Shopee,758395205,get_category,100985,100680,Mosquito Netting,Màn chống muỗi,False,
vn,Shopee,758395205,get_category,100984,100680,Monitors,Thiết bị giám sát trẻ,False,
vn,Shopee,758395205,get_category,100679,100632,Nursery,Đồ dùng phòng ngủ cho bé,True,
vn,Shopee,758395205,get_category,100983,100679,Others,Khác,False,
vn,Shopee,758395205,get_category,100982,100679,Storage & Organization,Kệ & Tủ,False,
vn,Shopee,758395205,get_category,100981,100679,Mattresses & Bedding,Nệm và chăn ga,True,
vn,Shopee,758395205,get_category,101709,100981,Others,Khác,False,
vn,Shopee,758395205,get_category,101708,100981,Bedsheets,Ga trải giường,False,
vn,Shopee,758395205,get_category,101707,100981,Pillows & Bolsters,Gối,False,
vn,Shopee,758395205,get_category,101706,100981,Blankets & Wrappers,Chăn & Quấn em bé,False,
vn,Shopee,758395205,get_category,100980,100679,Walkers,Xe tập đi,False,
vn,Shopee,758395205,get_category,100979,100679,"Bouncers, Rockers & Jumpers","Ghế rung, Ghế nhún & Xích đu tập đi",False,
vn,Shopee,758395205,get_category,100978,100679,Cribs & Cradles & Beds,Nôi & Cũi & Giường cho bé,False,
vn,Shopee,758395205,get_category,100678,100632,Bath & Body Care,Đồ dùng phòng tắm & Chăm sóc cơ thể bé,True,
vn,Shopee,758395205,get_category,100977,100678,Others,Khác,False,
vn,Shopee,758395205,get_category,100976,100678,Baby Laundry Detergent,Giặt xả quần áo trẻ em,False,
vn,Shopee,758395205,get_category,100975,100678,Wipes,Khăn lau,False,
vn,Shopee,758395205,get_category,100974,100678,Baby Grooming Tools,Bộ chăm sóc trẻ sơ sinh,False,
vn,Shopee,758395205,get_category,100973,100678,Baby Colognes & Fragrances,Nước hoa cho bé,False,
vn,Shopee,758395205,get_category,100972,100678,Hair Care & Body Wash,Sản phẩm tắm & gội cho bé,False,
vn,Shopee,758395205,get_category,100971,100678,Bathing Tools & Accessories,Dụng cụ tắm & Phụ kiện,False,
vn,Shopee,758395205,get_category,100970,100678,Shower Caps,Nón tắm,False,
vn,Shopee,758395205,get_category,100969,100678,"Bath Robes, Towels & Wash Cloths","Áo choàng tắm, Khăn tắm & Khăn mặt",False,
vn,Shopee,758395205,get_category,100968,100678,Bathing Tubs & Seats,Chậu tắm & Ghế tắm,False,
vn,Shopee,758395205,get_category,100677,100632,Maternity Healthcare,Chăm sóc sức khỏe mẹ,True,
vn,Shopee,758395205,get_category,100967,100677,Others,Khác,False,
vn,Shopee,758395205,get_category,100966,100677,Moisturizers & Creams,Kem dưỡng ẩm cho mẹ,False,
vn,Shopee,758395205,get_category,100965,100677,Maternity Vitamins & Supplement,Vitamin & Thực phẩm bổ sung cho mẹ,False,
vn,Shopee,758395205,get_category,100964,100677,Maternity Milk,Sữa bầu,False,
vn,Shopee,758395205,get_category,100676,100632,Maternity Accessories,Phụ kiện cho mẹ,True,
vn,Shopee,758395205,get_category,100963,100676,Others,Khác,False,
vn,Shopee,758395205,get_category,100962,100676,Maternity Pillows,Gối bầu,False,
vn,Shopee,758395205,get_category,100961,100676,Supporting Belts,Đai hỗ trợ bụng,False,
vn,Shopee,758395205,get_category,100675,100632,Feeding Essentials,Đồ dùng ăn dặm cho bé,True,
vn,Shopee,758395205,get_category,100960,100675,Others,Khác,False,
vn,Shopee,758395205,get_category,100959,100675,Food Processors,Máy xay cắt thực phẩm,False,
vn,Shopee,758395205,get_category,100958,100675,Pacifiers,Ti giả,False,
vn,Shopee,758395205,get_category,100957,100675,Bibs,Yếm,False,
vn,Shopee,758395205,get_category,100956,100675,Utensils,Đồ dùng cho bé,True,
vn,Shopee,758395205,get_category,101705,100956,Others,Khác,False,
vn,Shopee,758395205,get_category,101704,100956,Baby Food Containers,Hộp trữ thức ăn cho bé,False,
vn,Shopee,758395205,get_category,101703,100956,Baby Tableware,Đồ dùng ăn dặm,False,
vn,Shopee,758395205,get_category,101702,100956,Baby Cups,"Ly, cốc cho bé",False,
vn,Shopee,758395205,get_category,100955,100675,Highchairs & Booster Seats,Ghế ăn dặm,False,
vn,Shopee,758395205,get_category,100954,100675,Breastfeeding,Đồ dùng cho con bú,True,
vn,Shopee,758395205,get_category,101701,100954,Others,Khác,False,
vn,Shopee,758395205,get_category,101700,100954,Breastmilk Storage Bags,Túi trữ sữa,False,
vn,Shopee,758395205,get_category,101699,100954,Nursing Covers,Khăn choàng cho con bú,False,
vn,Shopee,758395205,get_category,101698,100954,"Breast Pads, Shells & Shields",Miếng lót thấm sữa,False,
vn,Shopee,758395205,get_category,101697,100954,Breast Pump & Accessories,Máy hút sữa & phụ kiện,False,
vn,Shopee,758395205,get_category,100953,100675,Bottle-feeding,Bình sữa,True,
vn,Shopee,758395205,get_category,101696,100953,Others,Khác,False,
vn,Shopee,758395205,get_category,101695,100953,Sterilizers,Máy tiệt trùng bình sữa,False,
vn,Shopee,758395205,get_category,101694,100953,Warmers,Máy hâm sữa,False,
vn,Shopee,758395205,get_category,101693,100953,Bottle Cleansing,Dụng cụ vệ sinh bình sữa,False,
vn,Shopee,758395205,get_category,101692,100953,Bottles & Bottle accessories,Bình sữa & Phụ kiện,False,
vn,Shopee,758395205,get_category,101691,100953,Bottle Cooler Bag,Túi ủ bình sữa,False,
vn,Shopee,758395205,get_category,100674,100632,Baby Travel Essentials,Đồ dùng du lịch cho bé,True,
vn,Shopee,758395205,get_category,100952,100674,Others,Khác,False,
vn,Shopee,758395205,get_category,100951,100674,Child Harnesses & Leashes,Dây & Đai dắt trẻ,False,
vn,Shopee,758395205,get_category,100950,100674,Diaper Bags,Túi đựng bỉm sữa,False,
vn,Shopee,758395205,get_category,100949,100674,Car & Motorbike Seats Accessories,Phụ kiện ghế ngồi ô tô & xe máy,False,
vn,Shopee,758395205,get_category,100948,100674,Car & Motorbike Seats,Ghế ngồi ô tô & xe máy,False,
vn,Shopee,758395205,get_category,100947,100674,Stroller Accessories,Phụ kiện xe đẩy,False,
vn,Shopee,758395205,get_category,100946,100674,Strollers & Travel Systems,Xe đẩy,False,
vn,Shopee,758395205,get_category,100945,100674,Baby Carrier,Địu em bé,False,
vn,Shopee,758395205,get_category,100633,0,Baby & Kids Fashion,Thời trang trẻ em & trẻ sơ sinh,True,
vn,Shopee,758395205,get_category,100694,100633,Others,Khác,False,
vn,Shopee,758395205,get_category,100693,100633,Girl Shoes,Giày bé gái,True,
vn,Shopee,758395205,get_category,101072,100693,Others,Khác,False,
vn,Shopee,758395205,get_category,101071,100693,Flats,Giày bệt,False,
vn,Shopee,758395205,get_category,101070,100693,Flip Flops,Dép lê,False,
vn,Shopee,758395205,get_category,101069,100693,Loafers,Giày lười,False,
vn,Shopee,758395205,get_category,101068,100693,Sneakers,Giày thể thao,False,
vn,Shopee,758395205,get_category,101067,100693,Sandals,Dép quai hậu,False,
vn,Shopee,758395205,get_category,101066,100693,Boots,Bốt,False,
vn,Shopee,758395205,get_category,100692,100633,Boy Shoes,Giày bé trai,True,
vn,Shopee,758395205,get_category,101065,100692,Others,Khác,False,
vn,Shopee,758395205,get_category,101064,100692,Loafers,Giày lười,False,
vn,Shopee,758395205,get_category,101063,100692,Formal Shoes,Giày tây,False,
vn,Shopee,758395205,get_category,101062,100692,Flip Flops,Dép lê,False,
vn,Shopee,758395205,get_category,101061,100692,Sneakers,Giày thể thao,False,
vn,Shopee,758395205,get_category,101060,100692,Sandals,Dép quai hậu,False,
vn,Shopee,758395205,get_category,101059,100692,Boots,Bốt,False,
vn,Shopee,758395205,get_category,100691,100633,Girl Clothes,Quần áo bé gái,True,
vn,Shopee,758395205,get_category,101058,100691,Others,Khác,False,
vn,Shopee,758395205,get_category,101057,100691,Suits & Sets,Com lê & đồ bộ,False,
vn,Shopee,758395205,get_category,101056,100691,Dresses,Váy,False,
vn,Shopee,758395205,get_category,101055,100691,"Rompers, Jumpsuits & Overalls",Đồ liền thân,False,
vn,Shopee,758395205,get_category,101054,100691,Bottoms,Quần,True,
vn,Shopee,758395205,get_category,101789,101054,Others,Khác,False,
vn,Shopee,758395205,get_category,101788,101054,Leggings,Quần leggings,False,
vn,Shopee,758395205,get_category,101787,101054,Skirts,Chân váy,False,
vn,Shopee,758395205,get_category,101786,101054,Shorts,Quần ngắn,False,
vn,Shopee,758395205,get_category,101785,101054,Pants,Quần dài,False,
vn,Shopee,758395205,get_category,101784,101054,Jeans,Quần jeans,False,
vn,Shopee,758395205,get_category,101053,100691,Outerwear,Áo khoác,True,
vn,Shopee,758395205,get_category,101783,101053,Others,Khác,False,
vn,Shopee,758395205,get_category,101782,101053,Hoodies,Áo hoodie,False,
vn,Shopee,758395205,get_category,101781,101053,Blazers,Blazers,False,
vn,Shopee,758395205,get_category,101780,101053,Sweaters & Cardigans,Áo len chui đầu & cardigan,False,
vn,Shopee,758395205,get_category,101779,101053,Vests,Áo gi lê,False,
vn,Shopee,758395205,get_category,101778,101053,Winter Outerwear,Áo khoác mùa đông,False,
vn,Shopee,758395205,get_category,101777,101053,Regular Jackets & Coats,Áo choàng & áo khoác,False,
vn,Shopee,758395205,get_category,101052,100691,Tops,Áo,True,
vn,Shopee,758395205,get_category,101776,101052,Others,Khác,False,
vn,Shopee,758395205,get_category,101775,101052,Shirts & Blouses,Áo sơmi,False,
vn,Shopee,758395205,get_category,101774,101052,Polo Shirts,Áo polo,False,
vn,Shopee,758395205,get_category,101773,101052,T-shirts,Áo thun,False,
vn,Shopee,758395205,get_category,101051,100691,Swimwear,Đồ bơi,False,
vn,Shopee,758395205,get_category,101050,100691,Sleepwear,Đồ ngủ,False,
vn,Shopee,758395205,get_category,101049,100691,Underwear & Innerwear,Đồ lót,False,
vn,Shopee,758395205,get_category,101048,100691,Costumes,Đồ hóa trang,False,
vn,Shopee,758395205,get_category,100690,100633,Boy Clothes,Quần áo bé trai,True,
vn,Shopee,758395205,get_category,101047,100690,Others,Khác,False,
vn,Shopee,758395205,get_category,101046,100690,Suits & Sets,Com lê & đồ bộ,False,
vn,Shopee,758395205,get_category,101045,100690,Bottoms,Quần,True,
vn,Shopee,758395205,get_category,101772,101045,Others,Khác,False,
vn,Shopee,758395205,get_category,101771,101045,Overalls,Quần yếm,False,
vn,Shopee,758395205,get_category,101770,101045,Shorts,Quần ngắn,False,
vn,Shopee,758395205,get_category,101769,101045,Pants,Quần dài,False,
vn,Shopee,758395205,get_category,101768,101045,Jeans,Quần Jeans,False,
vn,Shopee,758395205,get_category,101044,100690,Outerwear,Áo khoác,True,
vn,Shopee,758395205,get_category,101767,101044,Others,Khác,False,
vn,Shopee,758395205,get_category,101766,101044,Hoodies,Áo nỉ có mũ,False,
vn,Shopee,758395205,get_category,101765,101044,Blazers,Blazers,False,
vn,Shopee,758395205,get_category,101764,101044,Sweaters & Cardigans,Áo len chui đầu & cardigan,False,
vn,Shopee,758395205,get_category,101763,101044,Vests,Áo gi lê,False,
vn,Shopee,758395205,get_category,101762,101044,Winter Outerwear,Áo khoác mùa đông,False,
vn,Shopee,758395205,get_category,101761,101044,Regular Jackets & Coats,Áo choàng & áo khoác,False,
vn,Shopee,758395205,get_category,101043,100690,Tops,Áo,True,
vn,Shopee,758395205,get_category,101760,101043,Others,Khác,False,
vn,Shopee,758395205,get_category,101759,101043,Shirts,Áo sơ mi,False,
vn,Shopee,758395205,get_category,101758,101043,Polo Shirts,Áo polo,False,
vn,Shopee,758395205,get_category,101757,101043,T-shirts,Áo thun,False,
vn,Shopee,758395205,get_category,101042,100690,Swimwear,Đồ bơi,False,
vn,Shopee,758395205,get_category,101041,100690,Sleepwear,Đồ ngủ,False,
vn,Shopee,758395205,get_category,101040,100690,Underwear & Innerwear,Đồ lót,False,
vn,Shopee,758395205,get_category,101039,100690,Costumes,Đồ hóa trang,False,
vn,Shopee,758395205,get_category,100689,100633,Baby & Kids Accessories,Phụ kiện trẻ em & trẻ sơ sinh,True,
vn,Shopee,758395205,get_category,101038,100689,Others,Khác,False,
vn,Shopee,758395205,get_category,101037,100689,Earmuffs,Chụp tai,False,
vn,Shopee,758395205,get_category,101036,100689,Rain Gear,Đồ đi mưa,True,
vn,Shopee,758395205,get_category,101756,101036,Others,Khác,False,
vn,Shopee,758395205,get_category,101755,101036,Rain Boots,Ủng đi mưa,False,
vn,Shopee,758395205,get_category,101754,101036,Raincoats,Áo mưa,False,
vn,Shopee,758395205,get_category,101035,100689,Jewelry,Trang sức,True,
vn,Shopee,758395205,get_category,101753,101035,Others,Khác,False,
vn,Shopee,758395205,get_category,101752,101035,Rings,Nhẫn,False,
vn,Shopee,758395205,get_category,101751,101035,Necklaces,Vòng Cổ,False,
vn,Shopee,758395205,get_category,101750,101035,Earrings,Bông Tai,False,
vn,Shopee,758395205,get_category,101749,101035,Bracelets,Vòng Tay,False,
vn,Shopee,758395205,get_category,101034,100689,Watches,Đồng hồ,False,
vn,Shopee,758395205,get_category,101033,100689,Scarves,Khăn,False,
vn,Shopee,758395205,get_category,101032,100689,Socks,Tất,False,
vn,Shopee,758395205,get_category,101031,100689,Belts,Thắt lưng,False,
vn,Shopee,758395205,get_category,101030,100689,Gloves,Găng tay,False,
vn,Shopee,758395205,get_category,101029,100689,Hair Accessories,Phụ kiện tóc,False,
vn,Shopee,758395205,get_category,101028,100689,Eyewear,Mắt kính,False,
vn,Shopee,758395205,get_category,101027,100689,Hats & Caps,Mũ & mũ lưỡi trai,False,
vn,Shopee,758395205,get_category,101026,100689,Bags & Luggage,Túi xách & vali,True,
vn,Shopee,758395205,get_category,101748,101026,Others,Khác,False,
vn,Shopee,758395205,get_category,101747,101026,Wallets,Ví,False,
vn,Shopee,758395205,get_category,101746,101026,Luggage & Trolley Bags,Vali kéo,False,
vn,Shopee,758395205,get_category,101745,101026,Crossbody & Shoulder Bags,Túi đeo chéo/túi đeo vai,False,
vn,Shopee,758395205,get_category,101744,101026,Backpacks,Balo,False,
vn,Shopee,758395205,get_category,100688,100633,Baby Mittens & Footwear,Bao tay trẻ em & Tất,False,
vn,Shopee,758395205,get_category,100687,100633,Baby Clothes,Quần áo trẻ em,True,
vn,Shopee,758395205,get_category,101025,100687,Others,Khác,False,
vn,Shopee,758395205,get_category,101024,100687,Swimwear,Đồ bơi,False,
vn,Shopee,758395205,get_category,101023,100687,Sets,Bộ quần áo,False,
vn,Shopee,758395205,get_category,101022,100687,Bodysuits & Jumpsuits,Bộ đồ liền thân,False,
vn,Shopee,758395205,get_category,101021,100687,Tops,Áo,False,
vn,Shopee,758395205,get_category,101020,100687,Sleepwear,Đồ ngủ,False,
vn,Shopee,758395205,get_category,101019,100687,Bottoms,Quần/Chân váy,True,
vn,Shopee,758395205,get_category,101743,101019,Others,Khác,False,
vn,Shopee,758395205,get_category,101742,101019,Skirts,Chân váy,False,
vn,Shopee,758395205,get_category,101741,101019,Shorts,Quần ngắn,False,
vn,Shopee,758395205,get_category,101740,101019,Pants & Leggings,Quần dài & legging,False,
vn,Shopee,758395205,get_category,101018,100687,Dresses,Váy,False,
vn,Shopee,758395205,get_category,101017,100687,Winter Outerwear,Áo khoác mùa đông,False,
vn,Shopee,758395205,get_category,101016,100687,Regular Outerwear,Áo khoác nhẹ,False,
vn,Shopee,758395205,get_category,100634,0,Gaming & Consoles,Gaming & Console,True,
vn,Shopee,758395205,get_category,100698,100634,Others,Khác,False,
vn,Shopee,758395205,get_category,100697,100634,Video Games,Video Games,True,
vn,Shopee,758395205,get_category,101091,100697,Others,Game Máy Khác,False,
vn,Shopee,758395205,get_category,101090,100697,PC Game,Game PC,False,
vn,Shopee,758395205,get_category,101089,100697,PSP,Game PSP,False,
vn,Shopee,758395205,get_category,101088,100697,PS Vita,Game PS Vita,False,
vn,Shopee,758395205,get_category,101087,100697,Switch,Game Switch,False,
vn,Shopee,758395205,get_category,101086,100697,Gameboy,Game Gameboy,False,
vn,Shopee,758395205,get_category,101085,100697,Nintendo DS,Game Nintendo DS,False,
vn,Shopee,758395205,get_category,101084,100697,Wii,Game Wii,False,
vn,Shopee,758395205,get_category,101083,100697,Xbox,Game Xbox,False,
vn,Shopee,758395205,get_category,101082,100697,Playstation,Game Playstation,False,
vn,Shopee,758395205,get_category,100696,100634,Console Accessories,Phụ kiện console,False,
vn,Shopee,758395205,get_category,100695,100634,Console Machines,Máy chơi game,True,
vn,Shopee,758395205,get_category,101081,100695,Others,Khác,False,
vn,Shopee,758395205,get_category,101080,100695,PSP,PSP,False,
vn,Shopee,758395205,get_category,101079,100695,PS Vita,PS Vita,False,
vn,Shopee,758395205,get_category,101078,100695,Switch,Switch,False,
vn,Shopee,758395205,get_category,101077,100695,Gameboy,Gameboy,False,
vn,Shopee,758395205,get_category,101076,100695,Nintendo DS,Nintendo DS,False,
vn,Shopee,758395205,get_category,101075,100695,Wii,Wii,False,
vn,Shopee,758395205,get_category,101074,100695,Xbox,Xbox,False,
vn,Shopee,758395205,get_category,101073,100695,Playstation,Playstation,False,
vn,Shopee,758395205,get_category,100635,0,Cameras & Drones,Cameras & Flycam,True,
vn,Shopee,758395205,get_category,100707,100635,Others,Khác,False,
vn,Shopee,758395205,get_category,100706,100635,Drone Accessories,Phụ kiện Flycam,False,
vn,Shopee,758395205,get_category,100705,100635,Drones,Flycam,False,
vn,Shopee,758395205,get_category,100704,100635,Camera Care,Phụ kiện chăm sóc máy ảnh,True,
vn,Shopee,758395205,get_category,101126,100704,Others,Khác,False,
vn,Shopee,758395205,get_category,101125,100704,Lenspens & Brushes,Bút lau & bàn chải làm sạch ống kính,False,
vn,Shopee,758395205,get_category,101124,100704,Blowers,Bóng thổi bụi,False,
vn,Shopee,758395205,get_category,101123,100704,Silica Gel,Gói hút ẩm,False,
vn,Shopee,758395205,get_category,101122,100704,Cleaning Kit,Bộ vệ sinh máy ảnh,False,
vn,Shopee,758395205,get_category,101121,100704,Dry Boxes & Cabinets,Tủ & hộp chống ẩm,False,
vn,Shopee,758395205,get_category,100703,100635,Camera Accessories,Phụ kiện máy ảnh,True,
vn,Shopee,758395205,get_category,101120,100703,Others,Khác,False,
vn,Shopee,758395205,get_category,101119,100703,"Tripods, Monopods, & Accessories",Chân máy ảnh,False,
vn,Shopee,758395205,get_category,101118,100703,Batteries & Battery Grips,Đế pin,False,
vn,Shopee,758395205,get_category,101117,100703,Battery Chargers,Bộ sạc pin,False,
vn,Shopee,758395205,get_category,101116,100703,Camera Cases & Bags,Túi đựng máy ảnh,False,
vn,Shopee,758395205,get_category,101115,100703,Photo Printers,Máy in ảnh,False,
vn,Shopee,758395205,get_category,101114,100703,Photo Films & Papers,Giấy & phim in ảnh,False,
vn,Shopee,758395205,get_category,101113,100703,Lighting & Studio Equipments,Thiết bị ánh sáng và phòng chụp,False,
vn,Shopee,758395205,get_category,101112,100703,Gimbals & Stabilizers,Tay cầm chống rung,False,
vn,Shopee,758395205,get_category,101111,100703,Flash Accessories,Phụ kiện đèn Flash,True,
vn,Shopee,758395205,get_category,102023,101111,Others,Khác,False,
vn,Shopee,758395205,get_category,102022,101111,Flash Diffusers,Dụng cụ tản sáng,False,
vn,Shopee,758395205,get_category,102021,101111,Flash Triggers,Thiết bị kích đèn,False,
vn,Shopee,758395205,get_category,101110,100703,Flashes,Đèn Flash,False,
vn,Shopee,758395205,get_category,100702,100635,Lens Accessories,Phụ kiện ống kính,True,
vn,Shopee,758395205,get_category,101109,100702,Others,Khác,False,
vn,Shopee,758395205,get_category,101108,100702,Lens Hoods,Loa che sáng ống kính,False,
vn,Shopee,758395205,get_category,101107,100702,Filters,Kính lọc,False,
vn,Shopee,758395205,get_category,101106,100702,Lens Caps,Nắp ống kính,False,
vn,Shopee,758395205,get_category,101105,100702,Lens Mount & Adaptors,Ngàm ống kính & Ngàm chuyển đổi ống,False,
vn,Shopee,758395205,get_category,100701,100635,Lenses,Ống kính,False,
vn,Shopee,758395205,get_category,100700,100635,Security Cameras & Systems,Camera giám sát,True,
vn,Shopee,758395205,get_category,101104,100700,Others,Khác,False,
vn,Shopee,758395205,get_category,101102,100700,Dummy Cameras,Camera giả chống trộm,False,
vn,Shopee,758395205,get_category,101101,100700,DVRs,Đầu ghi hình,False,
vn,Shopee,758395205,get_category,101100,100700,CCTV Security Cameras,Camera giám sát kết nối internet,False,
vn,Shopee,758395205,get_category,100699,100635,Cameras,Máy ảnh,True,
vn,Shopee,758395205,get_category,101099,100699,Others,Khác,False,
vn,Shopee,758395205,get_category,101098,100699,DSLRs,Máy ảnh cơ/DSLRs,False,
vn,Shopee,758395205,get_category,101097,100699,Analog Cameras,Máy ảnh film,False,
vn,Shopee,758395205,get_category,101096,100699,Instant Cameras,Máy ảnh chụp lấy liền,False,
vn,Shopee,758395205,get_category,101095,100699,Video Camcorders,Máy quay phim,False,
vn,Shopee,758395205,get_category,101094,100699,Action Cameras,Máy quay hành động,False,
vn,Shopee,758395205,get_category,101093,100699,Mirrorless Cameras,Máy ảnh không gương lật,False,
vn,Shopee,758395205,get_category,101092,100699,Point & Shoot,Máy ảnh kỹ thuật số,False,
vn,Shopee,758395205,get_category,100636,0,Home & Living,Nhà cửa & Đời sống,True,
vn,Shopee,758395205,get_category,100724,100636,Others,Khác,False,
vn,Shopee,758395205,get_category,100723,100636,Fengshui & Religious Supplies,"Đồ thờ cúng, đồ phong thủy",False,
vn,Shopee,758395205,get_category,100722,100636,Party Supplies,Trang trí tiệc tùng,True,
vn,Shopee,758395205,get_category,101270,100722,Others,Khác,False,
vn,Shopee,758395205,get_category,101269,100722,Sashes,Băng đeo chéo,False,
vn,Shopee,758395205,get_category,101268,100722,Party Hats & Masks,"Mũ, mặt nạ dự tiệc",False,
vn,Shopee,758395205,get_category,101267,100722,Disposable Tableware,"Chén, đĩa dùng một lần",False,
vn,Shopee,758395205,get_category,101266,100722,Cards,Thiệp,False,
vn,Shopee,758395205,get_category,101265,100722,Backdrops & Banners,"Phông nền, biểu ngữ",False,
vn,Shopee,758395205,get_category,101264,100722,Wooden Clips,Kẹp gỗ,False,
vn,Shopee,758395205,get_category,101263,100722,Balloons,Bong bóng,False,
vn,Shopee,758395205,get_category,100721,100636,Home Organizers,Sắp xếp nhà cửa,True,
vn,Shopee,758395205,get_category,101262,100721,Others,Khác,False,
vn,Shopee,758395205,get_category,101261,100721,Tissue Holders,Hộp khăn giấy,False,
vn,Shopee,758395205,get_category,101260,100721,Jewelry Organizers,Hộp đựng trang sức,False,
vn,Shopee,758395205,get_category,101259,100721,Wardrobe Organizers,Sắp xếp tủ quần áo,False,
vn,Shopee,758395205,get_category,101258,100721,Desk Organizers,Kệ sách để bàn,False,
vn,Shopee,758395205,get_category,101257,100721,Laundry Bags & Baskets,"Túi giặt, giỏ đựng quần áo",False,
vn,Shopee,758395205,get_category,101256,100721,Hooks,Móc treo,False,
vn,Shopee,758395205,get_category,101255,100721,Shoe Storage Boxes,"Kệ giày, hộp giày",False,
vn,Shopee,758395205,get_category,101254,100721,"Storage Boxes, Bags & Baskets","Hộp đựng, giỏ đựng đồ",False,
vn,Shopee,758395205,get_category,101253,100721,Hangers & Pegs,Mắc áo,False,
vn,Shopee,758395205,get_category,100720,100636,Safety & Security,Bảo hộ gia đình,True,
vn,Shopee,758395205,get_category,101252,100720,Others,Khác,False,
vn,Shopee,758395205,get_category,101251,100720,Door Hardware & Locks,"Khóa, ổ khóa",False,
vn,Shopee,758395205,get_category,101250,100720,Fire Fighting Equipments,Thiết bị chữa cháy,False,
vn,Shopee,758395205,get_category,101249,100720,Safes,Két sắt,False,
vn,Shopee,758395205,get_category,100719,100636,Lighting,Đèn,False,
vn,Shopee,758395205,get_category,100718,100636,Dinnerware,Bộ đồ bàn ăn,True,
vn,Shopee,758395205,get_category,101248,100718,Others,Khác,False,
vn,Shopee,758395205,get_category,101247,100718,Placemats & Coasters,"Khay, tấm lót bàn ăn",False,
vn,Shopee,758395205,get_category,101246,100718,Food Covers,Lồng bàn,False,
vn,Shopee,758395205,get_category,101245,100718,Straws,Ống hút,False,
vn,Shopee,758395205,get_category,101244,100718,Cutleries,Bộ dao kéo,False,
vn,Shopee,758395205,get_category,101243,100718,Plates,Dĩa,False,
vn,Shopee,758395205,get_category,101242,100718,Bowls,Tô,False,
vn,Shopee,758395205,get_category,101241,100718,Water Bottles & Accessories,Bình nước & phụ kiện,False,
vn,Shopee,758395205,get_category,101240,100718,"Cups, Mugs & Glasses","Cốc, ly, tách uống nước",False,
vn,Shopee,758395205,get_category,101239,100718,Tea Pots & Sets,Bộ ấm trà,False,
vn,Shopee,758395205,get_category,101238,100718,"Jugs, Pitchers & Accessories",Bình nước,False,
vn,Shopee,758395205,get_category,100717,100636,Kitchenware,Dụng cụ nhà bếp,True,
vn,Shopee,758395205,get_category,101237,100717,Others,Khác,False,
vn,Shopee,758395205,get_category,101235,100717,Sealers,Dụng cụ hút chân không,False,
vn,Shopee,758395205,get_category,101234,100717,Kitchen Weighing Scales,Cân nhà bếp,False,
vn,Shopee,758395205,get_category,101233,100717,"Graters, Peelers & Cutters","Bàn nạo, dụng cụ bào, cắt",False,
vn,Shopee,758395205,get_category,101232,100717,Strainers,Dụng cụ lọc,False,
vn,Shopee,758395205,get_category,101231,100717,Measuring Glasses & Spoons,Dụng cụ đo lường,False,
vn,Shopee,758395205,get_category,101230,100717,Can & Bottle Openers,Dụng cụ mở hộp,False,
vn,Shopee,758395205,get_category,101229,100717,Whisks & Beaters,Phới đánh trứng,False,
vn,Shopee,758395205,get_category,101228,100717,Knives & Kitchen Scissors,Dao & kéo,False,
vn,Shopee,758395205,get_category,101227,100717,Chopping Boards,Thớt,False,
vn,Shopee,758395205,get_category,101226,100717,Spatulas & Cooking Tweezers,Cây vét bột & đồ gắp thức ăn,False,
vn,Shopee,758395205,get_category,101225,100717,Aprons & Kitchen Gloves,Tạp dề & găng tay nấu nướng,False,
vn,Shopee,758395205,get_category,101224,100717,Kitchen Racks,Kệ để đồ nhà bếp,False,
vn,Shopee,758395205,get_category,101223,100717,"Tea, Coffee & Bartending Equipments","Dụng cụ pha trà, cà phê",False,
vn,Shopee,758395205,get_category,101222,100717,Aluminium Foil,Giấy bạc,False,
vn,Shopee,758395205,get_category,101221,100717,Cling Wrap,Màng bọc thực phẩm,False,
vn,Shopee,758395205,get_category,101220,100717,Food Storage,Hộp đựng thực phẩm,False,
vn,Shopee,758395205,get_category,101219,100717,Pots,Nồi,False,
vn,Shopee,758395205,get_category,101218,100717,Pans,Chảo,False,
vn,Shopee,758395205,get_category,101217,100717,Bakewares & Decorations,Dụng cụ nướng & trang trí bánh,False,
vn,Shopee,758395205,get_category,101216,100717,Grills & Accessories,Lò nướng & phụ kiện,False,
vn,Shopee,758395205,get_category,100716,100636,Home Care Supplies,Dụng cụ chăm sóc nhà cửa,True,
vn,Shopee,758395205,get_category,101215,100716,Others,Khác,False,
vn,Shopee,758395205,get_category,101214,100716,Laundry Care,Phụ kiện giặt là,True,
vn,Shopee,758395205,get_category,101815,101214,Others,Khác,False,
vn,Shopee,758395205,get_category,101814,101214,Detergents,Nước giặt,False,
vn,Shopee,758395205,get_category,101813,101214,Fabric Conditioners & Softeners,Nước xả,False,
vn,Shopee,758395205,get_category,101812,101214,Fabric Fragrances,Chất làm thơm quần áo,False,
vn,Shopee,758395205,get_category,101213,100716,Cleaning Agents,Chất tẩy rửa,False,
vn,Shopee,758395205,get_category,101212,100716,Toilet Paper,Giấy vệ sinh,False,
vn,Shopee,758395205,get_category,101211,100716,Tissue & Paper Towels,"Khăn giấy, giấy ướt",False,
vn,Shopee,758395205,get_category,101210,100716,Pest & Weed Control,Thuốc và dụng cụ diệt côn trùng,False,
vn,Shopee,758395205,get_category,101209,100716,Cleaning Cloths,Khăn vệ sinh,False,
vn,Shopee,758395205,get_category,101208,100716,Plastic Bags & Trash Bags,Túi nilon & túi rác,False,
vn,Shopee,758395205,get_category,101207,100716,Trash & Recycling Bins,Thùng rác,False,
vn,Shopee,758395205,get_category,101206,100716,Sponges & Scouring Pads,"Miếng bọt biển, miếng chà vệ sinh",False,
vn,Shopee,758395205,get_category,101205,100716,"Basins, Buckets & Water Dippers","Chậu, xô & gáo nước",False,
vn,Shopee,758395205,get_category,101204,100716,Mops,Cây lau nhà,False,
vn,Shopee,758395205,get_category,101203,100716,Dusters,Chổi phủi bụi,False,
vn,Shopee,758395205,get_category,101202,100716,Brooms,Chổi,False,
vn,Shopee,758395205,get_category,101201,100716,Cleaning Brushes,Bàn chải vệ sinh,False,
vn,Shopee,758395205,get_category,101200,100716,Clotheslines & Drying Racks,Dây phơi & giá phơi quần áo,False,
vn,Shopee,758395205,get_category,100715,100636,Tools & Home Improvement,Dụng cụ & Thiết bị tiện ích,True,
vn,Shopee,758395205,get_category,101199,100715,Others,Khác,False,
vn,Shopee,758395205,get_category,101198,100715,Doors & Windows,Cửa & cửa sổ,False,
vn,Shopee,758395205,get_category,101197,100715,Construction Materials,Vật liệu xây dựng,False,
vn,Shopee,758395205,get_category,101196,100715,"Shades, Awnings & Tarpaulins","Mái hiên, bạt phủ",False,
vn,Shopee,758395205,get_category,101195,100715,Trollies,Xe đẩy,False,
vn,Shopee,758395205,get_category,101194,100715,Ladders,Thang,False,
vn,Shopee,758395205,get_category,101193,100715,"Air Pumps, Parts & Accessories",Máy bơm khí & phụ kiện,False,
vn,Shopee,758395205,get_category,101192,100715,"Water Pumps, Parts & Accessories",Máy bơm nước & phụ kiện,False,
vn,Shopee,758395205,get_category,101191,100715,Tools,Dụng cụ,True,
vn,Shopee,758395205,get_category,101811,101191,Others,Khác,False,
vn,Shopee,758395205,get_category,101810,101191,Blowers,Máy thổi,False,
vn,Shopee,758395205,get_category,101809,101191,Power Welding Tools,Dụng cụ hàn điện,False,
vn,Shopee,758395205,get_category,101808,101191,"Sandpaper, Power Sanders & Accessories","Giấy nhám, máy chà nhám và phụ kiện",False,
vn,Shopee,758395205,get_category,101807,101191,Air Compressors,Máy nén khí,False,
vn,Shopee,758395205,get_category,101806,101191,Rangefinders,Máy đo khoảng cách,False,
vn,Shopee,758395205,get_category,101805,101191,Levels & Measuring Wheels,Ống thăng bằng & bánh xe đo,False,
vn,Shopee,758395205,get_category,101804,101191,Electrical Testers & Multimeters,Máy đo điện & đồng hồ vạn năng,False,
vn,Shopee,758395205,get_category,101803,101191,Power Generators,Máy phát điện,False,
vn,Shopee,758395205,get_category,101802,101191,Pressure Washers,Máy rửa áp lực nước,False,
vn,Shopee,758395205,get_category,101801,101191,"Saws, Cut-off Machines & Grinders","Cưa, máy cắt & máy mài",False,
vn,Shopee,758395205,get_category,101800,101191,"Drills, Screwdrivers & Accessories","Máy khoan, máy vặn vít & phụ kiện",False,
vn,Shopee,758395205,get_category,101799,101191,"Nails, Screws & Fasteners","Đinh, vít & chốt",False,
vn,Shopee,758395205,get_category,101798,101191,Pliers,Kìm,False,
vn,Shopee,758395205,get_category,101797,101191,Hammers,Búa,False,
vn,Shopee,758395205,get_category,101796,101191,Spanner Sets,Bộ cờ lê,False,
vn,Shopee,758395205,get_category,101795,101191,Measuring Tapes,Dụng cụ đo lường,False,
vn,Shopee,758395205,get_category,101794,101191,Tool Boxes,Hộp dụng cụ cầm tay,False,
vn,Shopee,758395205,get_category,101190,100715,Wall Paints & Coatings,Sơn & chất chống thấm tường,False,
vn,Shopee,758395205,get_category,101189,100715,Roofing & Flooring,Mái & sàn,False,
vn,Shopee,758395205,get_category,101188,100715,Sinks & Water Taps,Chậu rửa & vòi nước,False,
vn,Shopee,758395205,get_category,101187,100715,"Protective Gloves, Goggles & Masks","Găng tay, kính bảo hộ & mặt nạ",False,
vn,Shopee,758395205,get_category,101186,100715,Industrial Adhesives & Tapes,Keo & chất kết chính công nghiệp,False,
vn,Shopee,758395205,get_category,100714,100636,Gardening,Làm vườn,True,
vn,Shopee,758395205,get_category,101185,100714,Lawn Mowers,"Máy cắt cỏ, dụng cụ cắt cỏ",False,
vn,Shopee,758395205,get_category,101184,100714,Others,Khác,False,
vn,Shopee,758395205,get_category,101183,100714,Gardening Tools,Dụng cụ làm vườn,False,
vn,Shopee,758395205,get_category,101182,100714,Irrigation Systems,Hệ thống tưới nước,False,
vn,Shopee,758395205,get_category,101181,100714,Pots & Planters,Chậu cây,False,
vn,Shopee,758395205,get_category,101180,100714,Seeds & Bulbs,Hạt giống & chất hỗ trợ trồng cây,False,
vn,Shopee,758395205,get_category,101179,100714,Fertilizer,Phân bón,False,
vn,Shopee,758395205,get_category,101178,100714,Garden Soils & Growing Media,Đất trồng,False,
vn,Shopee,758395205,get_category,101177,100714,Garden Decorations,Trang trí vườn,False,
vn,Shopee,758395205,get_category,101176,100714,Plants,Cây cảnh,False,
vn,Shopee,758395205,get_category,100713,100636,Furniture,Nội thất,True,
vn,Shopee,758395205,get_category,101175,100713,Others,Khác,False,
vn,Shopee,758395205,get_category,101174,100713,Shelves & Racks,Kệ & Giá,False,
vn,Shopee,758395205,get_category,101173,100713,Cupboards & Cabinets,Tủ bếp,False,
vn,Shopee,758395205,get_category,101172,100713,Sofas,Ghế sofa,False,
vn,Shopee,758395205,get_category,101171,100713,"Benches, Chairs & Stools","Ghế, ghế dài, ghế đẩu",False,
vn,Shopee,758395205,get_category,101170,100713,Wardrobes,Tủ quần áo,False,
vn,Shopee,758395205,get_category,101169,100713,Desks & Tables,Bàn,False,
vn,Shopee,758395205,get_category,101168,100713,Bed Frames & Headboards,"Giường, khung giường",False,
vn,Shopee,758395205,get_category,101167,100713,Doorstoppers,Miếng chặn cửa,False,
vn,Shopee,758395205,get_category,101166,100713,Cushions,Đệm ngồi,False,
vn,Shopee,758395205,get_category,100712,100636,"Hand Warmers, Hot Water Bags & Ice Bags",Túi làm ấm,False,
vn,Shopee,758395205,get_category,100711,100636,Decoration,Trang trí nhà cửa,True,
vn,Shopee,758395205,get_category,101165,100711,Others,Khác,False,
vn,Shopee,758395205,get_category,101164,100711,Table Cloths,Khăn trải bàn,False,
vn,Shopee,758395205,get_category,101163,100711,Mirrors,Gương,False,
vn,Shopee,758395205,get_category,101162,100711,Candles & Candleholders,Nến & đồ đựng nến,False,
vn,Shopee,758395205,get_category,101161,100711,Vases & Vessels,Bình trang trí,False,
vn,Shopee,758395205,get_category,101160,100711,Carpets & Rugs,Thảm trải sàn,False,
vn,Shopee,758395205,get_category,101159,100711,Floor Mats,Thảm chùi chân,False,
vn,Shopee,758395205,get_category,101158,100711,Clocks,Đồng hồ,False,
vn,Shopee,758395205,get_category,101157,100711,Wallpapers & Wall Stickers,"Decal, tranh dán tường",False,
vn,Shopee,758395205,get_category,101156,100711,Photo Frames & Wall Decoration,Khung ảnh & vật trang trí tường,False,
vn,Shopee,758395205,get_category,101155,100711,Curtains & Blinds,"Rèm cửa, màn che",False,
vn,Shopee,758395205,get_category,101154,100711,Furniture & Appliance Covers,Vỏ bọc nội thất,False,
vn,Shopee,758395205,get_category,101153,100711,Flowers,Hoa trang trí,False,
vn,Shopee,758395205,get_category,100710,100636,Bedding,Chăn ga gối nệm,True,
vn,Shopee,758395205,get_category,101152,100710,Others,Khác,False,
vn,Shopee,758395205,get_category,101151,100710,Bolsters,Gối ôm,False,
vn,Shopee,758395205,get_category,101150,100710,Mosquito Nets,Mùng/ Màn chống muỗi,False,
vn,Shopee,758395205,get_category,101149,100710,Mattresses,Nệm,False,
vn,Shopee,758395205,get_category,101148,100710,"Bedsheets, Pillowcases & Bolster Cases","Ga trải giường, vỏ gối",False,
vn,Shopee,758395205,get_category,101147,100710,Pillows,Gối,False,
vn,Shopee,758395205,get_category,101146,100710,"Blankets, Comforters & Quilts","Chăn, mền",False,
vn,Shopee,758395205,get_category,101145,100710,Mattress Protectors & Toppers,"Tấm bảo vệ nệm, topper",False,
vn,Shopee,758395205,get_category,101144,100710,Cooling Mats,Chiếu điều hòa,False,
vn,Shopee,758395205,get_category,100709,100636,Bathrooms,Đồ dùng phòng tắm,True,
vn,Shopee,758395205,get_category,101143,100709,Others,Khác,False,
vn,Shopee,758395205,get_category,101142,100709,Shower Caps,Mũ tắm,False,
vn,Shopee,758395205,get_category,101141,100709,Safety Handles,Tay cầm an toàn,False,
vn,Shopee,758395205,get_category,101140,100709,Shower Seats & Commodes,"Ghế nhà tắm, ghế chống trượt",False,
vn,Shopee,758395205,get_category,101139,100709,Shower Curtains,Rèm cửa nhà tắm,False,
vn,Shopee,758395205,get_category,101138,100709,Bath Brushes & Loofahs,Bông tắm,False,
vn,Shopee,758395205,get_category,101137,100709,Showerheads & Bidet Sprays,Vòi sen & vòi xịt vệ sinh,False,
vn,Shopee,758395205,get_category,101136,100709,Towels & Bathrobes,"Khăn mặt, khăn tắm, áo choàng tắm",True,
vn,Shopee,758395205,get_category,101793,101136,Others,Khác,False,
vn,Shopee,758395205,get_category,101792,101136,Bath Robes,Áo choàng tắm,False,
vn,Shopee,758395205,get_category,101791,101136,Face & Hand Towels,Khăn mặt,False,
vn,Shopee,758395205,get_category,101790,101136,Bath Towels,Khăn tắm,False,
vn,Shopee,758395205,get_category,101135,100709,Bathtubs,Bồn tắm,False,
vn,Shopee,758395205,get_category,101134,100709,Bathroom Racks & Cabinets,Kệ để đồ phòng tắm,False,
vn,Shopee,758395205,get_category,101133,100709,"Soap Dispensers, Holders & Boxes",Kệ đựng xà phòng,False,
vn,Shopee,758395205,get_category,101132,100709,Toothbrush Holders & Toothpaste Dispensers,"Kệ đựng bàn chải, kệ nhả kem đánh răng",False,
vn,Shopee,758395205,get_category,101131,100709,"Toilet Bowls, Seats & Covers","Bồn cầu, ghế và nắp bồn cầu",False,
vn,Shopee,758395205,get_category,100708,100636,Home Fragrance & Aromatherapy,"Chất khử mùi, làm thơm nhà",True,
vn,Shopee,758395205,get_category,101130,100708,Others,Khác,False,
vn,Shopee,758395205,get_category,101129,100708,"Diffusers, Humidifiers & Oil Burners","Máy khuếch tán, tạo ẩm & xông tinh dầu",False,
vn,Shopee,758395205,get_category,101128,100708,Essential Oils,Tinh dầu thơm,False,
vn,Shopee,758395205,get_category,101127,100708,Air Fresheners & Home Fragrance,"Chất khử mùi, làm thơm",False,
vn,Shopee,758395205,get_category,100637,0,Sports & Outdoors,Thể Thao & Dã Ngoại,True,
vn,Shopee,758395205,get_category,100729,100637,Others,Khác,False,
vn,Shopee,758395205,get_category,100728,100637,Sports & Outdoor Accessories,Phụ Kiện Thể Thao & Dã Ngoại,True,
vn,Shopee,758395205,get_category,101329,100728,Others,Phụ Kiện Khác,False,
vn,Shopee,758395205,get_category,101328,100728,Gym Protective Gears,Đồ Bảo Hộ Gym,False,
vn,Shopee,758395205,get_category,101327,100728,Training Equipments,Phụ Kiện Tập Luyện,False,
vn,Shopee,758395205,get_category,101326,100728,Mouthguards & Sport Tapes,Dụng Cụ Bảo Vệ Miệng & Băng Keo Thể Thao,False,
vn,Shopee,758395205,get_category,101325,100728,Umbrellas,Ô/Dù,False,
vn,Shopee,758395205,get_category,101324,100728,Rain Coats,Áo Mưa,False,
vn,Shopee,758395205,get_category,101323,100728,Dry Bags,Túi Chống Thấm,False,
vn,Shopee,758395205,get_category,101322,100728,Sports & Outdoor Hats,Mũ Thể Thao & Dã Ngoại,False,
vn,Shopee,758395205,get_category,101321,100728,Sports Headbands,Băng Đô Thể Thao,False,
vn,Shopee,758395205,get_category,101320,100728,Sports Wristbands,Vòng Tay Thể Thao,False,
vn,Shopee,758395205,get_category,101319,100728,Shoe Bags,Túi Đựng Giày,False,
vn,Shopee,758395205,get_category,101318,100728,Stopwatches & Pedometers,Đồng Hồ Bấm Giây & Máy Đếm Bước Chân,False,
vn,Shopee,758395205,get_category,100727,100637,Sports & Outdoor Apparels,Thời Trang Thể Thao & Dã Ngoại,True,
vn,Shopee,758395205,get_category,101317,100727,Others,Khác,False,
vn,Shopee,758395205,get_category,101316,100727,Kid's Sports Apparel,Thời Trang Thể Thao Trẻ Em,False,
vn,Shopee,758395205,get_category,101315,100727,Sports Bras,Áo Lót Thể Thao,False,
vn,Shopee,758395205,get_category,101314,100727,Swimming Attire,Đồ Bơi,True,
vn,Shopee,758395205,get_category,101901,101314,Others,Đồ Bơi Khác,False,
vn,Shopee,758395205,get_category,101900,101314,Rash Guards,Áo Bơi Kín,False,
vn,Shopee,758395205,get_category,101899,101314,One-Piece Swimsuits,Đồ Bơi Một Mảnh,False,
vn,Shopee,758395205,get_category,101898,101314,Bikini Sets,Bộ Bikini,False,
vn,Shopee,758395205,get_category,101897,101314,Swimming Trunks,Quần Bơi,False,
vn,Shopee,758395205,get_category,101313,100727,Bottoms,Quần Thể Thao,False,
vn,Shopee,758395205,get_category,101312,100727,Jerseys,Áo CLB,False,
vn,Shopee,758395205,get_category,101311,100727,T-shirts,Áo Thể Thao,False,
vn,Shopee,758395205,get_category,101310,100727,Jackets,Áo Khoác,False,
vn,Shopee,758395205,get_category,101309,100727,Sets,Bộ Đồ Thể Thao,False,
vn,Shopee,758395205,get_category,100726,100637,Sports Footwear,Giày Thể Thao,True,
vn,Shopee,758395205,get_category,101308,100726,Others,Giày Thể Thao Khác,False,
vn,Shopee,758395205,get_category,101307,100726,Kid's Sport Shoes,Giày Thể Thao Trẻ Em,False,
vn,Shopee,758395205,get_category,101306,100726,Soccer Shoes,Giày Bóng Đá,False,
vn,Shopee,758395205,get_category,101305,100726,Hiking Shoes,Giày Dã Ngoại,False,
vn,Shopee,758395205,get_category,101304,100726,Futsal Shoes,Giày Futsal,False,
vn,Shopee,758395205,get_category,101303,100726,Badminton Shoes,Giày Cầu Lông,False,
vn,Shopee,758395205,get_category,101302,100726,Volleyball Shoes,Giày Bóng Chuyền,False,
vn,Shopee,758395205,get_category,101301,100726,Tennis Shoes,Giày Tennis,False,
vn,Shopee,758395205,get_category,101300,100726,Training Shoes,Giày Tập Luyện,False,
vn,Shopee,758395205,get_category,101299,100726,Running Shoes,Giày Chạy Bộ,False,
vn,Shopee,758395205,get_category,101298,100726,Basketball Shoes,Giày Bóng Rổ,False,
vn,Shopee,758395205,get_category,100725,100637,Sports & Outdoor Recreation Equipments,Dụng Cụ Thể Thao & Dã Ngoại,True,
vn,Shopee,758395205,get_category,101297,100725,Others,Môn Thể Thao Khác,False,
vn,Shopee,758395205,get_category,101296,100725,Darts,Ném Phi Tiêu,False,
vn,Shopee,758395205,get_category,101295,100725,Fitness Equipment,Thiết Bị Thể Thao,True,
vn,Shopee,758395205,get_category,101896,101295,Others,Khác,False,
vn,Shopee,758395205,get_category,101895,101295,Pull Up & Push Up Bars,Xà & Dụng Cụ Chống Đẩy,False,
vn,Shopee,758395205,get_category,101894,101295,Ab Rollers,Con Lăn Tập Bụng,False,
vn,Shopee,758395205,get_category,101893,101295,Fitness Machines,Máy Tập,False,
vn,Shopee,758395205,get_category,101892,101295,Gym Balls,Bóng Tập Yoga & Gym,False,
vn,Shopee,758395205,get_category,101891,101295,Skipping Ropes,Dây Nhảy,False,
vn,Shopee,758395205,get_category,101890,101295,Weight Training,Tạ Tập,False,
vn,Shopee,758395205,get_category,101294,100725,Yoga & Pilates,Yoga & Pilates,True,
vn,Shopee,758395205,get_category,101889,101294,Others,Khác,False,
vn,Shopee,758395205,get_category,101888,101294,Resistance Bands,Dây Đàn Hồi,False,
vn,Shopee,758395205,get_category,101887,101294,"Yoga Blocks, Rings & Foam Rollers",Dụng Cụ Hỗ Trợ Yoga,False,
vn,Shopee,758395205,get_category,101886,101294,Yoga Mats,Thảm Yoga,False,
vn,Shopee,758395205,get_category,101293,100725,Boating,Chèo Thuyền,False,
vn,Shopee,758395205,get_category,101292,100725,Swimming & Diving,Bơi Lội & Lặn,True,
vn,Shopee,758395205,get_category,101885,101292,Others,Khác,False,
vn,Shopee,758395205,get_category,101884,101292,Life Jackets,Áo Phao,False,
vn,Shopee,758395205,get_category,101883,101292,Flippers,Chân Vịt Lặn,False,
vn,Shopee,758395205,get_category,101882,101292,Diving Masks,Mặt Nạ Lặn,False,
vn,Shopee,758395205,get_category,101881,101292,Diving Flashlights,Đèn Lặn,False,
vn,Shopee,758395205,get_category,101880,101292,Swimming Boards,Ván Tập Bơi,False,
vn,Shopee,758395205,get_category,101879,101292,Swimming Goggles,Kính Bơi,False,
vn,Shopee,758395205,get_category,101878,101292,Swimming Caps,Mũ Bơi,False,
vn,Shopee,758395205,get_category,101291,100725,Ice Skating & Winter Sports,Trượt Tuyết & Thể Thao Mùa Đông,False,
vn,Shopee,758395205,get_category,101290,100725,Surfing & Wakeboarding,Lướt Ván,False,
vn,Shopee,758395205,get_category,101289,100725,Billiards,Bida,False,
vn,Shopee,758395205,get_category,101288,100725,Rugby,Bóng Bầu Dục,False,
vn,Shopee,758395205,get_category,101287,100725,Shooting & Survival Games,Bắn Súng & Game Sinh Tồn,False,
vn,Shopee,758395205,get_category,101286,100725,Squash,Bóng Quần,False,
vn,Shopee,758395205,get_category,101285,100725,Baseball & Softball,Bóng Chày & Bóng Ném,False,
vn,Shopee,758395205,get_category,101284,100725,Golf,Golf,True,
vn,Shopee,758395205,get_category,101877,101284,Others,Khác,False,
vn,Shopee,758395205,get_category,101876,101284,Golf Bags & Organizers,Túi Đựng Dụng Cụ Golf,False,
vn,Shopee,758395205,get_category,101875,101284,Gears &Training Equipment,Đồ Bảo Hộ & Luyện Tập,False,
vn,Shopee,758395205,get_category,101874,101284,Golf Clubs,Gậy Golf,False,
vn,Shopee,758395205,get_category,101873,101284,Golf Balls,Bóng Golf,False,
vn,Shopee,758395205,get_category,101283,100725,Boxing & Martial Arts,Đấm bốc & Võ Tổng Hợp,True,
vn,Shopee,758395205,get_category,101872,101283,Others,Khác,False,
vn,Shopee,758395205,get_category,101871,101283,"Gloves, Wraps & Helmets","Găng Tay, Bao Tay & Mũ Bảo Hộ",False,
vn,Shopee,758395205,get_category,101870,101283,Martial Arts Belts,Đai Võ,False,
vn,Shopee,758395205,get_category,101869,101283,Punching Bags & Paddings,Bao Cát & Đệm,False,
vn,Shopee,758395205,get_category,101282,100725,Table Tennis,Bóng Bàn,True,
vn,Shopee,758395205,get_category,101868,101282,Others,Khác,False,
vn,Shopee,758395205,get_category,101867,101282,Table Tennis Nets,Lưới Bóng Bàn,False,
vn,Shopee,758395205,get_category,101866,101282,Table Tennis Bats,Vợt Bóng Bàn,False,
vn,Shopee,758395205,get_category,101865,101282,Table Tennis Balls,Banh Bóng Bàn,False,
vn,Shopee,758395205,get_category,101281,100725,Tennis,Tennis,True,
vn,Shopee,758395205,get_category,101864,101281,Others,Khác,False,
vn,Shopee,758395205,get_category,101863,101281,Tennis Nets,Lưới Tennis,False,
vn,Shopee,758395205,get_category,101862,101281,Tennis Balls,Banh Tennis,False,
vn,Shopee,758395205,get_category,101861,101281,Tennis Rackets,Vợt Tennis,False,
vn,Shopee,758395205,get_category,101280,100725,Badminton,Cầu Lông,True,
vn,Shopee,758395205,get_category,101860,101280,Others,Khác,False,
vn,Shopee,758395205,get_category,101859,101280,Badminton Nets,Lưới Cầu Lông,False,
vn,Shopee,758395205,get_category,101858,101280,Shuttlecocks,Quả Cầu,False,
vn,Shopee,758395205,get_category,101857,101280,Badminton Rackets,Vợt Cầu Lông,False,
vn,Shopee,758395205,get_category,101279,100725,Volleyball,Bóng Chuyền,True,
vn,Shopee,758395205,get_category,101856,101279,Others,Khác,False,
vn,Shopee,758395205,get_category,101855,101279,Volley Nets,Lưới Bóng Chuyền,False,
vn,Shopee,758395205,get_category,101854,101279,Volley Balls,Banh Bóng Chuyền,False,
vn,Shopee,758395205,get_category,101278,100725,Basketball,Bóng Rổ,True,
vn,Shopee,758395205,get_category,101853,101278,Others,Vật Dụng Khác,False,
vn,Shopee,758395205,get_category,101852,101278,Basketball Rings,Khung Lưới Bóng Rổ,False,
vn,Shopee,758395205,get_category,101851,101278,Basket Balls,Banh Bóng Rổ,False,
vn,Shopee,758395205,get_category,101277,100725,"Soccer, Futsal & Sepak Takraw","Bóng Đá, Futsal & Cầu Mây",True,
vn,Shopee,758395205,get_category,101850,101277,Others,Khác,False,
vn,Shopee,758395205,get_category,101849,101277,Goal Posts & Nets,Khung Thành & Lưới,False,
vn,Shopee,758395205,get_category,101848,101277,Goalkeeper Gloves & Shin Guards,Găng Tay & Ống Đồng,False,
vn,Shopee,758395205,get_category,101847,101277,Balls,Bóng,False,
vn,Shopee,758395205,get_category,101275,100725,Boardsports,Thể Thao Ván Trượt,True,
vn,Shopee,758395205,get_category,101843,101275,Others,Khác,False,
vn,Shopee,758395205,get_category,101842,101275,Helmets & Protective Gears,Nón Bảo Hiểm & Đồ Bảo Hộ,False,
vn,Shopee,758395205,get_category,101841,101275,Segways & Hoverboards,Xe Điện Cân Bằng,False,
vn,Shopee,758395205,get_category,101840,101275,Scooters & Unicycles,Scooters & Xe Đạp 1 Bánh,False,
vn,Shopee,758395205,get_category,101839,101275,Skateboards & Roller Blades,Ván Trượt & Giày Patin,False,
vn,Shopee,758395205,get_category,101274,100725,Rock Climbing,Leo Núi,False,
vn,Shopee,758395205,get_category,101273,100725,Camping & Hiking,Cắm Trại & Dã ngoại,True,
vn,Shopee,758395205,get_category,101838,101273,Others,Khác,False,
vn,Shopee,758395205,get_category,101837,101273,Picnic Mats & Baskets,Thảm & Giỏ Dã Ngoại,False,
vn,Shopee,758395205,get_category,101836,101273,Hiking Sticks,Gậy Đi Bộ,False,
vn,Shopee,758395205,get_category,101835,101273,Hammocks,Võng,False,
vn,Shopee,758395205,get_category,101834,101273,Camping Knives & Survival Kits,Dao & Bộ Dụng Cụ Cắm Trại,False,
vn,Shopee,758395205,get_category,101833,101273,Compasses,La Bàn,False,
vn,Shopee,758395205,get_category,101832,101273,"Binoculars, Monoculars & Telescopes",Ống Nhòm & Kính Thiên Văn,False,
vn,Shopee,758395205,get_category,101831,101273,Sleeping Bags,Túi Ngủ,False,
vn,Shopee,758395205,get_category,101830,101273,Tents & Tent Accessories,Lều & Phụ Kiện,False,
vn,Shopee,758395205,get_category,101829,101273,Camping Lamps & Flashlights,Đèn & Đèn Pin,False,
vn,Shopee,758395205,get_category,101828,101273,Camping Cookware,Dụng Cụ Nấu Ăn Dã Ngoại,False,
vn,Shopee,758395205,get_category,101272,100725,Cycling,Đạp Xe,True,
vn,Shopee,758395205,get_category,101827,101272,Others,Khác,False,
vn,Shopee,758395205,get_category,101826,101272,Cycling Helmets,Mũ Bảo Hiểm Xe Đạp,False,
vn,Shopee,758395205,get_category,101825,101272,Bicycle Parts & Accessories,Phụ Tùng & Phụ Kiện Xe Đạp,False,
vn,Shopee,758395205,get_category,101824,101272,Bicycles,Xe Đạp,False,
vn,Shopee,758395205,get_category,101271,100725,Fishing,Câu Cá,True,
vn,Shopee,758395205,get_category,101823,101271,Others,Khác,False,
vn,Shopee,758395205,get_category,101822,101271,Fishing Nets,Lưới Bắt Cá,False,
vn,Shopee,758395205,get_category,101821,101271,Fishing Bags,Túi Đựng Dụng Cụ Câu,False,
vn,Shopee,758395205,get_category,101820,101271,Lures & Baits,Mồi Câu,False,
vn,Shopee,758395205,get_category,101819,101271,Fishing Lines,Dây Câu,False,
vn,Shopee,758395205,get_category,101818,101271,Fish Finders,Máy Dò Tìm Cá,False,
vn,Shopee,758395205,get_category,101817,101271,Fishing Rods & Reels,Cần câu,False,
vn,Shopee,758395205,get_category,101816,101271,Fishing Hooks,Lưỡi Câu,False,
vn,Shopee,758395205,get_category,100638,0,Stationery,Văn Phòng Phẩm,True,
vn,Shopee,758395205,get_category,100736,100638,Others,Khác,False,
vn,Shopee,758395205,get_category,100735,100638,Letters & Envelopes,Thư Tín,True,
vn,Shopee,758395205,get_category,101384,100735,Others,Khác,False,
vn,Shopee,758395205,get_category,101383,100735,Postage Stamps & Duty Stamps,Tem Các Loại,False,
vn,Shopee,758395205,get_category,101382,100735,Post Cards,Bưu Thiếp,False,
vn,Shopee,758395205,get_category,101381,100735,Envelopes & Angpao,Phong Bì & Bao Lì Xì,False,
vn,Shopee,758395205,get_category,100734,100638,Notebooks & Papers,Sổ & Giấy Các Loại,True,
vn,Shopee,758395205,get_category,101380,100734,Others,Khác,False,
vn,Shopee,758395205,get_category,101379,100734,Labels & Stickers,Nhãn Dán Các Loại,False,
vn,Shopee,758395205,get_category,101378,100734,Notebooks & Notepads,"Tập, Vở Các Loại",False,
vn,Shopee,758395205,get_category,101377,100734,Art Paper & Boards,Giấy Mỹ Thuật,False,
vn,Shopee,758395205,get_category,101376,100734,Memo & Sticky Notes,Giấy Ghi Chú,False,
vn,Shopee,758395205,get_category,101375,100734,Loose Leaf,Ruột Sổ,False,
vn,Shopee,758395205,get_category,101374,100734,Printing & Photocopy Paper,Giấy In,False,
vn,Shopee,758395205,get_category,101373,100734,Thermal Paper & Continuous Paper,Giấy Nhiệt,False,
vn,Shopee,758395205,get_category,101372,100734,Book Covers,Bọc Sách,False,
vn,Shopee,758395205,get_category,101371,100734,Bookmarks,Đánh Dấu Trang,False,
vn,Shopee,758395205,get_category,100733,100638,Art Supplies,Họa cụ,True,
vn,Shopee,758395205,get_category,101370,100733,Others,Khác,False,
vn,Shopee,758395205,get_category,101369,100733,Sketch Books,Sổ vẽ phác thảo,False,
vn,Shopee,758395205,get_category,101368,100733,Canvases & Easels,Vải & Giá Vẽ,False,
vn,Shopee,758395205,get_category,101367,100733,Paint Palettes,Bảng Màu,False,
vn,Shopee,758395205,get_category,101366,100733,Paint Brushes,Cọ Vẽ,False,
vn,Shopee,758395205,get_category,101365,100733,Acrylic Paint,Sơn Acrylic,False,
vn,Shopee,758395205,get_category,101364,100733,Oil Paint,Sơn Dầu,False,
vn,Shopee,758395205,get_category,101363,100733,Water & Poster Colours,Màu Nước,False,
vn,Shopee,758395205,get_category,101362,100733,Crayons & Pastels,Bút Màu & Phấn Màu,False,
vn,Shopee,758395205,get_category,101361,100733,Color Pencils,Bút Chì Màu,False,
vn,Shopee,758395205,get_category,100732,100638,School & Office Equipment,Thiết Bị Trường Học,True,
vn,Shopee,758395205,get_category,101360,100732,Others,Khác,False,
vn,Shopee,758395205,get_category,101359,100732,Pencil Cases,Hộp Bút,False,
vn,Shopee,758395205,get_category,101358,100732,Sharpeners,Gọt bút chì,False,
vn,Shopee,758395205,get_category,101357,100732,"Rulers, Protractors & Stencils",Thước Các Loại & Giấy Nến,False,
vn,Shopee,758395205,get_category,101356,100732,"Folders, Paper Organizers & Accessories",Dụng Cụ Lưu Trữ Giấy Tờ,False,
vn,Shopee,758395205,get_category,101355,100732,Calendars,Lịch,False,
vn,Shopee,758395205,get_category,101354,100732,Staplers & Staples,Đồ Bấm Kim và Kim Bấm,False,
vn,Shopee,758395205,get_category,101353,100732,Ink Stamps & Pads,Mực Đóng Dấu,False,
vn,Shopee,758395205,get_category,101352,100732,Scissors,Kéo,False,
vn,Shopee,758395205,get_category,101351,100732,Hole Punchers,Máy Đục Lỗ,False,
vn,Shopee,758395205,get_category,101350,100732,"Clips, Pins & Tacks",Kẹp & Ghim Bấm,False,
vn,Shopee,758395205,get_category,101349,100732,Lanyards & Name Tags,Dây Đeo Thẻ & Thẻ Tên,False,
vn,Shopee,758395205,get_category,101348,100732,Label Printers,Máy In Nhãn,False,
vn,Shopee,758395205,get_category,101347,100732,Glues,Hồ Dán,False,
vn,Shopee,758395205,get_category,101346,100732,Strings & Tapes,Dây & Băng Keo Dán,False,
vn,Shopee,758395205,get_category,101345,100732,Pen Knives & Paper Cutters,Dao Rọc Giấy & Máy Cắt Giấy,False,
vn,Shopee,758395205,get_category,101344,100732,Calculators,Máy tính cầm tay,False,
vn,Shopee,758395205,get_category,101343,100732,Writing Boards & Board Stands,Bảng Viết & Giá Treo Bảng,False,
vn,Shopee,758395205,get_category,100731,100638,Writing & Correction,Bút Các Loại,True,
vn,Shopee,758395205,get_category,101342,100731,Others,Khác,False,
vn,Shopee,758395205,get_category,101341,100731,Highlighters,Bút Dạ Quang,False,
vn,Shopee,758395205,get_category,101340,100731,Markers,Bút Lông Màu,False,
vn,Shopee,758395205,get_category,101339,100731,Eraser & Correction Supplies,Dụng Cụ Tẩy Xóa,False,
vn,Shopee,758395205,get_category,101338,100731,Pencils,Bút Chì,False,
vn,Shopee,758395205,get_category,101337,100731,Pens & Inks,Bút & Mực,False,
vn,Shopee,758395205,get_category,100730,100638,Gift & Wrapping,Quà Tặng - Giấy Gói,True,
vn,Shopee,758395205,get_category,101336,100730,Others,Khác,False,
vn,Shopee,758395205,get_category,101335,100730,Carton Boxes,Hộp Carton,False,
vn,Shopee,758395205,get_category,101334,100730,Bubble Wraps,Xốp Chống Sốc,False,
vn,Shopee,758395205,get_category,101333,100730,Ribbons,Ruy Băng,False,
vn,Shopee,758395205,get_category,101332,100730,Gift Bags,Túi Quà Tặng,False,
vn,Shopee,758395205,get_category,101331,100730,Gift Boxes,Hộp Quà Tặng,False,
vn,Shopee,758395205,get_category,101330,100730,Gift Wrappers,Giấy Gói Quà,False,
vn,Shopee,758395205,get_category,100639,0,Hobbies & Collections,Sở thích & Sưu tầm,True,
vn,Shopee,758395205,get_category,100745,100639,Others,Khác,False,
vn,Shopee,758395205,get_category,100744,100639,Needlework,Dụng Cụ May Vá,False,
vn,Shopee,758395205,get_category,100743,100639,Photo Albums,Album Ảnh,False,
vn,Shopee,758395205,get_category,100742,100639,Vinyl Records,Đĩa Than,False,
vn,Shopee,758395205,get_category,100741,100639,Musical Instruments & Accessories,Nhạc Cụ & Phụ Kiện,True,
vn,Shopee,758395205,get_category,102017,100741,String Instruments,Nhạc Cụ Dây,True,
vn,Shopee,758395205,get_category,102020,102017,Others,Khác,False,
vn,Shopee,758395205,get_category,102019,102017,Guitars & Bass Guitars,Guitar & Bass,False,
vn,Shopee,758395205,get_category,102018,102017,Ukuleles,Đàn Ukulele,False,
vn,Shopee,758395205,get_category,101414,100741,Others,Khác,False,
vn,Shopee,758395205,get_category,101413,100741,Music Accessories,Phụ Kiện Âm Nhạc,False,
vn,Shopee,758395205,get_category,101412,100741,Wind Instruments,"Sáo, kèn",False,
vn,Shopee,758395205,get_category,101411,100741,Percussion Instruments,Nhạc Cụ Gõ,False,
vn,Shopee,758395205,get_category,101410,100741,Keyboards & Pianos,Đàn Piano & Organ,False,
vn,Shopee,758395205,get_category,100740,100639,"CD, DVD & Bluray",Băng - Đĩa,False,
vn,Shopee,758395205,get_category,100739,100639,Toys & Games,Đồ chơi - Giải trí,True,
vn,Shopee,758395205,get_category,101409,100739,Others,Khác,False,
vn,Shopee,758395205,get_category,101408,100739,Capsule Toys,Đồ chơi trứng,False,
vn,Shopee,758395205,get_category,101407,100739,Remote Control Toys & Accessories,Đồ chơi điều khiển từ xa,False,
vn,Shopee,758395205,get_category,101406,100739,Yo-yos,Yo yo,False,
vn,Shopee,758395205,get_category,101405,100739,Kendamas,Kendama,False,
vn,Shopee,758395205,get_category,101404,100739,Spinning Tops,Đồ chơi con xoay,False,
vn,Shopee,758395205,get_category,101403,100739,Rubik's Cubes,Đồ chơi rubik,False,
vn,Shopee,758395205,get_category,101402,100739,Prank Toys,Đồ chơi chọc ghẹo,False,
vn,Shopee,758395205,get_category,101401,100739,Magic Toys,Đồ chơi ảo thuật,False,
vn,Shopee,758395205,get_category,101400,100739,"Dice, Board & Card Games",Đồ chơi thẻ bài & boardgame,False,
vn,Shopee,758395205,get_category,100738,100639,Souvenirs,Quà Lưu Niệm,True,
vn,Shopee,758395205,get_category,101399,100738,Others,Khác,False,
vn,Shopee,758395205,get_category,101398,100738,Fridge Magnets,Nam Châm,False,
vn,Shopee,758395205,get_category,101397,100738,Coin Banks,Ống tiết kiệm,False,
vn,Shopee,758395205,get_category,101396,100738,Keychains,Móc khóa,False,
vn,Shopee,758395205,get_category,101395,100738,Hand Fans,Quạt Cầm Tay,False,
vn,Shopee,758395205,get_category,100737,100639,Collectible Items,Đồ Sưu Tầm,True,
vn,Shopee,758395205,get_category,101394,100737,Others,Khác,False,
vn,Shopee,758395205,get_category,101393,100737,Coins,Tiền xu & tiền giấy sưu tầm,False,
vn,Shopee,758395205,get_category,101392,100737,Anime & Manga Collectibles,Bộ sưu tập hoạt hình truyện tranh,False,
vn,Shopee,758395205,get_category,101391,100737,Sports Collectibles,Bộ sưu tập thể thao,False,
vn,Shopee,758395205,get_category,101390,100737,Idol Collectibles,Bộ sưu tập nhân vật nổi tiếng,False,
vn,Shopee,758395205,get_category,101388,100737,Vehicle Models & Diecast,Mô hình xe,False,
vn,Shopee,758395205,get_category,101387,100737,Mecha Models & Diecast,Mô hình mecha/gundam,False,
vn,Shopee,758395205,get_category,101386,100737,Statues & Sculptures,Tượng tĩnh,False,
vn,Shopee,758395205,get_category,101385,100737,Action Figurines,Mô hình nhân vật,False,
vn,Shopee,758395205,get_category,100640,0,Automobiles,Ô tô,True,
vn,Shopee,758395205,get_category,100753,100640,Automotive Keychains & Key Covers,Móc chìa khóa và Bọc chìa ô tô,False,
vn,Shopee,758395205,get_category,100752,100640,Automotive Oils & Lubes,Dầu nhớt và phụ gia ô tô,True,
vn,Shopee,758395205,get_category,101472,100752,Others,Khác,False,
vn,Shopee,758395205,get_category,101471,100752,Automotive Fluids,Dầu máy,True,
vn,Shopee,758395205,get_category,101912,101471,Others,Khác,False,
vn,Shopee,758395205,get_category,101911,101471,Transmissions Fluids,Dầu hộp số,False,
vn,Shopee,758395205,get_category,101910,101471,Brake Fluids,Dầu phanh,False,
vn,Shopee,758395205,get_category,101470,100752,Antifreezes & Coolants,Chất chống đông & chất làm mát,False,
vn,Shopee,758395205,get_category,101469,100752,Greases & Lubricants,Mỡ & Chất bôi trơn,False,
vn,Shopee,758395205,get_category,101468,100752,Fuel Additives & Savers,Phụ gia,False,
vn,Shopee,758395205,get_category,101467,100752,Oils,Dầu,False,
vn,Shopee,758395205,get_category,100751,100640,Automotive Care,Chăm sóc ô tô,True,
vn,Shopee,758395205,get_category,101466,100751,Others,Khác,False,
vn,Shopee,758395205,get_category,101465,100751,"Polish, Coating & Sealants","Đánh bóng, sơn phủ & chất làm kín",False,
vn,Shopee,758395205,get_category,101464,100751,Tire & Wheel Care,Chăm sóc lốp & vành,False,
vn,Shopee,758395205,get_category,101463,100751,Interior Care,Chăm sóc nội thất,False,
vn,Shopee,758395205,get_category,101462,100751,Glass Care & Water Repellents,Rửa kính & Chất chống bám nước,False,
vn,Shopee,758395205,get_category,101461,100751,Wash & Waxes,Dung dịch tẩy rửa,False,
vn,Shopee,758395205,get_category,100750,100640,Automotive Tools,Dụng cụ sửa chữa ô tô,True,
vn,Shopee,758395205,get_category,101460,100750,Others,Khác,False,
vn,Shopee,758395205,get_category,101459,100750,Tire Pressure Detectors,Máy đo áp suất lốp,False,
vn,Shopee,758395205,get_category,101458,100750,"Test, Diagnostic & Repair Tools","Dụng cụ Kiểm tra, chẩn đoán & sửa chữa",False,
vn,Shopee,758395205,get_category,100749,100640,Automobile Spare Parts,Phụ tùng ô tô,True,
vn,Shopee,758395205,get_category,101457,100749,Others,Khác,False,
vn,Shopee,758395205,get_category,101456,100749,Fuel System,Hệ thống xử lý nhiên liệu,False,
vn,Shopee,758395205,get_category,101455,100749,Electronics,Thiết bị điện tử,True,
vn,Shopee,758395205,get_category,101909,101455,Others,Khác,False,
vn,Shopee,758395205,get_category,101908,101455,Lighting,Đèn,False,
vn,Shopee,758395205,get_category,101907,101455,Batteries & Accessories,Pin & Phụ kiện,False,
vn,Shopee,758395205,get_category,101906,101455,Ignition,Bộ phận đánh lửa,True,
vn,Shopee,758395205,get_category,101931,101906,Others,Khác,False,
vn,Shopee,758395205,get_category,101930,101906,Spark Plugs,Bugi,False,
vn,Shopee,758395205,get_category,101929,101906,Ignition Coils,Cuộn dây đánh lửa,False,
vn,Shopee,758395205,get_category,101454,100749,"Belts, Hoses & Pulleys",Dây chuyền động,False,
vn,Shopee,758395205,get_category,101453,100749,Brake System,Hệ thống phanh,False,
vn,Shopee,758395205,get_category,101452,100749,Engine Parts,Bộ phận động cơ,True,
vn,Shopee,758395205,get_category,101905,101452,Others,Khác,False,
vn,Shopee,758395205,get_category,101904,101452,Oil Filters,Bộ lọc dầu,False,
vn,Shopee,758395205,get_category,101903,101452,Air Filters,Bộ lọc khí,False,
vn,Shopee,758395205,get_category,101902,101452,Pistons,Pít tông,False,
vn,Shopee,758395205,get_category,101451,100749,Bearing & Seals,Vòng bi & con dấu,False,
vn,Shopee,758395205,get_category,101450,100749,"Drivetrain, Transmission & Clutches","Hệ thống truyền động, hộp số & ly hợp",False,
vn,Shopee,758395205,get_category,101449,100749,"Radiators, Engine Cooling & Climate Control","Bộ tản nhiệt, Làm mát động cơ & Kiểm soát nhiệt",False,
vn,Shopee,758395205,get_category,101448,100749,"Shocks, Struts & Suspension","Giảm xóc, thanh chống và hệ thống treo",False,
vn,Shopee,758395205,get_category,101447,100749,Tires & Accessories,Lốp & Phụ kiện,False,
vn,Shopee,758395205,get_category,101446,100749,"Wheels, Rims & Accessories","Bánh xe, Vành & Phụ kiện",False,
vn,Shopee,758395205,get_category,101445,100749,Exhaust & Emissions,Hệ thống khí xả,False,
vn,Shopee,758395205,get_category,101444,100749,Windshield Wipers & Washers,Cần gạt nước & vòng đệm kính chắn gió,False,
vn,Shopee,758395205,get_category,101443,100749,"Body, Frame & Bumpers",Hệ thống khung xe và giảm sóc,False,
vn,Shopee,758395205,get_category,100748,100640,Automobile Exterior Accessories,Phụ kiện ngoại thất ô tô,True,
vn,Shopee,758395205,get_category,101442,100748,Others,Khác,False,
vn,Shopee,758395205,get_category,101441,100748,License Plate Accessories,Phụ kiện biển số,False,
vn,Shopee,758395205,get_category,101440,100748,Mirrors & Accessories,Gương & Phụ kiện,False,
vn,Shopee,758395205,get_category,101439,100748,Horns & Accessories,Còi & phụ kiện,False,
vn,Shopee,758395205,get_category,101438,100748,Gutters,Rãnh thoát nước mưa,False,
vn,Shopee,758395205,get_category,101437,100748,Sill Plates,Nẹp cửa chống trầy,False,
vn,Shopee,758395205,get_category,101436,100748,Mud Flaps & Splash Guards,Tấm chắn bùn,False,
vn,Shopee,758395205,get_category,101435,100748,"Stickers, Logos & Emblems","Hình dán, logo, huy hiệu",False,
vn,Shopee,758395205,get_category,101434,100748,Covers,Bạt phủ,False,
vn,Shopee,758395205,get_category,101433,100748,Antennas,Ăng-ten thu phát sóng,False,
vn,Shopee,758395205,get_category,101432,100748,Garnish,Nẹp viền,False,
vn,Shopee,758395205,get_category,100747,100640,Automobile Interior Accessories,Phụ kiện nội thất ô tô,True,
vn,Shopee,758395205,get_category,101431,100747,Others,Khác,False,
vn,Shopee,758395205,get_category,101430,100747,"HUD, Speedometers & Gauges","HUD, Đồng hồ tốc độ, Đồng hồ số",False,
vn,Shopee,758395205,get_category,101429,100747,Camcorders & Parking Cameras,Camera hành trình & Camera lùi,False,
vn,Shopee,758395205,get_category,101428,100747,Locks & Security,Khóa và thiết bị chống trộm,False,
vn,Shopee,758395205,get_category,101427,100747,Sun Shields & Dash Covers,Tấm che nắng và Thảm Taplo,False,
vn,Shopee,758395205,get_category,101426,100747,Pedals & Gear Sticks,Chân ga và Cần số,False,
vn,Shopee,758395205,get_category,101425,100747,"USB Chargers, FM & Bluetooth Transmitters","Cốc sạc USB, Thiết bị thu phát FM & Bluetooth",False,
vn,Shopee,758395205,get_category,101424,100747,Phone Holders,Giá đỡ điện thoại,False,
vn,Shopee,758395205,get_category,101423,100747,Seats & Seat Covers,Ghế & Áo ghế,False,
vn,Shopee,758395205,get_category,101422,100747,Steering Wheels & Covers,Vô lăng & Bọc vô lăng,False,
vn,Shopee,758395205,get_category,101421,100747,Car Mattresses,Nệm giường ô tô,False,
vn,Shopee,758395205,get_category,101420,100747,Seat Headrests & Back Supports,Gối tựa đầu & lưng,False,
vn,Shopee,758395205,get_category,101419,100747,Carpets & Mats,Thảm & Đệm lót,False,
vn,Shopee,758395205,get_category,101418,100747,"Perfumes, Air Fresheners & Purifiers","Nước hoa, Nước hoa khử mùi, Thiết bị lọc không khí",False,
vn,Shopee,758395205,get_category,101417,100747,Organizers & Compartments,Dụng cụ chứa,False,
vn,Shopee,758395205,get_category,101416,100747,"Amplifiers, Speakers & Subwoofers",Hệ thống loa,False,
vn,Shopee,758395205,get_category,101415,100747,Navigation & AV Receivers,Thiết bị định vị và Hệ thống hình ảnh/âm thanh,False,
vn,Shopee,758395205,get_category,100641,0,Motorcycles,"Mô tô, xe máy",True,
vn,Shopee,758395205,get_category,100758,100641,Motorcycle Helmets & Accessories,Mũ bảo hiểm & Phụ kiện,False,
vn,Shopee,758395205,get_category,100757,100641,Motorcycle Spare Parts,Phụ tùng xe máy,True,
vn,Shopee,758395205,get_category,101497,100757,Others,Khác,False,
vn,Shopee,758395205,get_category,101496,100757,Lighting,Đèn,False,
vn,Shopee,758395205,get_category,101495,100757,Tires & Accessories,Lốp xe & Phụ kiện,False,
vn,Shopee,758395205,get_category,101494,100757,"Wheels, Rims & Accessories","Bánh xe, Vành & Phụ kiện",False,
vn,Shopee,758395205,get_category,101493,100757,Exhaust & Emissions,Hệ thống khí xả,False,
vn,Shopee,758395205,get_category,101492,100757,Body & Frame,Hệ thống khung xe,False,
vn,Shopee,758395205,get_category,101491,100757,Cables & Tubes,Dây cáp & Ống,False,
vn,Shopee,758395205,get_category,101490,100757,Horns & Accessories,Còi & Phụ kiện,False,
vn,Shopee,758395205,get_category,101489,100757,Batteries & Accessories,Pin & Phụ kiện,False,
vn,Shopee,758395205,get_category,101488,100757,"Drivetrain, Transmission & Clutches",Hệ thống dẫn động,True,
vn,Shopee,758395205,get_category,101924,101488,Others,Khác,False,
vn,Shopee,758395205,get_category,101923,101488,Bearings,Vòng bi,False,
vn,Shopee,758395205,get_category,101922,101488,Clutches,Bộ ly hợp,False,
vn,Shopee,758395205,get_category,101921,101488,Chains & Gears,Phụ tùng nhông xích,False,
vn,Shopee,758395205,get_category,101487,100757,"Shocks, Struts & Suspension",Hệ thống giảm xóc,False,
vn,Shopee,758395205,get_category,101486,100757,Brake System,Hệ thống phanh,False,
vn,Shopee,758395205,get_category,101485,100757,Fuel System,Hệ thống xử lý nhiên liệu,False,
vn,Shopee,758395205,get_category,101484,100757,Ignition & Engine Parts,Bộ phận đánh lửa & động cơ,True,
vn,Shopee,758395205,get_category,101920,101484,Others,Khác,False,
vn,Shopee,758395205,get_category,101919,101484,Air Filters,Lọc gió,False,
vn,Shopee,758395205,get_category,101918,101484,V-Belts,Dây Curoa,False,
vn,Shopee,758395205,get_category,101917,101484,Ignition Coils,Cuộn dây đánh lửa,False,
vn,Shopee,758395205,get_category,101916,101484,Spark Plugs,Bugi,False,
vn,Shopee,758395205,get_category,101915,101484,CDI & ECU,Hộp đánh lửa & hộp đen,False,
vn,Shopee,758395205,get_category,101914,101484,Pistons,Pít tông,False,
vn,Shopee,758395205,get_category,101913,101484,Radiators,Bộ tản nhiệt,False,
vn,Shopee,758395205,get_category,100756,100641,Motorcycle Accessories,Phụ kiện xe máy,True,
vn,Shopee,758395205,get_category,101483,100756,Others,Khác,False,
vn,Shopee,758395205,get_category,101482,100756,Mud Flaps & Splash Guards,Tấm chắn bùn,False,
vn,Shopee,758395205,get_category,101481,100756,Phone Holders,Giá đỡ điện thoại,False,
vn,Shopee,758395205,get_category,101480,100756,Boxes & Cases,Thùng chứa đồ,False,
vn,Shopee,758395205,get_category,101479,100756,Locks & Security,Khóa và thiết bị chống trộm,False,
vn,Shopee,758395205,get_category,101478,100756,Mirrors & Accessories,Gương và phụ kiện,False,
vn,Shopee,758395205,get_category,101477,100756,Seats & Seat Covers,Ghế & bọc ghế,False,
vn,Shopee,758395205,get_category,101476,100756,"Stickers, Logos & Emblems","Hình dán, logo, huy hiệu",False,
vn,Shopee,758395205,get_category,101475,100756,Covers,Bạt phủ,False,
vn,Shopee,758395205,get_category,101474,100756,"Speedometers, Odometers & Gauges",Đồng hồ đo,False,
vn,Shopee,758395205,get_category,101473,100756,Carpets,Lót sàn,False,
vn,Shopee,758395205,get_category,100643,0,Books & Magazines,Sách & Tạp Chí,True,
vn,Shopee,758395205,get_category,100778,100643,E-Books,E-Books,False,
vn,Shopee,758395205,get_category,100777,100643,Books,Sách,True,
vn,Shopee,758395205,get_category,101572,100777,Audio Books,Sách Nói,False,
vn,Shopee,758395205,get_category,101571,100777,Baby & Soft Books,Sách Vải,False,
vn,Shopee,758395205,get_category,100644,0,Computers & Accessories,Máy tính & Laptop,True,
vn,Shopee,758395205,get_category,101943,100644,Others,Phụ Kiện Máy Tính Khác,False,
vn,Shopee,758395205,get_category,101942,100644,Laptops,Laptop,False,
vn,Shopee,758395205,get_category,101941,100644,Keyboards & Mice,Chuột & Bàn Phím,True,
vn,Shopee,758395205,get_category,102001,101941,Others,Khác,False,
vn,Shopee,758395205,get_category,102000,101941,Drawing Tablets,Bảng Vẽ Điện Tử,False,
vn,Shopee,758395205,get_category,101999,101941,Keyboards,Bàn Phím Máy Tính,False,
vn,Shopee,758395205,get_category,101998,101941,Mice,Chuột Máy Tính,False,
vn,Shopee,758395205,get_category,101940,100644,Peripherals & Accessories,Phụ Kiện Máy Tính,True,
vn,Shopee,758395205,get_category,101997,101940,Others,Khác,False,
vn,Shopee,758395205,get_category,101996,101940,Mouse Pads,Bàn Di Chuột,False,
vn,Shopee,758395205,get_category,101995,101940,Video Conference Devices,Thiết Bị Truyền Hình Hội Nghị,False,
vn,Shopee,758395205,get_category,101994,101940,Laptop Chargers & Adaptors,Bộ Sạc Laptop,False,
vn,Shopee,758395205,get_category,101993,101940,Laptop Batteries,Pin Laptop,False,
vn,Shopee,758395205,get_category,101992,101940,Keyboard & Trackpad Covers,Miếng Dán Bàn Phím,False,
vn,Shopee,758395205,get_category,101991,101940,Laptop Stands & Foldable Laptop Desks,Bàn Laptop,False,
vn,Shopee,758395205,get_category,101990,101940,Cooling Pads,Đế Tản Nhiệt,False,
vn,Shopee,758395205,get_category,101989,101940,Laptop Skins & Covers,Miếng Dán & Ốp Laptop,False,
vn,Shopee,758395205,get_category,101988,101940,Webcams,Webcam,False,
vn,Shopee,758395205,get_category,101987,101940,USB Hubs & Card Readers,Bộ chia cổng USB & Đọc thẻ nhớ,False,
vn,Shopee,758395205,get_category,101939,100644,Printers & Scanners,Máy In & Máy Scan,True,
vn,Shopee,758395205,get_category,101986,101939,Others,Khác,False,
vn,Shopee,758395205,get_category,101985,101939,3D Printers,Máy In 3D,False,
vn,Shopee,758395205,get_category,101984,101939,Inks & Toners,Mực In & Khay Mực,False,
vn,Shopee,758395205,get_category,101983,101939,Thermal & Barcode Printers,Máy In Mã Vạch,False,
vn,Shopee,758395205,get_category,101982,101939,"Printers, Scanners & Photocopy Machines","Máy In, Máy Scan & Máy Photo",False,
vn,Shopee,758395205,get_category,101938,100644,Office Equipment,Thiết Bị Văn Phòng,True,
vn,Shopee,758395205,get_category,101981,101938,Others,Khác,False,
vn,Shopee,758395205,get_category,101980,101938,Money Counters,Máy Đếm Tiền,False,
vn,Shopee,758395205,get_category,101979,101938,Paper Shredders,Máy Hủy Tài Liệu,False,
vn,Shopee,758395205,get_category,101978,101938,Absence Machines,Máy Chấm Công,False,
vn,Shopee,758395205,get_category,101977,101938,Typewriters,Máy Đánh Chữ,False,
vn,Shopee,758395205,get_category,101937,100644,Softwares,Phần Mềm,False,
vn,Shopee,758395205,get_category,101936,100644,Network Components,Thiết Bị Mạng,True,
vn,Shopee,758395205,get_category,101976,101936,Others,Khác,False,
vn,Shopee,758395205,get_category,101975,101936,Print Servers,Máy Chủ Máy In,False,
vn,Shopee,758395205,get_category,101974,101936,KVM Switches,Bộ Chuyển Mạch KVM,False,
vn,Shopee,758395205,get_category,101973,101936,Network Cables & Connectors,Cáp Máy Tính,False,
vn,Shopee,758395205,get_category,101972,101936,Network Switches & PoE,Bộ chia mạng,False,
vn,Shopee,758395205,get_category,101971,101936,Powerline Adapters,Bộ Chuyển Đổi Mạng,False,
vn,Shopee,758395205,get_category,101970,101936,Wireless Adapters & Network Cards,Bộ Thu Wifi,False,
vn,Shopee,758395205,get_category,101969,101936,Repeaters,Bộ Kích Wifi,False,
vn,Shopee,758395205,get_category,101968,101936,Modems & Wireless Routers,Bộ Phát Wifi,False,
vn,Shopee,758395205,get_category,101935,100644,Data Storage,Thiết Bị Lưu Trữ,True,
vn,Shopee,758395205,get_category,101967,101935,Others,Khác,False,
vn,Shopee,758395205,get_category,101966,101935,Compact Discs,Đĩa CD,False,
vn,Shopee,758395205,get_category,101965,101935,Hard Disk Casings & Dockings,Thiết Bị Đựng Ổ Cứng,False,
vn,Shopee,758395205,get_category,101964,101935,Flash Drives & OTG,USB & OTG,False,
vn,Shopee,758395205,get_category,101963,101935,Network Attached Storage (NAS),Ổ Cứng Mạng (NAS),False,
vn,Shopee,758395205,get_category,101962,101935,SSD,Ổ Cứng SSD,False,
vn,Shopee,758395205,get_category,101961,101935,Hard Drives,Ổ Cứng Di Động,False,
vn,Shopee,758395205,get_category,101934,100644,Desktop & Laptop Components,Linh Kiện Máy Tính,True,
vn,Shopee,758395205,get_category,101960,101934,Others,Khác,False,
vn,Shopee,758395205,get_category,101959,101934,Sound Cards,Bo Mạch Âm Thanh,False,
vn,Shopee,758395205,get_category,101958,101934,Optical Drives,Ổ Đĩa Quang,False,
vn,Shopee,758395205,get_category,101957,101934,PC Cases,Case Máy Tính,False,
vn,Shopee,758395205,get_category,101956,101934,UPS & Stabilizers,Bộ Lưu Điện,False,
vn,Shopee,758395205,get_category,101955,101934,RAM,Ram Máy Tính,False,
vn,Shopee,758395205,get_category,101954,101934,Power Supply Units,Nguồn Máy Tính,False,
vn,Shopee,758395205,get_category,101953,101934,Thermal Paste,Keo Tản Nhiệt,False,
vn,Shopee,758395205,get_category,101952,101934,Graphics Cards,VGA - Card Màn Hình,False,
vn,Shopee,758395205,get_category,101951,101934,Motherboards,Mainboard - Bo Mạch Chủ,False,
vn,Shopee,758395205,get_category,101950,101934,Processors,CPU - Bộ Vi Xử Lý,False,
vn,Shopee,758395205,get_category,101949,101934,Fans & Heatsinks,Quạt và Tản Nhiệt,False,
vn,Shopee,758395205,get_category,101933,100644,Monitors,Màn Hình,False,
vn,Shopee,758395205,get_category,101932,100644,Desktop Computers,Máy Tính Bàn,True,
vn,Shopee,758395205,get_category,101948,101932,Others,Khác,False,
vn,Shopee,758395205,get_category,101947,101932,All-in-One Desktops,Máy Tính All in one,False,
vn,Shopee,758395205,get_category,101946,101932,Server PC,Máy Chủ,False,
vn,Shopee,758395205,get_category,101945,101932,Mini PC,Máy Tính Mini,False,
vn,Shopee,758395205,get_category,101944,101932,Desktop PC,Bộ Máy Tính Bàn,False,
vn,Shopee,758395205,get_category,102187,0,Spare Parts and Accessories for Vehicles,Phụ tùng & Phụ kiện xe cơ giới,True,
vn,Shopee,758395205,get_category,102607,102187,Motorcycles,Xe máy,False,
vn,Shopee,758395205,get_category,102606,102187,Automobiles,Ô tô,False,
vn,Shopee,758395205,get_category,102601,102187,Others,Khác,False,
vn,Shopee,758395205,get_category,102272,102187,Vehicular Care,Chăm sóc xe cơ giới,True,
vn,Shopee,758395205,get_category,102612,102272,Other tire & wheel care,Chăm sóc lốp & mâm khác,False,
vn,Shopee,758395205,get_category,102578,102272,Others,Khác,False,
vn,Shopee,758395205,get_category,102577,102272,Vacuum Cleaner,Máy hút bụi,False,
vn,Shopee,758395205,get_category,102576,102272,Polisher,Máy đánh bóng,False,
vn,Shopee,758395205,get_category,102575,102272,Towels,Khăn lau,False,
vn,Shopee,758395205,get_category,102574,102272,Pads,Tấm lót / Miếng đệm,False,
vn,Shopee,758395205,get_category,102573,102272,Brighteners,Chất làm sáng bóng,False,
vn,Shopee,758395205,get_category,102572,102272,Fragrances,Nước hoa xe,False,
vn,Shopee,758395205,get_category,102571,102272,Degreasers,Chất tẩy dầu mỡ,False,
vn,Shopee,758395205,get_category,102570,102272,Treatments,Chất xử lý bề mặt,False,
vn,Shopee,758395205,get_category,102569,102272,Shampoo,Dầu gội xe,False,
vn,Shopee,758395205,get_category,102568,102272,Wax,Sáp xe,False,
vn,Shopee,758395205,get_category,102271,102187,Vehicular Safety,Thiết bị an toàn xe cơ giới,True,
vn,Shopee,758395205,get_category,102584,102271,Others,Khác,False,
vn,Shopee,758395205,get_category,102583,102271,Remote Control Keys,Chìa khóa điều khiển từ xa,False,
vn,Shopee,758395205,get_category,102582,102271,Power Locks,Khóa cửa điện,False,
vn,Shopee,758395205,get_category,102581,102271,Locks,Khóa,False,
vn,Shopee,758395205,get_category,102580,102271,Wheel Nuts,Bu lông bánh xe,False,
vn,Shopee,758395205,get_category,102579,102271,Alarms and Accessories,Chuông báo động & phụ kiện,False,
vn,Shopee,758395205,get_category,102265,102187,Vehicular Tools,Dụng cụ sửa chữa xe,True,
vn,Shopee,758395205,get_category,102567,102265,Others,Khác,False,
vn,Shopee,758395205,get_category,102566,102265,Winch,Tời kéo,False,
vn,Shopee,758395205,get_category,102565,102265,Tire Changer Machine,Máy tháo vỏ lốp,False,
vn,Shopee,758395205,get_category,102564,102265,Air Compressors,Máy nén khí,False,
vn,Shopee,758395205,get_category,102270,102265,Wrench,Cờ lê,True,
vn,Shopee,758395205,get_category,102517,102270,Others,Khác,False,
vn,Shopee,758395205,get_category,102516,102270,Combination Wrench,Cờ lê tổ hợp,False,
vn,Shopee,758395205,get_category,102515,102270,Tire Iron,Tuýp tháo lốp,False,
vn,Shopee,758395205,get_category,102269,102265,Measurement,Thiết bị đo lường,True,
vn,Shopee,758395205,get_category,102514,102269,Others,Khác,False,
vn,Shopee,758395205,get_category,102513,102269,Pressure Gauges,Đồng hồ đo áp suất,False,
vn,Shopee,758395205,get_category,102268,102265,Scanning,Thiết bị chẩn đoán quét lỗi,True,
vn,Shopee,758395205,get_category,102512,102268,Others,Khác,False,
vn,Shopee,758395205,get_category,102511,102268,Scanners,Máy quét lỗi,False,
vn,Shopee,758395205,get_category,102267,102265,Battery Tools,Dụng cụ dùng pin,True,
vn,Shopee,758395205,get_category,102510,102267,Others,Khác,False,
vn,Shopee,758395205,get_category,102509,102267,Battery Testers,Máy thử bình ắc quy,False,
vn,Shopee,758395205,get_category,102508,102267,Battery Chargers,Sạc bình ắc quy,False,
vn,Shopee,758395205,get_category,102266,102265,Lift,Kích nâng,True,
vn,Shopee,758395205,get_category,102507,102266,Others,Khác,False,
vn,Shopee,758395205,get_category,102506,102266,Automotive Lifts,Automotive Lifts,False,
vn,Shopee,758395205,get_category,102505,102266,Jack Stands,Ê tô / Giá kích,False,
vn,Shopee,758395205,get_category,102504,102266,Jacks,Kích xe,False,
vn,Shopee,758395205,get_category,102264,102187,Tires and Wheels,Lốp và mâm xe,True,
vn,Shopee,758395205,get_category,102563,102264,Others,Khác,False,
vn,Shopee,758395205,get_category,102562,102264,Truck Wheels,Bánh xe tải,False,
vn,Shopee,758395205,get_category,102561,102264,Motorcycle Wheels,Bánh xe máy,False,
vn,Shopee,758395205,get_category,102560,102264,Automobile Wheels,Mâm xe ô tô,False,
vn,Shopee,758395205,get_category,102559,102264,Industrial Tires,Lốp xe công nghiệp,False,
vn,Shopee,758395205,get_category,102558,102264,Bike Tires,Lốp xe máy,False,
vn,Shopee,758395205,get_category,102557,102264,Quad Bike Tires,Lốp xe địa hình,False,
vn,Shopee,758395205,get_category,102556,102264,Agriculture Tires,Lốp xe nông nghiệp,False,
vn,Shopee,758395205,get_category,102555,102264,Inner Tubes for Tires,Ruột xe,False,
vn,Shopee,758395205,get_category,102554,102264,Truck Tires,Lốp xe tải,False,
vn,Shopee,758395205,get_category,102553,102264,Motorcycle Tires,Lốp xe máy,False,
vn,Shopee,758395205,get_category,102552,102264,Automobile Tires,Lốp ô tô,False,
vn,Shopee,758395205,get_category,102260,102187,Accessories for Motorcycles,Phụ kiện xe máy,True,
vn,Shopee,758395205,get_category,102611,102260,Motorcycle Helmet Camera,Camera hành trình gắn mũ bảo hiểm,False,
vn,Shopee,758395205,get_category,102610,102260,Phone Holders,Giá điện thoại,False,
vn,Shopee,758395205,get_category,102551,102260,Others,Khác,False,
vn,Shopee,758395205,get_category,102550,102260,Stickers and Emblems,Decal & Biểu tượng,False,
vn,Shopee,758395205,get_category,102549,102260,Backpacks,Ba lô,False,
vn,Shopee,758395205,get_category,102548,102260,Hand Guards,Gù tay lái,False,
vn,Shopee,758395205,get_category,102547,102260,Saddlebags,Túi yên phụ,False,
vn,Shopee,758395205,get_category,102546,102260,Frame Sliders,Ốc chống đổ,False,
vn,Shopee,758395205,get_category,102545,102260,Windshield,Kính chắn gió,False,
vn,Shopee,758395205,get_category,102544,102260,Helmet Visor Shields,Kính che mũ bảo hiểm,False,
vn,Shopee,758395205,get_category,102543,102260,Intercom,Thiết bị liên lạc,False,
vn,Shopee,758395205,get_category,102542,102260,Panel and Speedometer,Mặt đồng hồ,False,
vn,Shopee,758395205,get_category,102541,102260,Helmets,Mũ bảo hiểm,False,
vn,Shopee,758395205,get_category,102540,102260,Engine Protector,Ốc chống trượt động cơ,False,
vn,Shopee,758395205,get_category,102263,102260,Covers,Ốp / Bọc,True,
vn,Shopee,758395205,get_category,102503,102263,Others,Khác,False,
vn,Shopee,758395205,get_category,102502,102263,Seat Covers,Bọc ghế,False,
vn,Shopee,758395205,get_category,102501,102263,Motorcycles Covers,Bạt phủ xe máy,False,
vn,Shopee,758395205,get_category,102262,102260,Cases,Hộp / Ốp lưng,True,
vn,Shopee,758395205,get_category,102500,102262,Others,Khác,False,
vn,Shopee,758395205,get_category,102499,102262,Side Cases,Hộp yên phụ,False,
vn,Shopee,758395205,get_category,102498,102262,Luggage Racks,Giá để hành lý,False,
vn,Shopee,758395205,get_category,102497,102262,Back Top Cases,Hộp đồ phía sau,False,
vn,Shopee,758395205,get_category,102261,102260,Clothing and Boots,Quần áo và giày bảo hộ,True,
vn,Shopee,758395205,get_category,102496,102261,Others,Khác,False,
vn,Shopee,758395205,get_category,102495,102261,Protection Gear,Đồ bảo hộ,False,
vn,Shopee,758395205,get_category,102494,102261,Accessories,Phụ kiện,False,
vn,Shopee,758395205,get_category,102493,102261,Boots,Ủng đi mưa,False,
vn,Shopee,758395205,get_category,102492,102261,Jackets,Áo khoác,False,
vn,Shopee,758395205,get_category,102491,102261,Rain Suit,Áo mưa,False,
vn,Shopee,758395205,get_category,102251,102187,Spare Parts for Motorcycles,Phụ tùng xe máy,True,
vn,Shopee,758395205,get_category,102539,102251,Others,Khác,False,
vn,Shopee,758395205,get_category,102538,102251,Batteries,Ắc quy,False,
vn,Shopee,758395205,get_category,102537,102251,Side Mirrors,Gương chiếu hậu,False,
vn,Shopee,758395205,get_category,102259,102251,Additive and Lubricant,Phụ gia & dầu nhờn,True,
vn,Shopee,758395205,get_category,102490,102259,Engine Oil,Nhớt máy,False,
vn,Shopee,758395205,get_category,102258,102251,Filters,Lọc,True,
vn,Shopee,758395205,get_category,102489,102258,Others,Khác,False,
vn,Shopee,758395205,get_category,102488,102258,Filters Kit,Bộ lọc,False,
vn,Shopee,758395205,get_category,102487,102258,Oil Filters,Lọc nhớt,False,
vn,Shopee,758395205,get_category,102486,102258,Air Filters,Lọc gió,False,
vn,Shopee,758395205,get_category,102257,102251,Ignition,Hệ thống đánh lửa,True,
vn,Shopee,758395205,get_category,102485,102257,Others,Khác,False,
vn,Shopee,758395205,get_category,102484,102257,Ignition Coil,Bô bin,False,
vn,Shopee,758395205,get_category,102483,102257,Spark Plugs,Bugi,False,
vn,Shopee,758395205,get_category,102482,102257,Ignition Switches,Công tắc máy,False,
vn,Shopee,758395205,get_category,102481,102257,CDI,Hộp CDI,False,
vn,Shopee,758395205,get_category,102256,102251,Lighting,Hệ thống chiếu sáng,True,
vn,Shopee,758395205,get_category,102480,102256,Others,Khác,False,
vn,Shopee,758395205,get_category,102479,102256,Low Beam Headlights,Đèn chiếu gần,False,
vn,Shopee,758395205,get_category,102478,102256,Headlights,Đèn pha,False,
vn,Shopee,758395205,get_category,102477,102256,Turn Signal Lights,Đèn xi nhan,False,
vn,Shopee,758395205,get_category,102255,102251,Exhaust and Muffler,Ống xả và giảm thanh,True,
vn,Shopee,758395205,get_category,102476,102255,Others,Khác,False,
vn,Shopee,758395205,get_category,102475,102255,Muffler,Ống giảm thanh,False,
vn,Shopee,758395205,get_category,102474,102255,Exhaust,Ống xả,False,
vn,Shopee,758395205,get_category,102254,102251,Transmission,Hộp số,True,
vn,Shopee,758395205,get_category,102473,102254,Others,Khác,False,
vn,Shopee,758395205,get_category,102472,102254,Drive Belts,Dây curoa,False,
vn,Shopee,758395205,get_category,102471,102254,Gear Shaft,Trục hộp số,False,
vn,Shopee,758395205,get_category,102470,102254,Gear Box,Hộp số,False,
vn,Shopee,758395205,get_category,102469,102254,Sprockets,Nhông xích,False,
vn,Shopee,758395205,get_category,102468,102254,Clutches,Bộ ly hợp,False,
vn,Shopee,758395205,get_category,102467,102254,Transmission Kit,Bộ phận hộp số,False,
vn,Shopee,758395205,get_category,102253,102251,Engine,Động cơ,True,
vn,Shopee,758395205,get_category,102466,102253,Others,Khác,False,
vn,Shopee,758395205,get_category,102465,102253,Oil Pump,Bơm nhớt,False,
vn,Shopee,758395205,get_category,102464,102253,Timing Chain Tensioner,Căng xích cam,False,
vn,Shopee,758395205,get_category,102463,102253,Regulator Rectifier,Bộ chỉnh lưu,False,
vn,Shopee,758395205,get_category,102462,102253,Connecting Rod,Tay biên,False,
vn,Shopee,758395205,get_category,102461,102253,Camshafts,Trục cam,False,
vn,Shopee,758395205,get_category,102460,102253,Stators,Bô bin,False,
vn,Shopee,758395205,get_category,102459,102253,Drive Chains,Xích tải,False,
vn,Shopee,758395205,get_category,102458,102253,Pistons,Piston,False,
vn,Shopee,758395205,get_category,102457,102253,Starter Motor Spare Parts,Phụ tùng mô tơ khởi động,False,
vn,Shopee,758395205,get_category,102456,102253,Cylinder Head,Nắp máy,False,
vn,Shopee,758395205,get_category,102455,102253,Carburetors,Bình xăng con,False,
vn,Shopee,758395205,get_category,102454,102253,Cylinders,Xi lanh,False,
vn,Shopee,758395205,get_category,102252,102251,Chassis,Khung gầm,True,
vn,Shopee,758395205,get_category,102453,102252,Others,Khác,False,
vn,Shopee,758395205,get_category,102452,102252,Fuel Tank,Bình xăng,False,
vn,Shopee,758395205,get_category,102451,102252,Seat Handles,Tay bế,False,
vn,Shopee,758395205,get_category,102450,102252,Engine Guards,Ống bảo vệ động cơ,False,
vn,Shopee,758395205,get_category,102449,102252,Handlebar Grips,Tay nắm,False,
vn,Shopee,758395205,get_category,102448,102252,Foot Pegs,Chân chống,False,
vn,Shopee,758395205,get_category,102447,102252,Spokes,Nan hoa,False,
vn,Shopee,758395205,get_category,102446,102252,Wheel Hub,Moay ơ bánh xe,False,
vn,Shopee,758395205,get_category,102445,102252,Fuel Tank Cap,Nắp bình xăng,False,
vn,Shopee,758395205,get_category,102444,102252,License Plate Mount,Giá biển số,False,
vn,Shopee,758395205,get_category,102443,102252,Seats,Ghế,False,
vn,Shopee,758395205,get_category,102442,102252,Wires,Dây điện,False,
vn,Shopee,758395205,get_category,102441,102252,Handles,Tay cầm,False,
vn,Shopee,758395205,get_category,102440,102252,Wrench,Cờ lê,False,
vn,Shopee,758395205,get_category,102439,102252,Fork Tubes,Phuộc trước,False,
vn,Shopee,758395205,get_category,102438,102252,Stands,Chân chống,False,
vn,Shopee,758395205,get_category,102437,102252,Fenders,Chắn bùn,False,
vn,Shopee,758395205,get_category,102436,102252,Handlebars and Components,Ghi đông & linh kiện,False,
vn,Shopee,758395205,get_category,102435,102252,Brakes,Phanh,False,
vn,Shopee,758395205,get_category,102434,102252,Shock Absorbers,Giảm xóc,False,
vn,Shopee,758395205,get_category,102433,102252,Plastics Kit,Bộ nhựa,False,
vn,Shopee,758395205,get_category,102249,102187,Internal Accessories for Automobiles,Phụ kiện nội thất ô tô,True,
vn,Shopee,758395205,get_category,102528,102249,Others,Khác,False,
vn,Shopee,758395205,get_category,102527,102249,GPS Navigators,Thiết bị định vị GPS,False,
vn,Shopee,758395205,get_category,102526,102249,Car Cameras,Camera hành trình,False,
vn,Shopee,758395205,get_category,102525,102249,Bluetooth Transmitters,Thiết bị phát bluetooth,False,
vn,Shopee,758395205,get_category,102524,102249,Phone Chargers and Holders,Sạc điện thoại và giá gắn,False,
vn,Shopee,758395205,get_category,102523,102249,Keychain and Key Covers,Móc chìa khóa và bao da chìa,False,
vn,Shopee,758395205,get_category,102522,102249,Steering Wheel Cover,Bọc vô lăng,False,
vn,Shopee,758395205,get_category,102521,102249,Sun Shade,Rèm che nắng,False,
vn,Shopee,758395205,get_category,102520,102249,Cup Holder and Organizers,Cốc để đồ & hộc tổ chức,False,
vn,Shopee,758395205,get_category,102519,102249,Seat Cover,Bọc ghế,False,
vn,Shopee,758395205,get_category,102518,102249,Car Mat,Thảm lót sàn,False,
vn,Shopee,758395205,get_category,102250,102249,Car Audio System,Âm thanh ô tô,True,
vn,Shopee,758395205,get_category,102595,102250,Speakers & Boxes,Loa & Thùng loa,False,
vn,Shopee,758395205,get_category,102414,102250,Others,Khác,False,
vn,Shopee,758395205,get_category,102413,102250,Remote Control,Điều khiển từ xa,False,
vn,Shopee,758395205,get_category,102412,102250,Antennas,Anten,False,
vn,Shopee,758395205,get_category,102411,102250,Drivers,Loa tweeter,False,
vn,Shopee,758395205,get_category,102410,102250,Speakers,Loa,False,
vn,Shopee,758395205,get_category,102409,102250,Amplifier Modules,Cục đẩy công suất,False,
vn,Shopee,758395205,get_category,102408,102250,Players,Đầu đọc đĩa,False,
vn,Shopee,758395205,get_category,102243,102187,External Accessories for Automobiles,Phụ kiện ngoại thất ô tô,True,
vn,Shopee,758395205,get_category,102536,102243,Others,Khác,False,
vn,Shopee,758395205,get_category,102535,102243,Parking Cameras and Sensors,Camera lùi & cảm biến đỗ xe,False,
vn,Shopee,758395205,get_category,102534,102243,Wheel Spacer,Miếng độn bánh xe,False,
vn,Shopee,758395205,get_category,102533,102243,Mud Flaps,Tấm chắn bùn,False,
vn,Shopee,758395205,get_category,102532,102243,Fender Flares,Ốp hốc bánh,False,
vn,Shopee,758395205,get_category,102531,102243,Deflectors,Tấm hứng gió,False,
vn,Shopee,758395205,get_category,102530,102243,Running Boards,Bệ để chân,False,
vn,Shopee,758395205,get_category,102529,102243,Wheel Cover,Chụp bánh xe,False,
vn,Shopee,758395205,get_category,102248,102243,Tuning,Độ xe,True,
vn,Shopee,758395205,get_category,102432,102248,Others,Khác,False,
vn,Shopee,758395205,get_category,102431,102248,Internal Tuning,Độ trong,False,
vn,Shopee,758395205,get_category,102430,102248,Paints,Sơn xe,False,
vn,Shopee,758395205,get_category,102429,102248,Stickers,Decal,False,
vn,Shopee,758395205,get_category,102428,102248,Lighting,Đèn chiếu sáng,False,
vn,Shopee,758395205,get_category,102247,102243,Racks and Cargo Carrier,Giá đỡ / Kệ chở hàng,True,
vn,Shopee,758395205,get_category,102427,102247,Others,Khác,False,
vn,Shopee,758395205,get_category,102426,102247,Cargo Carriers,Giá chở hàng,False,
vn,Shopee,758395205,get_category,102425,102247,Racks and Crossbars,Giá nóc & Thanh ngang,False,
vn,Shopee,758395205,get_category,102246,102243,Covers,Ốp / Bọc,True,
vn,Shopee,758395205,get_category,102424,102246,Others,Khác,False,
vn,Shopee,758395205,get_category,102423,102246,Front End Covers,Nắp ca-pô,False,
vn,Shopee,758395205,get_category,102422,102246,Car Covers,Bạt phủ ô tô,False,
vn,Shopee,758395205,get_category,102245,102243,Hitch,Móc kéo / Giá kéo,True,
vn,Shopee,758395205,get_category,102421,102245,Others,Khác,False,
vn,Shopee,758395205,get_category,102420,102245,Hitch Ball,Bi kéo móc,False,
vn,Shopee,758395205,get_category,102419,102245,Hitch Latch,Chốt khóa móc kéo,False,
vn,Shopee,758395205,get_category,102418,102245,Hitch Kits,Bộ móc kéo,False,
vn,Shopee,758395205,get_category,102244,102243,Tailgate Accessories,Phụ kiện cửa sau,True,
vn,Shopee,758395205,get_category,102417,102244,Others,Khác,False,
vn,Shopee,758395205,get_category,102416,102244,Roll Bar,Thanh chống lật,False,
vn,Shopee,758395205,get_category,102415,102244,Bed Tonneau Cover,Bạt phủ thùng xe,False,
vn,Shopee,758395205,get_category,102224,102187,Spare Parts for Automobiles,Phụ tùng ô tô,True,
vn,Shopee,758395205,get_category,102242,102224,Others,Khác,False,
vn,Shopee,758395205,get_category,102241,102224,CNG,Khí CNG,True,
vn,Shopee,758395205,get_category,102407,102241,Others,Khác,False,
vn,Shopee,758395205,get_category,102406,102241,Gas Kit,Bộ Gas,False,
vn,Shopee,758395205,get_category,102405,102241,Spare Parts,Phụ tùng,False,
vn,Shopee,758395205,get_category,102240,102224,External Parts,Bộ phận bên ngoài,True,
vn,Shopee,758395205,get_category,102404,102240,Others,Khác,False,
vn,Shopee,758395205,get_category,102403,102240,Wiper Fluid Reservoir,Bình nước gạt mưa,False,
vn,Shopee,758395205,get_category,102402,102240,Nut Covers,Ốc chụp,False,
vn,Shopee,758395205,get_category,102401,102240,Wiper Arms,Cần gạt mưa,False,
vn,Shopee,758395205,get_category,102400,102240,Wiper Motor,Mô tơ cần gạt mưa,False,
vn,Shopee,758395205,get_category,102399,102240,Horns,Còi,False,
vn,Shopee,758395205,get_category,102398,102240,Gas Struts,Ty đẩy gas,False,
vn,Shopee,758395205,get_category,102397,102240,Emblems,Logo xe,False,
vn,Shopee,758395205,get_category,102396,102240,Wiper Blades,Lưỡi cao su gạt mưa,False,
vn,Shopee,758395205,get_category,102395,102240,Rubbers,Cao su,False,
vn,Shopee,758395205,get_category,102239,102224,Internal Parts,Bộ phận bên trong,True,
vn,Shopee,758395205,get_category,102394,102239,Others,Khác,False,
vn,Shopee,758395205,get_category,102393,102239,Pedals,Bàn đạp,False,
vn,Shopee,758395205,get_category,102392,102239,Rear View Mirror,Gương chiếu hậu,False,
vn,Shopee,758395205,get_category,102391,102239,Glove Compartment,Hộp đựng găng tay,False,
vn,Shopee,758395205,get_category,102390,102239,Interior Lights,Đèn nội thất,False,
vn,Shopee,758395205,get_category,102389,102239,Gear Boot Cover,Bao cần số,False,
vn,Shopee,758395205,get_category,102388,102239,Stick Shift,Cần số,False,
vn,Shopee,758395205,get_category,102387,102239,Wires,Dây điện,False,
vn,Shopee,758395205,get_category,102386,102239,Handbrake Lever,Tay phanh tay,False,
vn,Shopee,758395205,get_category,102385,102239,Levers and Handles,Cần & Tay kéo,False,
vn,Shopee,758395205,get_category,102384,102239,Door Panel,Táp-lô cửa,False,
vn,Shopee,758395205,get_category,102383,102239,Trunk Interior Cover,Nắp thùng xe,False,
vn,Shopee,758395205,get_category,102382,102239,Shift Knobs,Núm vặn cần số,False,
vn,Shopee,758395205,get_category,102381,102239,Air Vents,Cửa gió điều hòa,False,
vn,Shopee,758395205,get_category,102380,102239,Arm Rest,Tựa tay,False,
vn,Shopee,758395205,get_category,102379,102239,Steering Wheel,Vô lăng,False,
vn,Shopee,758395205,get_category,102378,102239,Switches and Buttons,Công tắc & nút bấm,False,
vn,Shopee,758395205,get_category,102238,102224,Additive and Lubricant,Phụ gia & dầu bôi trơn,True,
vn,Shopee,758395205,get_category,102377,102238,Others,Khác,False,
vn,Shopee,758395205,get_category,102376,102238,Lubricant,Dầu nhờn,False,
vn,Shopee,758395205,get_category,102375,102238,Additive,Phụ gia,False,
vn,Shopee,758395205,get_category,102237,102224,Glass,Kính,True,
vn,Shopee,758395205,get_category,102374,102237,Others,Khác,False,
vn,Shopee,758395205,get_category,102373,102237,Windshield,Kính chắn gió,False,
vn,Shopee,758395205,get_category,102372,102237,Rear Windshield,Kính chắn gió sau,False,
vn,Shopee,758395205,get_category,102371,102237,Door Glass,Kính cửa,False,
vn,Shopee,758395205,get_category,102370,102237,Electric Power Window Roll-up,Kính hạ điện,False,
vn,Shopee,758395205,get_category,102236,102224,Transmission,Hộp số,True,
vn,Shopee,758395205,get_category,102369,102236,Others,Khác,False,
vn,Shopee,758395205,get_category,102368,102236,Tripod Joint,Khớp ba lá,False,
vn,Shopee,758395205,get_category,102367,102236,Bearings and Half-axles,Vòng bi & Bán trục,False,
vn,Shopee,758395205,get_category,102366,102236,Bearing Retainer,Vòng bi giữ,False,
vn,Shopee,758395205,get_category,102365,102236,Selector Valve and Wires,Cáp số & cáp ga,False,
vn,Shopee,758395205,get_category,102364,102236,Stick Shift,Cần số,False,
vn,Shopee,758395205,get_category,102363,102236,Clutches,Bộ nồi,False,
vn,Shopee,758395205,get_category,102235,102224,Air Conditioning,Điều hòa không khí,True,
vn,Shopee,758395205,get_category,102362,102235,Others,Khác,False,
vn,Shopee,758395205,get_category,102361,102235,Heating,Sưởi ấm,False,
vn,Shopee,758395205,get_category,102360,102235,Air Conditioner,Máy điều hòa,False,
vn,Shopee,758395205,get_category,102234,102224,Filters,Lọc,True,
vn,Shopee,758395205,get_category,102359,102234,Others,Khác,False,
vn,Shopee,758395205,get_category,102358,102234,Oil Filters,Lọc nhớt,False,
vn,Shopee,758395205,get_category,102357,102234,Fuel Filters,Lọc xăng,False,
vn,Shopee,758395205,get_category,102356,102234,Air Filters,Lọc gió,False,
vn,Shopee,758395205,get_category,102355,102234,Filters Kit,Bộ lọc,False,
vn,Shopee,758395205,get_category,102233,102224,Exhaust,Ống xả,True,
vn,Shopee,758395205,get_category,102354,102233,Others,Khác,False,
vn,Shopee,758395205,get_category,102353,102233,Exhaust Tip,Đuôi ống xả,False,
vn,Shopee,758395205,get_category,102352,102233,Catalytic Converter,Bộ chuyển đổi xúc tác,False,
vn,Shopee,758395205,get_category,102232,102224,Ignition,Hệ thống đánh lửa,True,
vn,Shopee,758395205,get_category,102351,102232,Others,Khác,False,
vn,Shopee,758395205,get_category,102350,102232,Distributors,Bộ chia điện,False,
vn,Shopee,758395205,get_category,102349,102232,Spark Plugs Wires,Dây cao áp,False,
vn,Shopee,758395205,get_category,102348,102232,Spark Plugs,Bugi,False,
vn,Shopee,758395205,get_category,102347,102232,Starter Motor,Mô tơ khởi động,False,
vn,Shopee,758395205,get_category,102346,102232,Alternators,Máy phát điện,False,
vn,Shopee,758395205,get_category,102345,102232,Ignition Coil,Bô bin đánh lửa,False,
vn,Shopee,758395205,get_category,102231,102224,Injection,Hệ thống phun nhiên liệu,True,
vn,Shopee,758395205,get_category,102344,102231,Others,Khác,False,
vn,Shopee,758395205,get_category,102343,102231,Idle Air Control Actuator,Van điều khiển hơi,False,
vn,Shopee,758395205,get_category,102342,102231,EGR Valve,Van EGR,False,
vn,Shopee,758395205,get_category,102341,102231,Pressure Regulator,Bộ điều áp,False,
vn,Shopee,758395205,get_category,102340,102231,Lambda Sensor,Cảm biến oxy,False,
vn,Shopee,758395205,get_category,102339,102231,Throttle Body,Cổ họng gió,False,
vn,Shopee,758395205,get_category,102338,102231,Injection Control Module,Bộ điều khiển phun nhiên liệu,False,
vn,Shopee,758395205,get_category,102337,102231,Sensors,Cảm biến,False,
vn,Shopee,758395205,get_category,102336,102231,Fuel Injectors,Kim phun nhiên liệu,False,
vn,Shopee,758395205,get_category,102230,102224,Suspension and Steering,Hệ thống treo và lái,True,
vn,Shopee,758395205,get_category,102335,102230,Others,Khác,False,
vn,Shopee,758395205,get_category,102334,102230,Tie Rod End,Rô-tuyn lái,False,
vn,Shopee,758395205,get_category,102333,102230,Sway Bars,Thanh cân bằng,False,
vn,Shopee,758395205,get_category,102332,102230,Stabilizer Links,Thanh cân bằng,False,
vn,Shopee,758395205,get_category,102331,102230,Bearings,Vòng bi,False,
vn,Shopee,758395205,get_category,102330,102230,Rubber-metal Buffer,Cao su giảm chấn,False,
vn,Shopee,758395205,get_category,102329,102230,Wheel Hub,Moay ơ,False,
vn,Shopee,758395205,get_category,102328,102230,Ball Joint,Rô-tuyn càng A,False,
vn,Shopee,758395205,get_category,102327,102230,Hydraulic Pump,Bơm thủy lực,False,
vn,Shopee,758395205,get_category,102326,102230,Springs,Lò xo,False,
vn,Shopee,758395205,get_category,102325,102230,Drive shafts,Trục các-đăng,False,
vn,Shopee,758395205,get_category,102324,102230,Suspension Mounts,Cao su chống rung,False,
vn,Shopee,758395205,get_category,102323,102230,Control and Suspension Arms,Tay điều khiển & Treo,False,
vn,Shopee,758395205,get_category,102322,102230,Bushes,Cao su,False,
vn,Shopee,758395205,get_category,102321,102230,Steering Gear,Bộ trợ lực lái,False,
vn,Shopee,758395205,get_category,102320,102230,Shock Absorbers,Giảm xóc,False,
vn,Shopee,758395205,get_category,102229,102224,Brakes,Phanh,True,
vn,Shopee,758395205,get_category,102319,102229,Others,Khác,False,
vn,Shopee,758395205,get_category,102318,102229,Brake Pumps,Xi lanh phanh,False,
vn,Shopee,758395205,get_category,102317,102229,Brake Hoses,Ống mềm phanh,False,
vn,Shopee,758395205,get_category,102316,102229,Brake Drum,Tang trống phanh,False,
vn,Shopee,758395205,get_category,102315,102229,Brake Kit,Bộ phanh,False,
vn,Shopee,758395205,get_category,102314,102229,Brake Calipers,Heo phanh,False,
vn,Shopee,758395205,get_category,102313,102229,Handbrake Cable,Dây phanh tay,False,
vn,Shopee,758395205,get_category,102312,102229,Brake Shoe,Guốc phanh,False,
vn,Shopee,758395205,get_category,102311,102229,Brake Servo,Trợ lực phanh,False,
vn,Shopee,758395205,get_category,102310,102229,ABS Sensor,Cảm biến ABS,False,
vn,Shopee,758395205,get_category,102309,102229,Brake Discs,Đĩa phanh,False,
vn,Shopee,758395205,get_category,102308,102229,Brake Cylinders,Xi lanh phanh,False,
vn,Shopee,758395205,get_category,102307,102229,Brake Pads,Má phanh,False,
vn,Shopee,758395205,get_category,102228,102224,Electrical System,Hệ thống điện,True,
vn,Shopee,758395205,get_category,102306,102228,Others,Khác,False,
vn,Shopee,758395205,get_category,102305,102228,Batteries,Bình ắc quy,False,
vn,Shopee,758395205,get_category,102304,102228,Fuses,Cầu chì,False,
vn,Shopee,758395205,get_category,102303,102228,Electrical System,Hệ thống điện,False,
vn,Shopee,758395205,get_category,102227,102224,Lighting,Hệ thống chiếu sáng,True,
vn,Shopee,758395205,get_category,102302,102227,Others,Khác,False,
vn,Shopee,758395205,get_category,102301,102227,Bulbs,Bóng đèn,False,
vn,Shopee,758395205,get_category,102300,102227,Lenses,Thấu kính đèn pha,False,
vn,Shopee,758395205,get_category,102299,102227,Fog Lights,Đèn sương mù,False,
vn,Shopee,758395205,get_category,102298,102227,Taillights,Đèn hậu,False,
vn,Shopee,758395205,get_category,102297,102227,Headlights and Front Kit,Đèn pha & Cản trước,False,
vn,Shopee,758395205,get_category,102226,102224,Body,Thân xe,True,
vn,Shopee,758395205,get_category,102296,102226,Others,Khác,False,
vn,Shopee,758395205,get_category,102295,102226,Fog Light Covers,Chụp đèn sương mù,False,
vn,Shopee,758395205,get_category,102294,102226,Body Side Molding,Nẹp hông thân xe,False,
vn,Shopee,758395205,get_category,102293,102226,Fenders,Chắn bùn,False,
vn,Shopee,758395205,get_category,102292,102226,Fuel Tank,Bình xăng,False,
vn,Shopee,758395205,get_category,102291,102226,Car Door Handle,Tay nắm cửa,False,
vn,Shopee,758395205,get_category,102290,102226,Door and Dashboard,Cửa xe & Bảng điều khiển,False,
vn,Shopee,758395205,get_category,102289,102226,Bumper Racks,Giá đỡ ống xả,False,
vn,Shopee,758395205,get_category,102288,102226,Bumper Support Brackets,Chân đế cản,False,
vn,Shopee,758395205,get_category,102287,102226,Bumper Grilles,Nẹt cản,False,
vn,Shopee,758395205,get_category,102286,102226,Bumpers,Cản xe,False,
vn,Shopee,758395205,get_category,102285,102226,Side Mirrors,Gương chiếu hậu,False,
vn,Shopee,758395205,get_category,102225,102224,Engine,Động cơ,True,
vn,Shopee,758395205,get_category,102284,102225,Others,Khác,False,
vn,Shopee,758395205,get_category,102283,102225,Pistons,Piston,False,
vn,Shopee,758395205,get_category,102282,102225,Carburetors,Bộ chế hòa khí,False,
vn,Shopee,758395205,get_category,102281,102225,Turbines,Tăng áp,False,
vn,Shopee,758395205,get_category,102280,102225,Engine Mounts,Cao su chân máy,False,
vn,Shopee,758395205,get_category,102279,102225,Hoses,Ống mềm,False,
vn,Shopee,758395205,get_category,102278,102225,Distribution and Belts,Dây curoa,False,
vn,Shopee,758395205,get_category,102277,102225,Gasket Sets,Gioăng (Đệm làm kín),False,
vn,Shopee,758395205,get_category,102276,102225,Pumps,Bơm,False,
vn,Shopee,758395205,get_category,102275,102225,Thermatic Fans,Quạt giải nhiệt,False,
vn,Shopee,758395205,get_category,102274,102225,Radiators,Két nước,False,
vn,Shopee,758395205,get_category,102273,102225,Engine Components,Bộ phận động cơ,False,
vn,Shopee,758395205,get_category,102188,102187,Heavy Duty and Boats,Xe hạng nặng và tàu thuyền,True,
vn,Shopee,758395205,get_category,102211,102188,Accessories for Boats,Phụ kiện tàu thuyền,True,
vn,Shopee,758395205,get_category,102221,102211,Others,Khác,False,
vn,Shopee,758395205,get_category,102220,102211,Cleaning and Maintenance,Vệ sinh & Bảo trì,False,
vn,Shopee,758395205,get_category,102219,102211,Safety and Rescue,An toàn & Cứu hộ,False,
vn,Shopee,758395205,get_category,102218,102211,Navigation Systems,Hệ thống dẫn đường,False,
vn,Shopee,758395205,get_category,102217,102211,Cabin Interior,Nội thất cabin,False,
vn,Shopee,758395205,get_category,102216,102211,Protection and Transport,Bảo vệ & Vận chuyển,False,
vn,Shopee,758395205,get_category,102215,102211,Lighting,Hệ thống chiếu sáng,False,
vn,Shopee,758395205,get_category,102214,102211,Anchoring and Mooring,Neo đậu & Buộc dây,False,
vn,Shopee,758395205,get_category,102212,102211,Water Pumps and Filters,Bơm nước & Lọc,False,
vn,Shopee,758395205,get_category,102204,102188,Spare Parts for Boats,Phụ tùng tàu thuyền,True,
vn,Shopee,758395205,get_category,102603,102204,Sailing,Hệ thống lái,False,
vn,Shopee,758395205,get_category,102210,102204,Others,Khác,False,
vn,Shopee,758395205,get_category,102209,102204,Hardware and Fasteners,Phần cứng & Ốc vít,False,
vn,Shopee,758395205,get_category,102207,102204,Control and Navigation,Điều khiển & Dẫn đường,False,
vn,Shopee,758395205,get_category,102206,102204,Deck and Cabin,Sàn tàu & Cabin,False,
vn,Shopee,758395205,get_category,102205,102204,Engine and Spare Parts,Động cơ & Phụ tùng,False,
vn,Shopee,758395205,get_category,102200,102188,Accessories for Heavy Duty Vehicles,Phụ kiện xe hạng nặng,True,
vn,Shopee,758395205,get_category,102203,102200,Others,Khác,False,
vn,Shopee,758395205,get_category,102202,102200,Cabin Exterior,Ngoại thất cabin,False,
vn,Shopee,758395205,get_category,102201,102200,Cabin Interior,Nội thất cabin,False,
vn,Shopee,758395205,get_category,102189,102188,Spare Parts for Heavy Duty Vehicles,Phụ tùng xe hạng nặng,True,
vn,Shopee,758395205,get_category,102199,102189,Others,Khác,False,
vn,Shopee,758395205,get_category,102198,102189,Body,Thân xe,False,
vn,Shopee,758395205,get_category,102197,102189,Filters,Lọc,False,
vn,Shopee,758395205,get_category,102196,102189,Cooling System,Hệ thống làm mát,False,
vn,Shopee,758395205,get_category,102195,102189,Engine,Động cơ,False,
vn,Shopee,758395205,get_category,102194,102189,Brakes,Phanh,False,
vn,Shopee,758395205,get_category,102192,102189,Suspension and Steering,Hệ thống treo & lái,False,
vn,Shopee,758395205,get_category,102191,102189,Lighting,Đèn chiếu sáng,False,
vn,Shopee,758395205,get_category,102190,102189,Exterior Parts,Phụ kiện ngoại thất,False,
